ID,Bezeichnung_DE,Synonyme_DE,Hauptgruppe_Original,Schwerpunkt,Hauptgruppe_Final,Hauptgruppe_Begründung,Parent_subClassOf_ID,Parent_partOf_ID,Begründung_optional
10000,Sonstiges Teil,,5 Sonstige,,5 Sonstige,,,,
10001,Abdeckung Verteiler,,2 Motorraum,,2 Motorraum,,,,
10002,Abschirmblech,,2 Motorraum,,2 Motorraum,,,,
10003,Pumpe ABS,,2 Motorraum,,2 Motorraum,,20031,,
10004,Airbag,,4 Innenraum,,4 Innenraum,,20020,,
10005,Ansaugkrümmer,Saugstutzen; Saugrohr Unterteil,2 Motorraum,,2 Motorraum,,,,
10006,Antenne Dach,,3 Karosserie,Karosserie (Pflicht),3 Karosserie,,20005,,
10007,Aufprallträger,,3 Karosserie,Karosserie (Pflicht),3 Karosserie,,20000,,
10008,Auspuffanlage,Auspuff komplett,1 Unterboden,,1 Unterboden,,,,
10009,Auspuffkrümmer,Abgaskrümmer,2 Motorraum,,2 Motorraum,,,,
10010,Auspuffrohr,,1 Unterboden,,1 Unterboden,,,,
10011,Auspufftopf,Schalldaempfer; Schalldämpfer,1 Unterboden,,1 Unterboden,,,,
10012,Behälter Aktivkohle,,2 Motorraum,,2 Motorraum,,,,
10013,Behälter Bremsflüssigkeit,,2 Motorraum,,2 Motorraum,,20031,,
10014,Behälter Heckwischer,Behälter Heckwischer Waschanlage,3 Karosserie,Karosserie (Pflicht),3 Karosserie,,,,
10015,Behälter Kühlwasser,,2 Motorraum,,2 Motorraum,,,,
10016,Behälter Niveauregulierung,,2 Motorraum,,2 Motorraum,,,,
10017,Behälter Scheibenwaschanlage,,2 Motorraum,,2 Motorraum,,,,
10018,Behälter Scheinwerferwaschanlage,,2 Motorraum,,2 Motorraum,,,,
10019,Behälter Servolenköl,,2 Motorraum,,2 Motorraum,,30000,,
10020,Behälter SRA,,2 Motorraum,,2 Motorraum,,,,
10021,Behälter Zentralverriegelung,,2 Motorraum,,2 Motorraum,,,,
10022,Bügelpumpe,,2 Motorraum,,2 Motorraum,,,,
10023,Dämpfer Hecktür,,3 Karosserie,Karosserie (Pflicht),3 Karosserie,,20014,,
10024,Deckel Achsgetriebe,,1 Unterboden,,1 Unterboden,,,,
10025,Deckel Sicherungskasten,,2 Motorraum,,2 Motorraum,,,,
10026,Drehmomentwandler,Wandler; Transformator,2 Motorraum,,2 Motorraum,,,,
10027,Drehzahlfühler,,2 Motorraum,,2 Motorraum,,,,
10028,Drosselklappe,Drosselklappenteil,2 Motorraum,,2 Motorraum,,,,
10029,Drosselklappenpotenziometer,,2 Motorraum,,2 Motorraum,,,,
10030,Drosselklappenstutzen,,2 Motorraum,,2 Motorraum,,,,
10031,Düsenstöcke,,2 Motorraum,,2 Motorraum,,,,
10032,Einspritzdüse,,2 Motorraum,,2 Motorraum,,,,
10033,Einspritzleitung,Leitung Einspritzdüsen; Leitung Einspritzduesen,2 Motorraum,,2 Motorraum,,,,
10034,Einspritzpumpe,Dieselpumpe,2 Motorraum,,2 Motorraum,,,,
10035,Einspritzpumpenkonsole,,2 Motorraum,,2 Motorraum,,,,
10036,Einspritzpumpenzahnrad,,2 Motorraum,,2 Motorraum,,,,
10037,Fanghaken Klappe,,3 Karosserie,Karosserie (Pflicht),3 Karosserie,,20002,,
10038,Führungsgelenk,,2 Motorraum,,2 Motorraum,,,,
10039,Führungsrolle,,2 Motorraum,,2 Motorraum,,,,
10040,Gaszug,,2 Motorraum,,2 Motorraum,,,,
10041,Getriebebock,,2 Motorraum,,2 Motorraum,,,,
10042,Getriebestütze,,2 Motorraum,,2 Motorraum,,,,
10043,Glühkerze,,2 Motorraum,,2 Motorraum,,,,
10044,Grundplatte,,2 Motorraum,,2 Motorraum,,,,
10045,Gurtschloss,,4 Innenraum,,4 Innenraum,,20021,,
10046,Gurtstraffer,,4 Innenraum,,4 Innenraum,,20021,,
10047,Halter für Generator,Generatorhalter; Halter Lichtmaschine; Lichtmaschinenhalter,2 Motorraum,,2 Motorraum,,,,
10048,Halter für Kompressor,,2 Motorraum,,2 Motorraum,,,,
10049,Halter für Nebelscheinwerfer,Nebelscheinwerferhalter,2 Motorraum,,2 Motorraum,,,,
10050,Halter für Ölbehälter,Oelbehaelterhalter; Ölbehälterhalter,2 Motorraum,,2 Motorraum,,,,
10051,Halter für Pralldämpfer,Pralldeampferhalter; Pralldämpferhalter,2 Motorraum,,2 Motorraum,,,,
10052,Halter für Querlenker,Querlenkerhalter,2 Motorraum,,2 Motorraum,,30000,,
10053,Halter für Servopumpe,Halter Pumpe Servolenkung; Servolenkungspumpenhalter,2 Motorraum,,2 Motorraum,,,,
10054,Hardyscheibe,,1 Unterboden,,1 Unterboden,,,,
10055,Hebeschiene,,2 Motorraum,,2 Motorraum,,,,
10056,Heizungsbetätigung (Konsole),,4 Innenraum,,4 Innenraum,,,,
10057,Heizungskühler,Wärmeaustauscher; Heizungs-Wärmetauscher,2 Motorraum,,2 Motorraum,,,,
10058,Hosenrohr,,1 Unterboden,,1 Unterboden,,,,
10059,Innenbetätigung,,4 Innenraum,,4 Innenraum,,,,
10060,Instrumententräger,,4 Innenraum,,4 Innenraum,,,,
10061,Kabel Instrumententräger,,4 Innenraum,,4 Innenraum,,,,
10062,Katalysator mit Lambdasonde,Abgasfilter; Schadstoffreduzierstueck; Schadstoffreduzierstück; Kat,1 Unterboden,,1 Unterboden,,,,
10063,Keilriemen,,2 Motorraum,,2 Motorraum,,,,
10064,Keilriemenscheibe,Umlenkrolle,2 Motorraum,,2 Motorraum,,,,
10065,Kennzeichenverstärkung,,3 Karosserie,Karosserie (Pflicht),3 Karosserie,,,,
10066,Klappenscharnier,,3 Karosserie,Karosserie (Pflicht),3 Karosserie,,20002,,
10067,Klappenschlosszug,Betaetigungszug Motorhaube; Klappenschloßzug; Betätigungszug Motorhaube,3 Karosserie,Karosserie (Pflicht),3 Karosserie,,20002,,
10068,Klappenstützen,,3 Karosserie,Karosserie (Pflicht),3 Karosserie,,20002,,
10069,Klimaanlage Trocknerflasche,,2 Motorraum,,2 Motorraum,,,,
10070,Klimakompressor,Kompressor Klimaanlage,2 Motorraum,,2 Motorraum,,,,
10071,Klimakondensator,Kondensator Klimaanlage,2 Motorraum,,2 Motorraum,,,11898,
10072,Klimakupplung,Kupplung Klimaanlage,2 Motorraum,,2 Motorraum,,,,
10073,Klimalüfter,Lüfter Klimaanlage,2 Motorraum,,2 Motorraum,,,,
10074,Klimamagnetventil,Magnetventil Klimaanlage,2 Motorraum,,2 Motorraum,,,,
10075,Klimaverdampfer,Verdampfer Klimaanlage,2 Motorraum,,2 Motorraum,,,,
10076,Kolben,,2 Motorraum,,2 Motorraum,,,,
10077,Koppelstange,Verbindungsstange Stabilisator,1 Unterboden,,1 Unterboden,,30000,,
10078,Kraftstoffdämpfer,,2 Motorraum,,2 Motorraum,,,,
10079,Kraftstoffdruckregelung,,2 Motorraum,,2 Motorraum,,,,
10080,Kraftstoffleitung,Ansaugleitung,2 Motorraum,,2 Motorraum,,,,
10081,Kraftstoffmengenteiler,,2 Motorraum,,2 Motorraum,,,,
10082,Kraftstoffpumpe,Pumpe Benzin; Benzinpumpe,2 Motorraum,,2 Motorraum,,,,
10083,Kraftstoffspeicher,,2 Motorraum,,2 Motorraum,,,,
10084,Kühler,Wasserkühler; Motorkühler,2 Motorraum,,2 Motorraum,,,11898,
10085,Kühlerschlauch,,2 Motorraum,,2 Motorraum,,,,
10086,Kühlerträger,,2 Motorraum,,2 Motorraum,,,11898,
10087,Kühlerverschluss,Kühlerdeckel,2 Motorraum,,2 Motorraum,,,,
10088,Kugelkopf Anhängerkupplung,,3 Karosserie,Karosserie (Pflicht),5 Sonstige,Klassisches Zubehörteil,20011,,
10089,Kupplungsnadellager,,2 Motorraum,,2 Motorraum,,,,
10090,Kupplung,,2 Motorraum,,2 Motorraum,,,,
10091,Kupplungsausrücklager,,2 Motorraum,,2 Motorraum,,,,
10092,Kupplungsdruckplatte,,2 Motorraum,,2 Motorraum,,,,
10093,Kupplungsgeberzylinder,,2 Motorraum,,2 Motorraum,,,,
10094,Kupplungsmitnehmerscheibe,,2 Motorraum,,2 Motorraum,,,,
10095,Kupplungsnehmerzylinder,,2 Motorraum,,2 Motorraum,,,,
10096,Kupplungszug,,2 Motorraum,,2 Motorraum,,,,
10097,Ladeluftkühler,Ladeluft-Kühler,2 Motorraum,,2 Motorraum,,,11898,Optional
10098,Längsträger,,1 Unterboden,,1 Unterboden,,,,
10099,Lüftergehäuse,,2 Motorraum,,2 Motorraum,,,,
10100,Lüfterkupplung,Lüfterviskokupplung,2 Motorraum,,2 Motorraum,,,,
10101,Lüfterrad,,2 Motorraum,,2 Motorraum,,,,
10102,Lüfterring,,2 Motorraum,,2 Motorraum,,,,
10103,Luftdämpfer,,2 Motorraum,,2 Motorraum,,,,
10104,Luftdüsengehäuse,,2 Motorraum,,2 Motorraum,,,,
10105,Luftfiltergehäuse,Ansauggeräuschfilter; Adsorbierungsfiltergehäuse,2 Motorraum,,2 Motorraum,,,,
10106,Luftmassenmesser,,2 Motorraum,,2 Motorraum,,,,
10107,Magnetkupplung,,2 Motorraum,,2 Motorraum,,,,
10108,Motorbock,Motorhalterung,2 Motorraum,,2 Motorraum,,,,
10109,Motorhaubenscharnier,,3 Karosserie,Karosserie (Pflicht),3 Karosserie,,20002,,
10110,Motorhaubenzug,,3 Karosserie,Karosserie (Pflicht),3 Karosserie,,20002,,
10111,Motorträger,,1 Unterboden,,1 Unterboden,,,,
10112,Netztrennwand,,4 Innenraum,,4 Innenraum,,,,
10113,Nockenwelle,,2 Motorraum,,2 Motorraum,,,,
10114,Nockenwellenversteller,Zylinder Höhenverstellung; Vanos,2 Motorraum,,2 Motorraum,,,,
10115,Ölfilter,,2 Motorraum,,2 Motorraum,,,,
10116,Ölfilterträger,Ölfilterhalter,2 Motorraum,,2 Motorraum,,,,
10117,Ölkühler,,2 Motorraum,,2 Motorraum,,,11898,Optional
10118,Ölmessstab,Peilstab,2 Motorraum,,2 Motorraum,,,,
10119,Ölpumpe,,2 Motorraum,,2 Motorraum,,,,
10120,Ölwanne,,1 Unterboden,,1 Unterboden,,,,
10121,OT-Geber,OT-Sensor,2 Motorraum,,2 Motorraum,,,,
10122,Pedalwerk,,4 Innenraum,,4 Innenraum,,,,
10123,Pleuel,,2 Motorraum,,2 Motorraum,,,,
10124,Pralldämpfer,Aufpralldämpfer,3 Karosserie,Karosserie (Pflicht),3 Karosserie,,20002,,
10125,Querträger,Querträger vorn geschraubt,3 Karosserie,Karosserie (Pflicht),3 Karosserie,,20002,,
10126,Riemenscheibe für Pumpe,,2 Motorraum,,2 Motorraum,,,,
10127,Riemenspanner,,2 Motorraum,,2 Motorraum,,,,
10128,Rollenraste,,2 Motorraum,,2 Motorraum,,,,
10129,Schaltgestänge,,2 Motorraum,,2 Motorraum,,,,
10130,Schalthebel,Schaltknauf,4 Innenraum,,4 Innenraum,,,,
10131,Scheibenwaschdüse,,3 Karosserie,Karosserie (Pflicht),3 Karosserie,,20001,,
10132,Scheinwerfertragrahmen,,3 Karosserie,Karosserie (Pflicht),3 Karosserie,,20003,,
10133,Schiebedach,,3 Karosserie,Karosserie (Pflicht),3 Karosserie,,20005,,
10134,Schiebedachdeckel,,3 Karosserie,Karosserie (Pflicht),3 Karosserie,,20005,,
10135,Schließbolzen,,3 Karosserie,Karosserie (Pflicht),3 Karosserie,,20002,,
10136,Schließplatte,,3 Karosserie,Karosserie (Pflicht),3 Karosserie,,20002,,
10137,Schließzylinder,,3 Karosserie,Karosserie (Pflicht),3 Karosserie,,,,
10138,Schließzylinder Heckdeckel,,3 Karosserie,Karosserie (Pflicht),3 Karosserie,,20014,,
10139,Schließzylinder Hecktür,Drucktaste mit Schließzylinder,3 Karosserie,Karosserie (Pflicht),3 Karosserie,,20014,10349,Parent part auch 10532-10535
10140,Schließzylinder Satz,,3 Karosserie,Karosserie (Pflicht),3 Karosserie,,,,
10141,Schließzylinder Schiebetür,,3 Karosserie,Karosserie (Pflicht),3 Karosserie,,20009,10352,"Parent part auch 10556,10557"
10142,Schloss Heckdeckel,Schloss Heckklappe,3 Karosserie,Karosserie (Pflicht),3 Karosserie,,20014,,
10143,Schloss Hecktür,Klappenschloss; Kofferraumverschluss,3 Karosserie,Karosserie (Pflicht),3 Karosserie,,20014,10349,Parent part auch 10532-10535
10144,Schloss Motorhaube,,3 Karosserie,Karosserie (Pflicht),3 Karosserie,,20002,,
10145,Schlosszapfen,,3 Karosserie,Karosserie (Pflicht),3 Karosserie,,20014,,
10146,Schubstrebe,,2 Motorraum,,2 Motorraum,,,,
10147,Schwerkraftventil,,2 Motorraum,,2 Motorraum,,,,
10148,Schwingungsdämpfer Motor,,2 Motorraum,,2 Motorraum,,,,
10149,Servopumpe,Pumpe Servolenkung,2 Motorraum,,2 Motorraum,,,,
10150,Spannband Tank,,1 Unterboden,,1 Unterboden,,,,
10151,Spiegelglas,,3 Karosserie,Karosserie (Pflicht),3 Karosserie,,,,
10152,Stellelement für Zentralverriegelung,,3 Karosserie,Karosserie (Pflicht),3 Karosserie,,,,
10153,Steuerkette,,2 Motorraum,,2 Motorraum,,,,
10154,Stütze Heckwischer,,3 Karosserie,Karosserie (Pflicht),3 Karosserie,,20014,,
10155,Stütze Schalttafel,,4 Innenraum,,4 Innenraum,,,,
10156,Stützlager,,2 Motorraum,,2 Motorraum,,,,
10157,Sturzstrebe,,2 Motorraum,,2 Motorraum,,,,
10158,Tachowelle,,2 Motorraum,,2 Motorraum,,,,
10159,Tank,Kraftstoffbehälter; Benzintank; Brennstoffbehälter; Benzinbehälter; Dieseltank; Dieselbehälter,1 Unterboden,,1 Unterboden,,,,
10160,Tankeinfüllstutzen,,1 Unterboden,,1 Unterboden,,,,
10161,Tankklappe,Klappe Kraftstoffeinfüllstutzen; Klappe Einfüllstutzen,3 Karosserie,Karosserie (Pflicht),3 Karosserie,,20011,,
10162,Tankklappenzug,,3 Karosserie,Karosserie (Pflicht),3 Karosserie,,20012,,
10163,Tankverschluss,Verschlussdeckel; Tankdeckel,3 Karosserie,Karosserie (Pflicht),3 Karosserie,,20011,,
10164,Thermodeckel,,2 Motorraum,,2 Motorraum,,,,
10165,Thermostat,Temperaturregler,2 Motorraum,,2 Motorraum,,,,
10166,Thermostatgehäuse,,2 Motorraum,,2 Motorraum,,,,
10167,Türbremse,,3 Karosserie,Karosserie (Pflicht),3 Karosserie,,20009,10355,
10168,Türfeststeller,,3 Karosserie,Karosserie (Pflicht),3 Karosserie,,20009,10355,
10169,Türschloss,Schloss Tuer,3 Karosserie,Karosserie (Pflicht),3 Karosserie,,20009,10355,
10170,Turbolader,G-Lader,2 Motorraum,,2 Motorraum,,,,
10171,Vakuumpumpe,Pumpe Vakuum,2 Motorraum,,2 Motorraum,,,,
10172,Ventildeckel,,2 Motorraum,,2 Motorraum,,,,
10173,Verdampfergehäuse,Heizungsgehäuse; Gebläsegehäuse; Gebläsekasten,4 Innenraum,,4 Innenraum,,,,
10174,Vergaser,,2 Motorraum,,2 Motorraum,,,,
10175,Vergaserflansch,,2 Motorraum,,2 Motorraum,,,,
10176,Verteilerfinger,,2 Motorraum,,2 Motorraum,,,,
10177,Verteilergetriebe,,2 Motorraum,,2 Motorraum,,,,
10178,Verteilerkappe,Zündverteilerkopf,2 Motorraum,,2 Motorraum,,,,
10179,Vorderwand,,3 Karosserie,Karosserie (Pflicht),3 Karosserie,,,,
10180,Wasserpumpe,,2 Motorraum,,2 Motorraum,,,,
10181,Wischerarm,,3 Karosserie,Karosserie (Pflicht),3 Karosserie,,,,
10182,Wischergetriebe,,3 Karosserie,Karosserie (Pflicht),3 Karosserie,,,,
10183,Zahnriemenscheibe Kurbelwelle,Spannrolle Kurbelwelle,2 Motorraum,,2 Motorraum,,,,
10184,Zahnriemenscheibe Nockenwelle,Spannrolle Nockenwelle,2 Motorraum,,2 Motorraum,,,,
10185,Zahnriemenschutz,Zahnriemenverkleidung,2 Motorraum,,2 Motorraum,,,,
10186,Zentralverriegelungspumpe,Pumpe Zentralverrriegelung,4 Innenraum,,4 Innenraum,,,,
10187,Zugstrebe,,1 Unterboden,,1 Unterboden,,30000,,
10188,Zusatzluftschieber,,4 Innenraum,,4 Innenraum,,,,
10189,Airbag Kontakteinheit,Airbag Wickelfeder,4 Innenraum,,4 Innenraum,,20020,,
10190,Anlasser,Starter,2 Motorraum,,2 Motorraum,,,,
10191,Antenne elektrisch,,3 Karosserie,Karosserie (Pflicht),3 Karosserie,,,,
10192,Blinker,Blinkleuchte; Lichtsignalgeber,3 Karosserie,Karosserie (Pflicht),3 Karosserie,,,,
10193,Blinker Außenspiegel,,3 Karosserie,Karosserie (Pflicht),3 Karosserie,,20008,10609,"Parent Part auch 10584-10586, 10602-10605"
10194,Blinker Kotflügel,,3 Karosserie,Karosserie (Pflicht),3 Karosserie,,20003,10610,"Parent Part no ist auch 10350, 10567-10569"
10195,Blinkerschalter,Blinkerkombischalter,4 Innenraum,,4 Innenraum,,,,
10196,Bordcomputer,,4 Innenraum,,4 Innenraum,,,,
10197,Bordcomputer Display,Info-Display,4 Innenraum,,4 Innenraum,,,,
10198,CD-Player,,4 Innenraum,,4 Innenraum,,,,
10199,CD-Wechsler,,4 Innenraum,,4 Innenraum,,,,
10200,Drehzahlmesser,Tourenzähler,4 Innenraum,,4 Innenraum,,,,
10201,DVD-Player,,4 Innenraum,,4 Innenraum,,,,
10202,Einspritzanlage Benzin,Einspritzeinheit; Einspritzunterteil Monopoint,2 Motorraum,,2 Motorraum,,,,
10203,Elektro Einbausatz,,2 Motorraum,,2 Motorraum,,,,
10204,Elektrolüfter,,2 Motorraum,,2 Motorraum,,,11898,
10205,Fensterheber,,3 Karosserie,Karosserie (Pflicht),3 Karosserie,,20009,,
10206,Hauptfernscheinwerfer,Scheinwerfereinsatz; Fernscheinwerfer,3 Karosserie,Karosserie (Pflicht),3 Karosserie,,20003,,
10207,Fernscheinwerfer,,3 Karosserie,Karosserie (Pflicht),3 Karosserie,,20003,,
10208,Freisprecheinrichtung,,4 Innenraum,,4 Innenraum,,,,
10209,Gebläsemotor,Heizgebläse,4 Innenraum,,4 Innenraum,,,,
10210,Hauptscheinwerfer,Doppelscheinwerfer komplett,3 Karosserie,Karosserie (Pflicht),3 Karosserie,,20003,,
10211,Heizungsregler,,4 Innenraum,,4 Innenraum,,,,
10212,Hupe,Signalhorn; Fanfare,2 Motorraum,,2 Motorraum,,,,
10213,Innenleuchte,,4 Innenraum,,4 Innenraum,,,,
10214,Instrumentenkombination,,4 Innenraum,,4 Innenraum,,,,
10215,Kabel Airbag,,4 Innenraum,,4 Innenraum,,20020,,
10216,Kabel Kühlergebläse,,4 Innenraum,,4 Innenraum,,,,
10217,Kabel Lichtmaschine,,2 Motorraum,,2 Motorraum,,,,
10218,Kabel Motor,,2 Motorraum,,2 Motorraum,,,,
10219,Kabel Sitzheizung,,4 Innenraum,,4 Innenraum,,,,
10220,Kabel Tür,,3 Karosserie,Karosserie (Pflicht),3 Karosserie,,20008,10355,
10221,Kabel Zündung,,4 Innenraum,,4 Innenraum,,,,
10222,Kaltstartventil,,2 Motorraum,,2 Motorraum,,,,
10223,Kennzeichenleuchte,,3 Karosserie,Karosserie (Pflicht),3 Karosserie,,20013,,
10224,Kombischalter,,4 Innenraum,,4 Innenraum,,,,
10225,Kontrollleuchte,,4 Innenraum,,4 Innenraum,,,,
10226,Kurbelwellensensor,,2 Motorraum,,2 Motorraum,,,,
10227,Lambdasonde,Lamdasonde; O2-Sensor,1 Unterboden,,1 Unterboden,,,,
10228,Lautsprecher,,4 Innenraum,,4 Innenraum,,,,
10229,Leerlaufregler,,2 Motorraum,,2 Motorraum,,,,
10230,Lichtmaschine,Generator,2 Motorraum,,2 Motorraum,,,,
10231,Luftmengenmesser,,2 Motorraum,,2 Motorraum,,,,
10232,Massekabel,,2 Motorraum,,2 Motorraum,,,,
10233,Motor Fensterheber,Fensterhebermotor,3 Karosserie,Karosserie (Pflicht),3 Karosserie,,20009,,
10234,Motor Klappscheinwerfer,Klappscheinwerfermotor,3 Karosserie,Karosserie (Pflicht),3 Karosserie,,20003,,
10235,Motor Kopfstützenverstellung,Kopfstützenverstellungsmotor; Motor Koppfstützenverstellung,4 Innenraum,,4 Innenraum,,,,
10236,Motor Leuchtweitenregulierung,Leutweitenregulierungsmotor,3 Karosserie,Karosserie (Pflicht),3 Karosserie,,20003,,
10237,Motor Schiebedach,Schiebedachmotor,3 Karosserie,Karosserie (Pflicht),3 Karosserie,,20008,,
10238,Motor Verdeck,Verdeckmotor,3 Karosserie,Karosserie (Pflicht),3 Karosserie,,20008,10340,
10239,Navigationssystem,,4 Innenraum,,4 Innenraum,,,,
10240,Nebelscheinwerfer,Nebellampe; Einsatz Nebelscheinwerf,3 Karosserie,Karosserie (Pflicht),3 Karosserie,,20003,11084,
10241,Nebelschlussleuchte,Nebel-Schlussleuchte,3 Karosserie,Karosserie (Pflicht),3 Karosserie,,20013,,
10242,Neigungsmesser,,4 Innenraum,,4 Innenraum,,,,
10243,Nockenwellensensor,,2 Motorraum,,2 Motorraum,,,,
10244,Öldruckanzeige,,4 Innenraum,,4 Innenraum,,,,
10245,Ölstandssensor,,2 Motorraum,,2 Motorraum,,,,
10246,Öltemperaturanzeige,,4 Innenraum,,4 Innenraum,,,,
10247,Parkleuchte,,3 Karosserie,Karosserie (Pflicht),3 Karosserie,,,,
10248,Radio,,4 Innenraum,,4 Innenraum,,,,
10249,Relais für ABS,,2 Motorraum,,2 Motorraum,,20031,,
10250,Relais für Blinklicht,,2 Motorraum,,2 Motorraum,,,,
10251,Relais für Fensterheber,,2 Motorraum,,2 Motorraum,,,,
10252,Relais für heizbare Heckscheibe,,2 Motorraum,,2 Motorraum,,,,
10253,Relais für Intervallschaltung,,2 Motorraum,,2 Motorraum,,,,
10254,Relais für Klimaanlage,,2 Motorraum,,2 Motorraum,,,,
10255,Relais für Kraftstoffpumpe,,2 Motorraum,,2 Motorraum,,,,
10256,Relais für Lüfter,Schaltanlage Lüfter,2 Motorraum,,2 Motorraum,,,,
10257,Relais fürNebelschlussleuchte,,2 Motorraum,,2 Motorraum,,,,
10258,Relais für Vorwärmung,,2 Motorraum,,2 Motorraum,,,,
10259,Relais für X-Kontakt,,2 Motorraum,,2 Motorraum,,,,
10260,Rückleuchte,Schlussleuchte; Rücklicht; Heckleuchte; Hecklicht,3 Karosserie,Karosserie (Pflicht),3 Karosserie,,20013,,
10261,Rückleuchte Leiterplatte,,3 Karosserie,Karosserie (Pflicht),3 Karosserie,,20013,10260,
10262,Rückleuchtenband,,3 Karosserie,Karosserie (Pflicht),3 Karosserie,,20013,,
10263,Schalter für Außenspiegel,,4 Innenraum,,4 Innenraum,,,,
10264,Schalter für Fensterheber,,4 Innenraum,,4 Innenraum,,,,
10265,Schalter für Heckscheibe,,4 Innenraum,,4 Innenraum,,,,
10266,Schalter für Heizgebläse,,4 Innenraum,,4 Innenraum,,,,
10267,Schalter für Klimaanlage,,4 Innenraum,,4 Innenraum,,,,
10268,Schalter für Kopfstützenverstellung,,4 Innenraum,,4 Innenraum,,,,
10269,Schalter für Leuchtweitenregelung,,4 Innenraum,,4 Innenraum,,,,
10270,Schalter für Licht,,4 Innenraum,,4 Innenraum,,,,
10271,Schalter für Nebelscheinwerfer,Regler Nebelscheinwerfer,4 Innenraum,,4 Innenraum,,,,
10272,Schalter für Nebelschlussleuchte,,4 Innenraum,,4 Innenraum,,,,
10273,Schalter für Schiebedach,,4 Innenraum,,4 Innenraum,,,,
10274,Schalter für Sitzheizung,Regler Sitzheizung,4 Innenraum,,4 Innenraum,,,,
10275,Schalter für Warnblinker,,4 Innenraum,,4 Innenraum,,,,
10276,Schalter für Wischer,Wischerschalter,4 Innenraum,,4 Innenraum,,,,
10277,Scheibenwaschanlagenpumpe,Pumpe Scheibenreinigung; Pumpe Scheibenwaschanlage,2 Motorraum,,2 Motorraum,,,,
10278,Scheinwerferglas,Streuscheibe,3 Karosserie,Karosserie (Pflicht),3 Karosserie,,20003,10651,
10279,Sensor für ABS,ABS Impulsgeber; Drehzahlfühler; ABS-Sensor; ALB-Impulsgeber,2 Motorraum,,2 Motorraum,,20031,,
10280,Sicherungskasten,,4 Innenraum,,4 Innenraum,,,,
10281,Stand-/Blinkleuchte,Standleuchte Blinkleuchte; Standlicht Blinklicht,3 Karosserie,Karosserie (Pflicht),3 Karosserie,,20003,,
10282,Standheizung,,2 Motorraum,,2 Motorraum,,,,
10283,Standleuchte,Standlicht,3 Karosserie,Karosserie (Pflicht),3 Karosserie,,20003,,
10284,Stellantrieb Tempomat,,2 Motorraum,,2 Motorraum,,,,
10285,Stellmotor Scheinwerfer,,2 Motorraum,,2 Motorraum,,,,
10286,Stellventil,,2 Motorraum,,2 Motorraum,,,,
10287,Steuereinheit Pumpe Zentralverriegelung,Steuereinheit Zentralverriegelungspumpe,2 Motorraum,,2 Motorraum,,,,
10288,Steuergerät,,2 Motorraum,,2 Motorraum,,,,
10289,Steuergerät Check-Control,,2 Motorraum,,2 Motorraum,,,,
10290,Tachometer,Geschwindigkeitsmesser; Geschwindigkeitsanzeiger,4 Innenraum,,4 Innenraum,,,,
10291,Tankanzeige,,4 Innenraum,,4 Innenraum,,,,
10292,Tankgeber,,1 Unterboden,,1 Unterboden,,,,
10293,Temperaturanzeige,,4 Innenraum,,4 Innenraum,,,,
10294,Temperaturfühler,,3 Karosserie,Karosserie (Pflicht),3 Karosserie,,,,
10295,Tempomatschalter,,4 Innenraum,,4 Innenraum,,,,
10296,Thermoschalter,,4 Innenraum,,4 Innenraum,,,,
10297,Uhr,,4 Innenraum,,4 Innenraum,,,,
10298,Verbrauchsanzeiger,,4 Innenraum,,4 Innenraum,,,,
10299,Verteiler,Zündverteiler,2 Motorraum,,2 Motorraum,,,,
10300,Warmlaufregler,,2 Motorraum,,2 Motorraum,,,,
10301,Wasserstandsschalter,,4 Innenraum,,4 Innenraum,,,,
10302,Widerstand Gebläsemotor,,4 Innenraum,,4 Innenraum,,,,
10303,Wischermotor,Wischerantrieb; Scheibenwischermotor; Scheibenwischer-Motor,3 Karosserie,Karosserie (Pflicht),3 Karosserie,,,,
10304,Wischermotor Scheinwerfer,Scheinwerferwischermotor,2 Motorraum,,2 Motorraum,,20003,,
10305,Zentralverriegelung,,3 Karosserie,Karosserie (Pflicht),3 Karosserie,,,,
10306,Zündanlassschalter,Zuendschlosskontaktplatte; Kontaktplatte,4 Innenraum,,4 Innenraum,,,,
10307,Zündkabel,,2 Motorraum,,2 Motorraum,,,,
10308,Zündschloss,Lenkschloss; Lenkradschloss,4 Innenraum,,4 Innenraum,,,,
10309,Zündspule,,2 Motorraum,,2 Motorraum,,,,
10310,Zündungsmodul,Zündungsmodul TSZ,2 Motorraum,,2 Motorraum,,,,
10311,Ansaugstutzen G-Lader,,2 Motorraum,,2 Motorraum,,,,
10312,Ansaugstutzen Luftfilter,,2 Motorraum,,2 Motorraum,,,,
10313,Ansaugstutzen Ölpumpe,,2 Motorraum,,2 Motorraum,,,,
10314,Ansaugstutzen Turbolader,,2 Motorraum,,2 Motorraum,,,,
10315,Antriebswelle,Gelenkwelle,1 Unterboden,,1 Unterboden,,30000,,
10316,Antriebswelle (ABS),Gelenkwelle (ABS),1 Unterboden,,1 Unterboden,,30000,,
10317,Auslassventil,,2 Motorraum,,2 Motorraum,,,,
10318,Automatikgetriebe,Automatikgetriebe komplett; Getriebe,2 Motorraum,,2 Motorraum,,,,
10319,Einlassventil,,2 Motorraum,,2 Motorraum,,,,
10320,Freilaufnabe,,1 Unterboden,,1 Unterboden,,,,
10321,Allradgetriebe,,2 Motorraum,,2 Motorraum,,,,
10322,Getriebeglocke,,2 Motorraum,,2 Motorraum,,,,
10323,Gleichlaufgelenk,Parallelgelenk,1 Unterboden,,1 Unterboden,,30000,,
10324,Hinterachsgetriebe,Differenzial (hinten); Ausgleichsgetriebe (hinten),1 Unterboden,,1 Unterboden,,,,
10325,Kardanwelle,,1 Unterboden,,1 Unterboden,,,,
10326,Kurbelwelle,,2 Motorraum,,2 Motorraum,,,,
10327,Motor ohne Anbauteile,Motor komplett,2 Motorraum,,2 Motorraum,,,,
10328,Motorblock,,2 Motorraum,,2 Motorraum,,,,
10329,Radnabe,,1 Unterboden,,1 Unterboden,,30000,,
10330,Schaltgetriebe,Getriebe,2 Motorraum,,2 Motorraum,,,,
10331,Schwungrad,,2 Motorraum,,2 Motorraum,,,,
10332,Stirndeckel (Motor),,2 Motorraum,,2 Motorraum,,,,
10333,Vorderachsgetriebe,Differenzial (vorne); Ausgleichsgetriebe (vorne),1 Unterboden,,1 Unterboden,,,,
10334,Zahnriemen,,2 Motorraum,,2 Motorraum,,,,
10335,Zylinderkopf,,2 Motorraum,,2 Motorraum,,,,
10336,Zylinderkopfdichtung,,2 Motorraum,,2 Motorraum,,,,
10337,Abschlussblech,,3 Karosserie,Karosserie (Pflicht),3 Karosserie,,20011,,
10338,Auspuffblende,,3 Karosserie,Karosserie (Pflicht),1 Unterboden,Gehört zu Auspuffanlage,,,
10339,Ausstellscheibe,,3 Karosserie,Karosserie (Pflicht),3 Karosserie,,20011,,
10340,Dach Cabrio,Hardtop; Faltdach; Cabrioverdeck,3 Karosserie,Karosserie (Pflicht),3 Karosserie,,20005,,
10341,Dach mit Sonnendachausschnitt,,3 Karosserie,Karosserie (Pflicht),3 Karosserie,,20005,,
10342,Dach Targa,,3 Karosserie,Karosserie (Pflicht),3 Karosserie,,20005,,
10343,Dreieckscheibe,,3 Karosserie,Karosserie (Pflicht),3 Karosserie,,,,
10344,Faltdach,Verdeck,3 Karosserie,Karosserie (Pflicht),3 Karosserie,,20005,,
10345,Frontblech,Schlossträger; Frontschürze,3 Karosserie,Karosserie (Pflicht),3 Karosserie,,20002,,
10346,Frontscheibe ohne Bandfilter,Windschutzscheibe; Sichtfenster,3 Karosserie,Karosserie (Pflicht),3 Karosserie,,20001,,
10347,Heckklappe / Heckdeckel,Heckdeckel; Rückwandklappe; Klappe Hinten; Kofferraumhaube,3 Karosserie,Karosserie (Pflicht),3 Karosserie,,20014,,
10348,Heckscheibe,Rückblickscheibe; Sichtfenster,3 Karosserie,Karosserie (Pflicht),3 Karosserie,,20011,,
10349,Hecktür,,3 Karosserie,Karosserie (Pflicht),3 Karosserie,,20014,,
10350,Kotflügel mit Blinker mit Antennenloch,,3 Karosserie,Karosserie (Pflicht),3 Karosserie,,20001,,
10351,Motorhaube,Haube; Klappe vorn; Verschlussdeckel,3 Karosserie,Karosserie (Pflicht),3 Karosserie,,20001,,
10352,Schiebetür,,3 Karosserie,Karosserie (Pflicht),3 Karosserie,,20009,,
10353,Seitenscheibe,,3 Karosserie,Karosserie (Pflicht),3 Karosserie,,20011,,
10354,Seitenscheibe Schiebetür,,3 Karosserie,Karosserie (Pflicht),3 Karosserie,,20009,10352,Parent part auch 10556
10355,Tür,Door,3 Karosserie,Karosserie (Pflicht),3 Karosserie,,20009,,
10356,Türscheibe,,3 Karosserie,Karosserie (Pflicht),3 Karosserie,,20009,10355,
10357,Vorbau ohne Stirnwand,,3 Karosserie,Karosserie (Pflicht),3 Karosserie,,20002,,
10358,Abdeckung Abschlepphaken,,3 Karosserie,Karosserie (Pflicht),3 Karosserie,,,,
10359,Abdeckung Außenspiegel,,3 Karosserie,Karosserie (Pflicht),3 Karosserie,,20005,10609,"Parent Part auch 10584-10586, 10602-10605"
10360,Abschleppöse,,3 Karosserie,Karosserie (Pflicht),3 Karosserie,,,,
10361,Anhängerkupplung mit E-Satz abnehmbar,Anhängerkupplung,3 Karosserie,Karosserie (Pflicht),5 Sonstige,Klassisches Zubehörteil,20011,,
10362,Außenspiegel elektrisch lackiert,Rückblickspiegel; Seitenspiegel; Außenspiegel,3 Karosserie,Karosserie (Pflicht),3 Karosserie,,20005,10609,
10363,Außenspiegelgehäuse,,3 Karosserie,Karosserie (Pflicht),3 Karosserie,,20005,10609,"Parent Part auch 10584-10586, 10602-10605"
10364,Außenspiegelglas,,3 Karosserie,Karosserie (Pflicht),3 Karosserie,,20005,10609,"Parent Part auch 10584-10586, 10602-10605"
10365,Blende Kotflügel,,3 Karosserie,Karosserie (Pflicht),3 Karosserie,,20001,10610,"Parent Part no ist auch 10350, 10567-10569"
10366,Blende Kühlergrill,,3 Karosserie,Karosserie (Pflicht),3 Karosserie,,20001,10379,
10367,Blende Nebelscheinwerfer,,3 Karosserie,Karosserie (Pflicht),3 Karosserie,,20003,10240,
10368,Blende Scheinwerfer,,3 Karosserie,Karosserie (Pflicht),3 Karosserie,,20003,,
10369,Blende Stoßstange,Abdeckung Stoßfänger; Abdeckung Stossstange; Blende Stoßfänger; Gril Stoßfänger; Grill Stoßstange,3 Karosserie,Karosserie (Pflicht),3 Karosserie,,20000,10570,"Parent Part no ist auch 10571-10580, 10611"
10370,Dachreling,,3 Karosserie,Karosserie (Pflicht),3 Karosserie,,20005,,
10371,Dachzierleiste,,3 Karosserie,Karosserie (Pflicht),3 Karosserie,,20005,,
10372,Frontschürze,,3 Karosserie,Karosserie (Pflicht),3 Karosserie,,20001,,
10373,Frontverkleidung,,3 Karosserie,Karosserie (Pflicht),3 Karosserie,,20001,,
10374,Gepäckträger,Dachgepäckträger; Heckgepäckträger,3 Karosserie,Karosserie (Pflicht),3 Karosserie,,,,
10375,Grill Windlauf,Windlaufgriff,3 Karosserie,Karosserie (Pflicht),3 Karosserie,,20000,,
10376,Heckblende,,3 Karosserie,Karosserie (Pflicht),3 Karosserie,,20011,,
10377,Heckklappendämpfer,,3 Karosserie,Karosserie (Pflicht),3 Karosserie,,20014,,
10378,Kotflügelverbreiterung,,3 Karosserie,Karosserie (Pflicht),3 Karosserie,,20001,10610,"Parent Part no ist auch 10350, 10567-10569"
10379,Kühlergrill,,3 Karosserie,Karosserie (Pflicht),3 Karosserie,,20000,,
10380,Kühlergrillrahmen,,3 Karosserie,Karosserie (Pflicht),3 Karosserie,,20000,10379,
10381,Radabdeckung,,3 Karosserie,Karosserie (Pflicht),1 Unterboden,Räder ordnet man sinnvollerweise dem Fahrwerk / Unterboden zu,30000,,
10382,Schürze,,3 Karosserie,Karosserie (Pflicht),3 Karosserie,,20001,,
10383,Schutzleiste Kotflügel,,3 Karosserie,Karosserie (Pflicht),3 Karosserie,,20001,10610,"Parent Part no ist auch 10350, 10567-10569"
10384,Schutzleiste Seitenwand,Zierleiste; Türleiste; Zierstreifen,3 Karosserie,Karosserie (Pflicht),3 Karosserie,,20011,,
10385,Schutzleiste Tür,,3 Karosserie,Karosserie (Pflicht),3 Karosserie,,20009,10352,"Parent part auch 10556,10557"
10386,Schwellerleisten,,3 Karosserie,Karosserie (Pflicht),3 Karosserie,,20005,,
10387,Sonnendach,Sonnenschiebedach,3 Karosserie,Karosserie (Pflicht),3 Karosserie,,20005,,
10388,Spoiler,,3 Karosserie,Karosserie (Pflicht),3 Karosserie,,,,
10389,Steinschlagschutz,,3 Karosserie,Karosserie (Pflicht),3 Karosserie,,,,
10390,Steinschlagschutz Stoßstange,,3 Karosserie,Karosserie (Pflicht),3 Karosserie,,20000,10570,"Parent Part no ist auch 10571-10580, 10611"
10391,Stoßstange Grundausführung für Kunststoff SW/Grau mit Nebelscheinwerfer mit Spoiler,Stoßfänger,3 Karosserie,Karosserie (Pflicht),3 Karosserie,,20000,,
10392,Stoßstangenabdeckung,,3 Karosserie,Karosserie (Pflicht),3 Karosserie,,20000,10570,"Parent Part no ist auch 10571-10580, 10611"
10393,Stoßstangenbefestigung,,3 Karosserie,Karosserie (Pflicht),3 Karosserie,,20000,10570,"Parent Part no ist auch 10571-10580, 10611"
10394,Stoßstangenecke,,3 Karosserie,Karosserie (Pflicht),3 Karosserie,,20000,10570,"Parent Part no ist auch 10571-10580, 10611"
10395,Stoßstangenhalter,,3 Karosserie,Karosserie (Pflicht),3 Karosserie,,20000,10570,"Parent Part no ist auch 10571-10580, 10611"
10396,Stoßstangenträger,,3 Karosserie,Karosserie (Pflicht),3 Karosserie,,20000,,
10397,Türgriff,Türöffner,3 Karosserie,Karosserie (Pflicht),3 Karosserie,,20009,10355,
10398,Türgummi,,3 Karosserie,Karosserie (Pflicht),3 Karosserie,,20009,10355,
10399,Türrahmen,,3 Karosserie,Karosserie (Pflicht),3 Karosserie,,20009,10355,
10400,Verkleidung Innenkotflügel,Radhausschale,3 Karosserie,Karosserie (Pflicht),3 Karosserie,,20001,,
10401,Verkleidung Scheinwerfer,,3 Karosserie,Karosserie (Pflicht),3 Karosserie,,20003,,
10402,Windabweiser Dach,,3 Karosserie,Karosserie (Pflicht),3 Karosserie,,20005,,
10403,Windabweiser Fenster,,3 Karosserie,Karosserie (Pflicht),3 Karosserie,,20009,,
10404,Windlauf,Windlauf vorne geschraubt,3 Karosserie,Karosserie (Pflicht),3 Karosserie,,20001,,
10405,Ziergitter,,3 Karosserie,Karosserie (Pflicht),3 Karosserie,,20001,,
10406,Zierleiste,,3 Karosserie,Karosserie (Pflicht),3 Karosserie,,,,
10407,Abdeckung Kofferraum,Abdeckplatte Laderaum,4 Innenraum,,4 Innenraum,,,,
10408,Abdeckung Reserverad,,4 Innenraum,,4 Innenraum,,,,
10409,Abdeckung Rückwand,,4 Innenraum,,4 Innenraum,,,,
10410,Abdeckung Tür,,4 Innenraum,,4 Innenraum,,,,
10411,Ablagekasten,,4 Innenraum,,4 Innenraum,,,,
10412,Armaturenbrett mit Navi mit CD,Armaturentafel; Schalttafel; Instrumententafel,4 Innenraum,,4 Innenraum,,,,
10413,Armlehne,,4 Innenraum,,4 Innenraum,,,,
10414,Aschenbecher,,4 Innenraum,,4 Innenraum,,,,
10415,Blende Handschuhkasten,,4 Innenraum,,4 Innenraum,,,,
10416,Blende Instrumententafel,,4 Innenraum,,4 Innenraum,,,,
10417,Blende Schalttafel,,4 Innenraum,,4 Innenraum,,,,
10418,Blende Tür,,4 Innenraum,,4 Innenraum,,,,
10419,Bodenbelag,,4 Innenraum,,4 Innenraum,,,,
10420,Bodenbelag Kofferraum,,4 Innenraum,,4 Innenraum,,,,
10421,Fensterkurbel,Griffkurbel; Drehkurbel; Drehgriff,4 Innenraum,,4 Innenraum,,,,
10422,Fußmatte,,4 Innenraum,,4 Innenraum,,,,
10423,Griff Klappenzug,Klappenzuggriff,4 Innenraum,,4 Innenraum,,,,
10424,Griff Panoramadach,Panoramadachdriff,4 Innenraum,,4 Innenraum,,,,
10425,Griffschale,,4 Innenraum,,4 Innenraum,,,,
10426,Haltegriff,,4 Innenraum,,4 Innenraum,,,,
10427,Handschuhfach,,4 Innenraum,,4 Innenraum,,,,
10428,Handschuhfach Deckel,,4 Innenraum,,4 Innenraum,,,,
10429,Heizung,,4 Innenraum,,4 Innenraum,,,,
10430,Heizungskanal,,4 Innenraum,,4 Innenraum,,,,
10431,Himmel,,4 Innenraum,,4 Innenraum,,,,
10432,Hutablage,Ablage Heckdeckel; Ablage Heckklappe; Ablage Laderaum,4 Innenraum,,4 Innenraum,,,,
10433,Innenausstattung,,4 Innenraum,,4 Innenraum,,,,
10434,Innenspiegel,Rückspiegel; Rückblickspiegel,4 Innenraum,,4 Innenraum,,,,
10435,Konsole Ablagefach,,4 Innenraum,,4 Innenraum,,,,
10436,Konsole Einsatz,,4 Innenraum,,4 Innenraum,,,,
10437,Kopfstütze,,4 Innenraum,,4 Innenraum,,,,
10438,Laderaumabdeckung,Laderaumabdeckung Kombi,4 Innenraum,,4 Innenraum,,,,
10439,Lautsprecherblende,,4 Innenraum,,4 Innenraum,,,,
10440,Lautsprecherblendeablage,,4 Innenraum,,4 Innenraum,,,,
10441,Lenkrad,Sportlenkrad; Steuer; Volant,4 Innenraum,,4 Innenraum,,30000,,
10442,Manschette für Schalthebel,Schalthebelmanschette; Schaltsack; Schalthebelsack,4 Innenraum,,4 Innenraum,,,,
10443,Mittelkonsole,,4 Innenraum,,4 Innenraum,,,,
10444,Rücksitzbank,Rücksitzbankpolster,4 Innenraum,,4 Innenraum,,,,
10445,Schalthebelknopf,Knopf Schalthebel; Schaltregler,4 Innenraum,,4 Innenraum,,,,
10446,Schaltkulisse,Deckel; Schaltanordnung,4 Innenraum,,4 Innenraum,,,,
10447,Schalttafeleinsatz,,4 Innenraum,,4 Innenraum,,,,
10448,Schalttafelleiste,,4 Innenraum,,4 Innenraum,,,,
10449,Sitz,Sitzschale; Einzelsitz,4 Innenraum,,4 Innenraum,,,,
10450,Sonnenblende,Sichtschutz,4 Innenraum,,4 Innenraum,,,,
10451,Türverkleidung,,4 Innenraum,,4 Innenraum,,,,
10452,Verkleidung Armaturenbrett,,4 Innenraum,,4 Innenraum,,,,
10453,Verkleidung A-Säule,Abdeckung A-Säule,4 Innenraum,,4 Innenraum,,,,
10454,Verkleidung B-Säule,Abdeckung A-Säule,4 Innenraum,,4 Innenraum,,,,
10455,Verkleidung C-Säule,Abdeckung A-Säule,4 Innenraum,,4 Innenraum,,,,
10456,Verkleidung Heckklappe,Verkleidung Rückwandklappe,4 Innenraum,,4 Innenraum,,,,
10457,Verkleidung Hutablage,,4 Innenraum,,4 Innenraum,,,,
10458,Verkleidung Rückwand,,4 Innenraum,,4 Innenraum,,,,
10459,Achse,,1 Unterboden,,1 Unterboden,,30000,,
10460,Achsschenkel,Radlagergehaeuse; Schwenklager; Radlagergehäuse,1 Unterboden,,1 Unterboden,,30000,,
10461,Achszapfen,,1 Unterboden,,1 Unterboden,,30000,,
10462,Feder,Vorderfeder; Schraubenfeder,1 Unterboden,,1 Unterboden,,30000,,
10463,Federbein,,1 Unterboden,,1 Unterboden,,30000,,
10464,Federblatt,,1 Unterboden,,1 Unterboden,,30000,,
10465,Federsatz,,1 Unterboden,,1 Unterboden,,30000,,
10466,Gasdruckfeder,,1 Unterboden,,1 Unterboden,,30000,,
10467,Hinterachshälfte,,1 Unterboden,,1 Unterboden,,30000,,
10468,Hinterachskörper,,1 Unterboden,,1 Unterboden,,30000,,
10469,Querlenker,Lenker für Radaufhängung,1 Unterboden,,1 Unterboden,,30000,,
10470,Radlager,Reparatursatz Radlager,1 Unterboden,,1 Unterboden,,30000,10471,
10471,Radlagergehäuse,,1 Unterboden,,1 Unterboden,,30000,,
10472,Spurstange,,1 Unterboden,,1 Unterboden,,30000,,
10473,Spurstangenkopf,,1 Unterboden,,1 Unterboden,,30000,10472,
10474,Stabilisator,,1 Unterboden,,1 Unterboden,,30000,,
10475,Stoßdämpfer,,1 Unterboden,,1 Unterboden,,30000,,
10476,Achsmanschette,Gelenkschutzhülle; Manschette; Achsstulpen,1 Unterboden,,1 Unterboden,,,,
10477,Batterie,Accu; Akku; Akkumulator,2 Motorraum,,2 Motorraum,,,,
10478,Bremsaggregat ABS,ABS Hydroaggregat,2 Motorraum,,2 Motorraum,,20031,,
10479,Bremsbelag SB,,1 Unterboden,,1 Unterboden,,20031,11165,
10480,Bremskraftregler,,2 Motorraum,,2 Motorraum,,20031,,
10481,Bremskraftverstärker,Bremsverstärker,2 Motorraum,,2 Motorraum,,20031,,
10482,Bremssättel Satz,,1 Unterboden,,1 Unterboden,,20031,,
10483,Bremssattel,Bremssattelgehäuse,1 Unterboden,,1 Unterboden,,20031,10482,
10484,Bremssattelträger,,1 Unterboden,,1 Unterboden,,20031,,
10485,Bremsscheibe,,1 Unterboden,,1 Unterboden,,20031,11964,
10486,Bremsschlauch,,1 Unterboden,,1 Unterboden,,20031,,
10487,Bremsträger,Halter Bremssattel,1 Unterboden,,1 Unterboden,,20031,,
10488,Bremstrommel,,1 Unterboden,,1 Unterboden,,20031,,
10489,Dichtung für Frontscheibe,,3 Karosserie,Karosserie (Pflicht),3 Karosserie,,20001,,
10490,Dichtung für Motorhaube,,3 Karosserie,Karosserie (Pflicht),3 Karosserie,,20002,,
10491,Dichtung für Getriebedeckel,,2 Motorraum,,2 Motorraum,,,,
10492,Dichtung für Heckscheibe,,3 Karosserie,Karosserie (Pflicht),3 Karosserie,,20011,,
10493,Dichtung für Ventildeckel,,2 Motorraum,,2 Motorraum,,,,
10494,Dichtung für Zylinderkopf,,2 Motorraum,,2 Motorraum,,,,
10495,Dichtungssatz für Zylinderblock,,2 Motorraum,,2 Motorraum,,,,
10496,Dichtungssatz für Zylinderkopf,,2 Motorraum,,2 Motorraum,,,,
10497,Emblem,,3 Karosserie,Karosserie (Pflicht),3 Karosserie,,,,
10498,Felge Stahl,Scheibenrad; Laufrad; Radkranz,3 Karosserie,Karosserie (Pflicht),1 Unterboden,Räder ordnet man sinnvollerweise dem Fahrwerk / Unterboden zu,30000,11261,
10499,Gurtstraffer,,4 Innenraum,,4 Innenraum,,20021,,
10500,Handbremshebel,Handbremsgriff,4 Innenraum,,4 Innenraum,,20031,,
10501,Handbremsseil,Bremszug,1 Unterboden,,1 Unterboden,,20031,,
10502,Hauptbremszylinder,Tandem HBZ,2 Motorraum,,2 Motorraum,,20031,,
10503,Kraftstofffilter,,2 Motorraum,,2 Motorraum,,,,
10504,Lenkgetriebe,Zahnstangenlenkung; Steuergetriebe,2 Motorraum,,2 Motorraum,,30000,,
10505,Lenkgetriebe Servo,Servolenkung; hydraulische Lenkung,2 Motorraum,,2 Motorraum,,30000,,
10506,Lenksäule,,4 Innenraum,,4 Innenraum,,30000,,
10507,Lenkspindel,,2 Motorraum,,2 Motorraum,,30000,,
10508,Lenkstange,,2 Motorraum,,2 Motorraum,,30000,,
10509,Lenkungsdämpfer,,2 Motorraum,,2 Motorraum,,30000,,
10510,Lenkzwischenhebel,,2 Motorraum,,2 Motorraum,,30000,,
10511,Lenkzwischenwelle,,2 Motorraum,,2 Motorraum,,30000,,
10512,Luftfiltereinsatz,Filtereinsatz; Luftfilter; Innenraumfilter/Pollenfilter,2 Motorraum,,2 Motorraum,,,,
10513,Notrad,Reserverad,4 Innenraum,,4 Innenraum,,,,
10514,Ölwannendichtung,,2 Motorraum,,2 Motorraum,,,,
10515,Pleuellagerschalen,,2 Motorraum,,2 Motorraum,,,,
10516,Radbremszylinder,Radzylinder,1 Unterboden,,1 Unterboden,,20031,,
10517,Reifen,Pneu; Bereifung ohne Felge,3 Karosserie,Karosserie (Pflicht),1 Unterboden,Räder ordnet man sinnvollerweise dem Fahrwerk / Unterboden zu,30000,11261,
10518,Reifen auf Alufelge,,3 Karosserie,Karosserie (Pflicht),1 Unterboden,Räder ordnet man sinnvollerweise dem Fahrwerk / Unterboden zu,30000,11261,
10519,Reifen auf Stahlfelge,,3 Karosserie,Karosserie (Pflicht),1 Unterboden,Räder ordnet man sinnvollerweise dem Fahrwerk / Unterboden zu,30000,11261,
10520,Schneeketten,,3 Karosserie,Karosserie (Pflicht),1 Unterboden,,,,
10521,Sicherheitsgurt,Hüftgurt; Dreipunktgurt; Zweipunktgurt,4 Innenraum,,4 Innenraum,,20021,,
10522,Skisack,,4 Innenraum,,4 Innenraum,,,,
10523,Türdichtung,,3 Karosserie,Karosserie (Pflicht),3 Karosserie,,20009,10355,
10524,Ventildeckeldichtung,,2 Motorraum,,2 Motorraum,,,,
10525,Wagenheber,,5 Sonstige,,5 Sonstige,,,,
10526,Warndreieck,,5 Sonstige,,5 Sonstige,,,,
10527,Werkzeugkasten,,5 Sonstige,,5 Sonstige,,,,
10528,Wischerblatt,,3 Karosserie,Karosserie (Pflicht),3 Karosserie,,,,
10529,Zündkerze,,2 Motorraum,,2 Motorraum,,,,
10530,Hauptscheinwerfer höhenverstellbar,Scheinwerfer höhenverstellbar; Doppelscheinwerfer KPL,3 Karosserie,Karosserie (Pflicht),3 Karosserie,,20003,,
10531,Hauptscheinwerfer nicht höhenverstellbar,Scheinwerfer nicht höhenverstellbar; Doppelscheinwerfer KPL,3 Karosserie,Karosserie (Pflicht),3 Karosserie,,20003,,
10532,Hecktür (1-türig) mit Fensterausschnitt,Hecktür 1-türig mit Fensterausschnitt,3 Karosserie,Karosserie (Pflicht),3 Karosserie,,20014,,
10533,Hecktür (1-türig) geschlossen,Hecktür 1-türig geschlossen,3 Karosserie,Karosserie (Pflicht),3 Karosserie,,20014,,
10534,Hecktür (2-türig) mit Fensterausschnitt,Hecktür 2-türig mit Fensterausschnitt,3 Karosserie,Karosserie (Pflicht),3 Karosserie,,20014,,
10535,Hecktür (2-türig) geschlossen,Hecktür 2-türig geschlossen,3 Karosserie,Karosserie (Pflicht),3 Karosserie,,20014,,
10536,Vordersitz Leder nicht klappbar mit Airbag,Sitzschale Leder nicht klappbar,4 Innenraum,,4 Innenraum,,20020,,
10537,Vordersitz Kunstleder nicht klappbar mit Airbag,Sitzschale Kunstleder nicht klappbar,4 Innenraum,,4 Innenraum,,20020,,
10538,Vordersitz Stoff nicht klappbar mit Airbag,Sitzschale Stoff nicht klappbar,4 Innenraum,,4 Innenraum,,20020,,
10539,Vordersitz Leder klappbar mit Airbag,Sitzschale Leder klappbar,4 Innenraum,,4 Innenraum,,20020,,
10540,Vordersitz Kunstleder klappbar mit Airbag,Sitzschale Kunstleder klappbar,4 Innenraum,,4 Innenraum,,20020,,
10541,Vordersitz Stoff klappbar mit Airbag,Sitzschale Stoff klappbar,4 Innenraum,,4 Innenraum,,20020,,
10542,Rücksitzbank Leder geteilt,Rücksitz Rückbank,4 Innenraum,,4 Innenraum,,,,
10543,Rücksitzbank Kunstleder geteilt,Rücksitz Rückbank,4 Innenraum,,4 Innenraum,,,,
10544,Rücksitzbank Stoff geteilt,Rücksitz Rückbank,4 Innenraum,,4 Innenraum,,,,
10545,Rücksitzbank Leder nicht geteilt,Rücksitz Rückbank,4 Innenraum,,4 Innenraum,,,,
10546,Rücksitzbank Kunstleder nicht geteilt,Rücksitz Rückbank,4 Innenraum,,4 Innenraum,,,,
10547,Rücksitzbank Stoff nicht geteilt,Rücksitz Rückbank,4 Innenraum,,4 Innenraum,,,,
10548,Sitzgarnitur komplett Leder geteilt,,4 Innenraum,,4 Innenraum,,,,
10549,Sitzgarnitur komplett Kunstleder geteilt,,4 Innenraum,,4 Innenraum,,,,
10550,Sitzgarnitur komplett Stoff geteilt,,4 Innenraum,,4 Innenraum,,,,
10551,Sitzgarnitur komplett Leder geteilt,,4 Innenraum,,4 Innenraum,,,,
10552,Sitzgarnitur komplett Kunstleder nicht geteilt,,4 Innenraum,,4 Innenraum,,,,
10553,Sitzgarnitur komplett Stoff nicht geteilt,,4 Innenraum,,4 Innenraum,,,,
10554,Heckklappe mit Fensterausschnitt,Heckdeckel; Rueckwandklappe; Klappe hinten; Rückwandklappe; Kofferraumhaube,3 Karosserie,Karosserie (Pflicht),3 Karosserie,,20014,,
10555,Heckklappe geschlossen,Heckdeckel; Rueckwandklappe; Klappe hinten; Rückwandklappe; Kofferraumhaube,3 Karosserie,Karosserie (Pflicht),3 Karosserie,,20014,,
10556,Schiebetür mit Fensterausschnitt,,3 Karosserie,Karosserie (Pflicht),3 Karosserie,,20009,,
10557,Schiebetür geschlossen,,3 Karosserie,Karosserie (Pflicht),3 Karosserie,,20009,,
10560,Ausgleichsbehälter,,2 Motorraum,,2 Motorraum,,,,
10561,Bremsleuchte,Bremslicht,3 Karosserie,Karosserie (Pflicht),3 Karosserie,,20013,,
10562,E-Satz (Anhängerkupplung),E-Satz Anhängerkupplung,3 Karosserie,Karosserie (Pflicht),5 Sonstige,Klassisches Zubehörteil,20011,10593,Parent Part no ist auch 10361
10563,Katalysator ohne Lambdasonde,Abgasfilter; Schadstoffreduzierstueck; Schadstoffreduzierstück; Kat,1 Unterboden,,1 Unterboden,,,,
10564,Frontscheibe mit grünem Bandfilter,Windschutzscheibe; Sichtfenster,3 Karosserie,Karosserie (Pflicht),3 Karosserie,,20001,,
10565,Frontscheibe mit blauem Bandfilter,Windschutzscheibe; Sichtfenster,3 Karosserie,Karosserie (Pflicht),3 Karosserie,,20001,,
10566,Frontscheibe mit brozenem Bandfilter,Windschutzscheibe; Sichtfenster,3 Karosserie,Karosserie (Pflicht),3 Karosserie,,20001,,
10567,Kotflügel ohne Blinker mit Antennenloch,Kotflügel,3 Karosserie,Karosserie (Pflicht),3 Karosserie,,20001,,
10568,Kotflügel mit Blinker ohne Antennenloch,Kotflügel,3 Karosserie,Karosserie (Pflicht),3 Karosserie,,20001,,
10569,Kotflügel ohne Blinker ohne Antennenloch,Kotflügel,3 Karosserie,Karosserie (Pflicht),3 Karosserie,,20001,,
10570,Stoßstange Grundausführung für Kunststoff SW/grau mit Nebelscheinwerfer ohne Spoiler,Stoßfänger; Verkleidung Stossfaenger; Verkleidung Stoßfänger; Stoßstange,3 Karosserie,Karosserie (Pflicht),3 Karosserie,,20000,,
10571,Stoßstange Grundausführung für Kunststoff SW/grau ohne Nebelscheinwerfer mit Spoiler,Stoßfänger; Verkleidung Stossfaenger; Verkleidung Stoßfänger; Stoßstange,3 Karosserie,Karosserie (Pflicht),3 Karosserie,,20000,,
10572,Stoßstange Grundausführung für Kunststoff SW/grau ohne Nebelscheinwerfer ohne Spoiler,Stoßfänger; Verkleidung Stossfaenger; Verkleidung Stoßfänger; Stoßstange,3 Karosserie,Karosserie (Pflicht),3 Karosserie,,20000,,
10573,Stoßstange teilgrundiert mit Nebelscheinwerfer mit Spoiler,Stoßfänger; Verkleidung Stossfaenger; Verkleidung Stoßfänger; Stoßstange,3 Karosserie,Karosserie (Pflicht),3 Karosserie,,20000,,
10574,Stoßstange teilgrundiert mit Nebelscheinwerfer ohne Spoiler,Stoßfänger; Verkleidung Stossfaenger; Verkleidung Stoßfänger; Stoßstange,3 Karosserie,Karosserie (Pflicht),3 Karosserie,,20000,,
10575,Stoßstange teilgrundiert ohne Nebelscheinwerfer mit Spoiler,Stoßfänger; Verkleidung Stossfaenger; Verkleidung Stoßfänger; Stoßstange,3 Karosserie,Karosserie (Pflicht),3 Karosserie,,20000,,
10576,Stoßstange teilgrundiert ohne Nebelscheinwerfer ohne Spoiler,Stoßfänger; Verkleidung Stossfaenger; Verkleidung Stoßfänger; Stoßstange,3 Karosserie,Karosserie (Pflicht),3 Karosserie,,20000,,
10577,Stoßstange teillackiert mit Nebelscheinwerfer mit Spoiler,Stoßfänger; Verkleidung Stossfaenger; Verkleidung Stoßfänger; Stoßstange,3 Karosserie,Karosserie (Pflicht),3 Karosserie,,20000,,
10578,Stoßstange teillackiert mit Nebelscheinwerfer ohne Spoiler,Stoßfänger; Verkleidung Stossfaenger; Verkleidung Stoßfänger; Stoßstange,3 Karosserie,Karosserie (Pflicht),3 Karosserie,,20000,,
10579,Stoßstange teillackiert ohne Nebelscheinwerfer mit Spoiler,Stoßfänger; Verkleidung Stossfaenger; Verkleidung Stoßfänger; Stoßstange,3 Karosserie,Karosserie (Pflicht),3 Karosserie,,20000,,
10580,Stoßstange teillackiert ohne Nebelscheinwerfer ohne Spoiler,Stoßfänger; Verkleidung Stossfaenger; Verkleidung Stoßfänger; Stoßstange,3 Karosserie,Karosserie (Pflicht),3 Karosserie,,20000,,
10581,Armaturenbrett mit Navi ohne CD,Armaturentafel; Schalttafel; Instrumententafel,4 Innenraum,,4 Innenraum,,,,
10582,Armaturenbrett ohne Navi mit CD,Armaturentafel; Schalttafel; Instrumententafel,4 Innenraum,,4 Innenraum,,,,
10583,Armaturenbrett ohne Navi ohne CD,Armaturentafel; Schalttafel; Instrumententafel,4 Innenraum,,4 Innenraum,,,,
10584,Außenspiegel elektrisch teilgrundiert,Rückblickspiegel; Seitenspiegel; Talbotspiegel; Außenspiegel,3 Karosserie,Karosserie (Pflicht),3 Karosserie,,20005,,
10585,Außenspiegel elektrisch grundiert,Rückblickspiegel; Seitenspiegel; Talbotspiegel; Außenspiegel,3 Karosserie,Karosserie (Pflicht),3 Karosserie,,20005,,
10586,Außenspiegel elektrisch Standard,Rückblickspiegel; Seitenspiegel; Talbotspiegel; Außenspiegel,3 Karosserie,Karosserie (Pflicht),3 Karosserie,,20005,,
10587,Vordersitz Leder nicht klappbar ohne Airbag,Sitzschale Leder nicht klappbar,4 Innenraum,,4 Innenraum,,,,
10588,Vordersitz Kunstleder nicht klappbar ohne Airbag,Sitzschale Kunstleder nicht klappbar,4 Innenraum,,4 Innenraum,,,,
10589,Vordersitz Stoff nicht klappbar ohne Airbag,Sitzschale Stoff nicht klappbar,4 Innenraum,,4 Innenraum,,,,
10590,Vordersitz Leder klappbar ohne Airbag,Sitzschale Leder klappbar,4 Innenraum,,4 Innenraum,,,,
10591,Vordersitz Kunstleder klappbar ohne Airbag,Sitzschale Kunstleder klappbar,4 Innenraum,,4 Innenraum,,,,
10592,Vordersitz Stoff klappbar ohne Airbag,Sitzschale Stoff klappbar,4 Innenraum,,4 Innenraum,,,,
10593,Anhängerkupplung mit E-Satz nicht abnehmbar,Anhängerkupplung,3 Karosserie,Karosserie (Pflicht),5 Sonstige,Klassisches Zubehörteil,20011,,
10594,Anhängerkupplung ohne E-Satz nicht abnehmbar,Anhängerkupplung,3 Karosserie,Karosserie (Pflicht),5 Sonstige,Klassisches Zubehörteil,20011,10593,
10595,Sitzgarnitur komplett Leder geteilt ohne Airbag,Sitzgarnitur komplett Leder geteilt,4 Innenraum,,4 Innenraum,,,,
10596,Sitzgarnitur komplett Kunstleder geteilt ohne Airbag,Sitzgarnitur komplett Kunstleder geteilt,4 Innenraum,,4 Innenraum,,,,
10597,Sitzgarnitur komplett Stoff geteilt ohne Airbag,Sitzgarnitur komplett Stoff geteilt,4 Innenraum,,4 Innenraum,,,,
10598,Sitzgarnitur komplett Leder geteilt ohne Airbag,Sitzgarnitur komplett Leder geteilt,4 Innenraum,,4 Innenraum,,,,
10599,Sitzgarnitur komplett Kunstleder nicht geteilt ohne Airbag,Sitzgarnitur komplett Kunstleder nicht geteilt,4 Innenraum,,4 Innenraum,,,,
10600,Sitzgarnitur komplett Stoff nicht geteilt ohne Airbag,Sitzgarnitur komplett Stoff nicht geteilt,4 Innenraum,,4 Innenraum,,,,
10601,Einspritzanlage Diesel,Einspritzeinheit; Einspritzunterteil Monopoint,2 Motorraum,,2 Motorraum,,,,
10602,Außenspiegel mechanisch lackiert,Rückblickspiegel; Seitenspiegel; Talbotspiegel; Außenspiegel,3 Karosserie,Karosserie (Pflicht),3 Karosserie,,20005,,
10603,Außenspiegel mechanisch teilgrundiert,Rückblickspiegel; Seitenspiegel; Talbotspiegel; Außenspiegel,3 Karosserie,Karosserie (Pflicht),3 Karosserie,,20005,,
10604,Außenspiegel mechanisch grundiert,Rückblickspiegel; Seitenspiegel; Talbotspiegel; Außenspiegel,3 Karosserie,Karosserie (Pflicht),3 Karosserie,,20005,,
10605,Außenspiegel mechanisch Standard,Rückblickspiegel; Seitenspiegel; Talbotspiegel; Außenspiegel,3 Karosserie,Karosserie (Pflicht),3 Karosserie,,20005,,
10606,Bremszange,,1 Unterboden,,1 Unterboden,,20031,,
10607,Heizgebläse,,4 Innenraum,,4 Innenraum,,,,
10608,Unterdruckpumpe,,2 Motorraum,,2 Motorraum,,,,
10609,Außenspiegel,Rückblickspiegel; Seitenspiegel,3 Karosserie,Karosserie (Pflicht),3 Karosserie,,20005,,
10610,Kotflügel,,3 Karosserie,Karosserie (Pflicht),3 Karosserie,,20001,,
10611,Stoßstange,Stoßfänger; Verkleidung Stossfaenger; Verkleidung Stoßfänger,3 Karosserie,Karosserie (Pflicht),3 Karosserie,,20000,,
10612,Anhängerkupplung ohne E-Satz abnehmbar,Anhängerkupplung,3 Karosserie,Karosserie (Pflicht),5 Sonstige,Klassisches Zubehörteil,20011,10361,
10613,Steuergerät Motor,Motorsteuergerät,2 Motorraum,,2 Motorraum,,,,
10614,Steuergerät ABS,ABS-Steuergerät,2 Motorraum,,2 Motorraum,,20031,,
10615,Steuergerät Getriebe,Getriebesteuergerät,2 Motorraum,,2 Motorraum,,,,
10616,Steuergerät Zündung,Zündungssteuergerät,2 Motorraum,,2 Motorraum,,,,
10617,Steuergerät Wischergestänge,Wischergestänge-Steuergerät,2 Motorraum,,2 Motorraum,,,,
10618,Leerlaufregelventil,,2 Motorraum,,2 Motorraum,,,,
10619,Abgasrückführventil,,2 Motorraum,,2 Motorraum,,,,
10620,Radbolzensatz,,1 Unterboden,,1 Unterboden,,30000,,
10621,Traggelenk,,1 Unterboden,,1 Unterboden,,30000,,
10622,Wischergestänge,,3 Karosserie,Karosserie (Pflicht),3 Karosserie,,,,
10623,Alufelgen Satz,,3 Karosserie,Karosserie (Pflicht),1 Unterboden,Räder ordnet man sinnvollerweise dem Fahrwerk / Unterboden zu,30000,11261,
10624,Stahlfelgen Satz,,3 Karosserie,Karosserie (Pflicht),1 Unterboden,Räder ordnet man sinnvollerweise dem Fahrwerk / Unterboden zu,30000,11261,
10625,Felge Alu,,3 Karosserie,Karosserie (Pflicht),1 Unterboden,Räder ordnet man sinnvollerweise dem Fahrwerk / Unterboden zu,30000,10623,
10626,Druckspeicher,,2 Motorraum,,2 Motorraum,,,,
10627,Niveauregulierung,,2 Motorraum,,2 Motorraum,,,,
10628,Kreuzgelenk (Lenkung),Kreuzgelenk Lenkung,2 Motorraum,,2 Motorraum,,30000,,
10629,Saugrohrdrucksensor,,2 Motorraum,,2 Motorraum,,,,
10630,Türöffner innen,,4 Innenraum,,4 Innenraum,,,,
10631,Heizelement Türschloss,,4 Innenraum,,4 Innenraum,,,,
10632,Verteilerrohr Kraftstoff,,2 Motorraum,,2 Motorraum,,,,
10633,Klopfsensor,,2 Motorraum,,2 Motorraum,,,,
10634,Dach geschlossen,,3 Karosserie,Karosserie (Pflicht),3 Karosserie,,20005,,
10635,Motor ohne Anbauteile (Diesel),Motor ohne Anbauteile Diesel; Austauschmotor Diesel; Dieselmotor,2 Motorraum,,2 Motorraum,,,,
10636,Motor ohne Anbauteile (Benzin),Motor ohne Anbauteile Benzin; Austauschmotor Benzin; Benzinmotor,2 Motorraum,,2 Motorraum,,,,
10637,Blattfeder,,1 Unterboden,,1 Unterboden,,30000,,
10638,Sitzbank 2. Reihe Stoff nicht klappbar,,4 Innenraum,,4 Innenraum,,,,
10639,Sitzbank 2. Reihe Stoff klappbar,,4 Innenraum,,4 Innenraum,,,,
10640,Sitzbank 2. Reihe Leder nicht klappbar,,4 Innenraum,,4 Innenraum,,,,
10641,Sitzbank 2. Reihe Leder klappbar,,4 Innenraum,,4 Innenraum,,,,
10642,Sitzbank 2. Reihe Kunstleder nicht klappbar,,4 Innenraum,,4 Innenraum,,,,
10643,Sitzbank 2. Reihe Kunstleder klappbar,,4 Innenraum,,4 Innenraum,,,,
10644,Deckel Verdeckkasten,,3 Karosserie,Karosserie (Pflicht),3 Karosserie,,20005,,
10645,Sekundärluftgebläse,,2 Motorraum,,2 Motorraum,,,,
10646,Streuscheibe Hauptscheinwerfer,,3 Karosserie,Karosserie (Pflicht),3 Karosserie,,20003,10206,"Parent part auch 10210,10530, 10531"
10647,Streuscheibe Fernscheinwerfer,,3 Karosserie,Karosserie (Pflicht),3 Karosserie,,20003,10650,
10648,Kappe Hauptscheinwerfer,,3 Karosserie,Karosserie (Pflicht),3 Karosserie,,20003,10206,"Parent part auch 10210,10530, 10531"
10649,Streuscheibe Nebelscheinwerfer,,3 Karosserie,Karosserie (Pflicht),3 Karosserie,,20003,10240,
10650,Scheinwerfereinsatz Fernscheinwerfer,,3 Karosserie,Karosserie (Pflicht),3 Karosserie,,20003,10207,
10651,Scheinwerfereinsatz Hauptscheinwerfer,,3 Karosserie,Karosserie (Pflicht),3 Karosserie,,20003,10206,"Parent part auch 10210,10530, 10531"
10652,Scheinwerfereinsatz Nebelscheinwerfer,,3 Karosserie,Karosserie (Pflicht),3 Karosserie,,20003,10240,
10653,Lichtscheibe für Blinkleuchte,,3 Karosserie,Karosserie (Pflicht),3 Karosserie,,,10192,
10654,Lichtscheibe für Heckleuchte,,3 Karosserie,Karosserie (Pflicht),3 Karosserie,,20013,10859,
10655,Glühlampe Blinkleuchte,,3 Karosserie,Karosserie (Pflicht),3 Karosserie,,,10192,
10656,Glühlampe Hauptscheinwerfer,,3 Karosserie,Karosserie (Pflicht),3 Karosserie,,20003,10206,"Parent part auch 10210,10530, 10531"
10657,Glühlampe Kennzeichenleuchte,,3 Karosserie,Karosserie (Pflicht),3 Karosserie,,20013,10223,
10658,Glühlampe Nebelschlußleuchte,,3 Karosserie,Karosserie (Pflicht),3 Karosserie,,20013,10241,
10659,Einstiegblech,,3 Karosserie,Karosserie (Pflicht),3 Karosserie,,20005,,
10660,Frontscheibenrahmen,,3 Karosserie,Karosserie (Pflicht),3 Karosserie,,20001,,
10661,Rückfahrleuchte,,3 Karosserie,Karosserie (Pflicht),3 Karosserie,,20013,,
10662,Begrenzungsleuchte,,3 Karosserie,Karosserie (Pflicht),3 Karosserie,,,,
10663,Wischgummi,,3 Karosserie,Karosserie (Pflicht),3 Karosserie,,,10528,
10664,Heckwand,,3 Karosserie,Karosserie (Pflicht),3 Karosserie,,20011,,
10665,Gehäuse Heckleuchte,,3 Karosserie,Karosserie (Pflicht),3 Karosserie,,20013,10859,
10666,Verbreiterungssatz Kotflügel,,3 Karosserie,Karosserie (Pflicht),3 Karosserie,,20001,,
10667,Lampenträger Blinkleuchte,,3 Karosserie,Karosserie (Pflicht),3 Karosserie,,,10192,
10668,Lampenträger Bremsleuchte,,3 Karosserie,Karosserie (Pflicht),3 Karosserie,,20013,10561,
10669,Lampenträger Heckleuchte,,3 Karosserie,Karosserie (Pflicht),3 Karosserie,,20013,10859,
10670,Lampenträger Schlußleuchte,,3 Karosserie,Karosserie (Pflicht),3 Karosserie,,20013,,
10671,Stellelement für Leuchtweiteregulierung,,3 Karosserie,Karosserie (Pflicht),3 Karosserie,,20003,10206,"Parent part auch 10210,10530, 10531"
10672,Stellelement für Außenspiegel,,3 Karosserie,Karosserie (Pflicht),3 Karosserie,,20008,10609,"Parent Part auch 10584-10586, 10602-10605"
10673,Halter Außenspiegel,,3 Karosserie,Karosserie (Pflicht),3 Karosserie,,20005,10609,"Parent Part auch 10584-10586, 10602-10605"
10674,Scheinwerferleiste,,3 Karosserie,Karosserie (Pflicht),3 Karosserie,,20003,,
10675,Seitenwand,Seitenblech,3 Karosserie,Karosserie (Pflicht),3 Karosserie,,20011,,
10676,Karosserie,,3 Karosserie,Karosserie (Pflicht),3 Karosserie,,,,
10677,Umrißleuchte,,3 Karosserie,Karosserie (Pflicht),3 Karosserie,,,,
10678,Trittbrett,,3 Karosserie,Karosserie (Pflicht),3 Karosserie,,,,
10679,Umrüstsatz Scheinwerfer,,3 Karosserie,Karosserie (Pflicht),3 Karosserie,,20003,,
10680,Radhaus,,1 Unterboden,,1 Unterboden,,,,
10681,Heizungsregulierventil,,2 Motorraum,,2 Motorraum,,,,
10682,Sitzbank 2. Reihe,,4 Innenraum,,4 Innenraum,,,,
10683,Verkleidung D-Säule,Abdeckung D-Säule,4 Innenraum,,4 Innenraum,,,,
10684,Verkleidung Dachabschluss,Abdeckung Dachabschluss,3 Karosserie,Karosserie (Pflicht),3 Karosserie,,20005,,
10685,Verkleidung Dachrahmen,Abdeckung Dachrahmen,3 Karosserie,Karosserie (Pflicht),3 Karosserie,,20005,,
10686,Verkleidung Schweller,Abdeckung Schweller,3 Karosserie,Karosserie (Pflicht),3 Karosserie,,20005,,
10687,Verkleidung Motor,Abdeckung Motor,2 Motorraum,,2 Motorraum,,,,
10688,Verkleidung Ladeluftkühler,Abdeckung Ladeluftkühler,2 Motorraum,,2 Motorraum,,,11898,Optional
10689,Verkleidung Lenksäule,Abdeckung Lenksäule,4 Innenraum,,4 Innenraum,,30000,,
10690,Cassetten-Radio,,4 Innenraum,,4 Innenraum,,,,
10691,CD-Radio,,4 Innenraum,,4 Innenraum,,,,
10692,Minidisc-Radio,,4 Innenraum,,4 Innenraum,,,,
10693,Radio/CD-Wechsler-Kombination,,4 Innenraum,,4 Innenraum,,,,
10694,Minidisc-Radio/CD-Wechsler-Kombination,,4 Innenraum,,4 Innenraum,,,,
10695,Radio/Navigationssystem-Kombination,,4 Innenraum,,4 Innenraum,,,,
10696,Lautsprechersystem,,4 Innenraum,,4 Innenraum,,,,
10697,Audio-Verstärker,,4 Innenraum,,4 Innenraum,,,,
10698,Software für Navigationssystem,,4 Innenraum,,4 Innenraum,,,,
10699,CD-ROM-Strassenkarte,,4 Innenraum,,4 Innenraum,,,,
10700,Behälter Hydrauliköl,,2 Motorraum,,2 Motorraum,,,,
10701,Unterbodenschutz,,1 Unterboden,,1 Unterboden,,,,
10702,Reifendruck-Kontrollsystem,,2 Motorraum,,2 Motorraum,,,,
10703,Spannrolle,,2 Motorraum,,2 Motorraum,,,,
10704,Dichtung für Koffer-/Laderaumklappe,,3 Karosserie,Karosserie (Pflicht),3 Karosserie,,20012,,
10705,Mittelkonsole Unterbau,,4 Innenraum,,4 Innenraum,,,,
10706,Armaturenbrett Unterbau,,4 Innenraum,,4 Innenraum,,,,
10707,ABS-Regler,,2 Motorraum,,2 Motorraum,,20031,,
10708,Pollenfilterkasten,,4 Innenraum,,4 Innenraum,,,,
10709,Pollenfilter,Aktiv-Pollenfilter,4 Innenraum,,4 Innenraum,,,,
10710,Getränkehalter,,4 Innenraum,,4 Innenraum,,,,
10711,Leselampe,,4 Innenraum,,4 Innenraum,,,,
10712,Steuergerät Airbag,,2 Motorraum,,2 Motorraum,,20020,,
10713,Steuergerät ASR,,2 Motorraum,,2 Motorraum,,,,
10714,Steuergerät Automatikgetriebe,,2 Motorraum,,2 Motorraum,,,,
10715,Steuergerät Automatische Kupplung,,2 Motorraum,,2 Motorraum,,,,
10716,Steuergerät Beleuchtung,,2 Motorraum,,2 Motorraum,,,,
10717,Steuergerät Brems-/Fahrdynamik,,2 Motorraum,,2 Motorraum,,20031,,
10718,Steuergerät Dieseleinspritzanlage,,2 Motorraum,,2 Motorraum,,,,
10719,Steuergerät Einparkhilfe,,2 Motorraum,,2 Motorraum,,,,
10720,Steuergerät Fensterheber,,2 Motorraum,,2 Motorraum,,,,
10721,Steuergerät Geschwindigkeitsregelanlage,,2 Motorraum,,2 Motorraum,,,,
10722,Steuergerät Glühzeit,,2 Motorraum,,2 Motorraum,,,,
10723,Steuergerät Gurtgeber,,2 Motorraum,,2 Motorraum,,20021,,
10724,Steuergerät Gurtstraffer,,2 Motorraum,,2 Motorraum,,20021,,
10725,Steuergerät Heizung/Lüftung,,2 Motorraum,,2 Motorraum,,,,
10726,Steuergerät Klimaanlage,,2 Motorraum,,2 Motorraum,,,,
10727,Steuergerät Klopfsensor,,2 Motorraum,,2 Motorraum,,,,
10728,Steuergerät Kraftstoffeinspritzung,,2 Motorraum,,2 Motorraum,,,,
10729,Steuergerät Kühlmittelmangelanzeige,,2 Motorraum,,2 Motorraum,,,,
10730,Steuergerät Kurvenscheinwerfer,,2 Motorraum,,2 Motorraum,,,,
10731,Steuergerät Lambdaregelung,,2 Motorraum,,2 Motorraum,,,,
10732,Steuergerät Leerlaufregelung,,2 Motorraum,,2 Motorraum,,,,
10733,Steuergerät Leuchtweiteregulierung,,2 Motorraum,,2 Motorraum,,,,
10734,Steuergerät Luftfederung,,2 Motorraum,,2 Motorraum,,,,
10735,Steuergerät Regensensor,,2 Motorraum,,2 Motorraum,,,,
10736,Steuergerät Reifendruck-Kontrollsystem,,2 Motorraum,,2 Motorraum,,,,
10737,Steuergerät Servolenkung,,2 Motorraum,,2 Motorraum,,30000,,
10738,Steuergerät Sitzbelegungserkennung,,2 Motorraum,,2 Motorraum,,,,
10739,Steuergerät Sitzheizung,,2 Motorraum,,4 Innenraum,"Unwahrscheinlich, dass das Teil im Motorraum verbaut ist",,,
10740,Steuergerät Sitzverstellung,,2 Motorraum,,2 Motorraum,,,,
10741,Steuergerät Standheizung,,2 Motorraum,,2 Motorraum,,,,
10742,Steuergerät Tür-Zuzieh-Hilfe,,2 Motorraum,,2 Motorraum,,,,
10743,Steuergerät Vergaser,,2 Motorraum,,2 Motorraum,,,,
10744,Steuergerät Zentralverriegelung,,2 Motorraum,,2 Motorraum,,,,
10745,Steuergerätesatz ABS,,2 Motorraum,,2 Motorraum,,20031,,
10746,Steuergerät Anhängerkupplung,,2 Motorraum,,5 Sonstige,Klassisches Zubehörteil,,,
10747,Deckenschalter,,4 Innenraum,,4 Innenraum,,,,
10748,Schutzleiste Schweller,,3 Karosserie,Karosserie (Pflicht),3 Karosserie,,20005,,
10749,Motor Heckklappe,Motor Heckklappenöffner; Heckklappenantrieb,3 Karosserie,Karosserie (Pflicht),3 Karosserie,,20013,10347,"Parent Prt auch 10554,10555"
10750,Axialgelenk für Spurstange,Axialgelenk Spurstange,1 Unterboden,,1 Unterboden,,30000,,
10751,Blinkgeber,,2 Motorraum,,2 Motorraum,,,,
10752,Scheinwerfereinsatz für Suchscheinwerfer,Scheinwerfereinsatz Suchscheinwerfer,3 Karosserie,Karosserie (Pflicht),3 Karosserie,,20003,,
10753,Dichtung für Abgasrohr,Dichtung Abgasrohr,1 Unterboden,,1 Unterboden,,,,
10754,Sensor für Öldruck,Sensor Öldruck,2 Motorraum,,2 Motorraum,,,,
10755,Faltenbalgsatz für Antriebswelle,Faltenbalgsatz Antriebswelle,1 Unterboden,,1 Unterboden,,30000,10315,Auch 10316
10756,Gelenk für Antriebswelle,Gelenk Antriebswelle; Antriebswellengelenksatz,1 Unterboden,,1 Unterboden,,30000,,
10757,Lüftungsgitter für Stoßfänger,Lüftungsgitter Stoßfänger,3 Karosserie,Karosserie (Pflicht),3 Karosserie,,20000,10570,"Parent Part no is auch 10571-10580, 10611"
10758,Lagerung für Automatikgetriebe,Lagerung Automatikgetriebe,2 Motorraum,,2 Motorraum,,,,
10759,Lagerung für Lenker,Lagerung Lenker,1 Unterboden,,1 Unterboden,,30000,,
10760,Anschlagpuffer für Schalldämpfer,Anschlagpuffer Schalldämpfer,1 Unterboden,,1 Unterboden,,,,
10761,Haltering für Schalldämpfer,Haltering Schalldämpfer,1 Unterboden,,1 Unterboden,,,,
10762,Lenker für Radaufhängung,Lenker Radaufhängung,1 Unterboden,,1 Unterboden,,30000,,
10763,Generatorregler,,2 Motorraum,,2 Motorraum,,,,
10764,Waschwasserdüse für Scheibenreinigung,Waschwasserdüse Scheibenreinigung,3 Karosserie,Karosserie (Pflicht),3 Karosserie,,,,
10765,Umlenkrolle für Keilrippenriemen,Umlenkrolle Keilrippenriemen,2 Motorraum,,2 Motorraum,,,,
10766,Warnkontakt für Bremsbelagverschleiß,Warnkontakt Bremsbelagverschleiß,1 Unterboden,,1 Unterboden,,20031,,
10767,Sensor für Raddrehzahl,Sensor Raddrehzahl,1 Unterboden,,1 Unterboden,,30000,,
10768,Hydraulikfilter für Automatikgetriebe,Hydraulikfilter Automatikgetriebe,2 Motorraum,,2 Motorraum,,,,
10769,Filter für Innenraumluft,Filter Innenraumluft,4 Innenraum,,4 Innenraum,,,,
10770,Kipphebel für Motorsteuerung,Kipphebel Motorsteuerung,2 Motorraum,,2 Motorraum,,,,
10771,Dichtungssatz für Ölwanne,Dichtungssatz Ölwanne,2 Motorraum,,2 Motorraum,,,,
10772,Wärmetauscher für Innenraumheizung,Wärmetauscher Innenraumheizung,4 Innenraum,,4 Innenraum,,,,
10773,Kühlerschlauch,,2 Motorraum,,2 Motorraum,,,,
10774,Lenkhebel,,1 Unterboden,,1 Unterboden,,30000,,
10775,Kupplung für Kühlerlüfter,Kupplung Kühlerlüfter,2 Motorraum,,2 Motorraum,,,,
10776,Gasfeder für Motorhaube,Gasfeder Motorhaube,3 Karosserie,Karosserie (Pflicht),3 Karosserie,,20002,,
10777,Hochdruckschalter für Klimaanlage,Hochdruckschalter Klimaanlage,2 Motorraum,,2 Motorraum,,,,
10778,Ölschlauch,,2 Motorraum,,2 Motorraum,,,,
10779,Schlepphebel für Motorsteuerung,Schlepphebel Motorsteuerung,2 Motorraum,,2 Motorraum,,,,
10780,Verschlussschraube für Ölwanne,Verschlußschraube Ölwanne,2 Motorraum,,2 Motorraum,,,,
10781,Verschluss für Öleinfüllstutzen,Verschluß Öleinfüllstutzen,2 Motorraum,,2 Motorraum,,,,
10782,Reparatursatz für Umlenkhebel,Reparatursatz Umlenkhebel,2 Motorraum,,2 Motorraum,,30000,,
10783,Gelenk für Lenkwelle,Gelenk Lenkwelle,1 Unterboden,,1 Unterboden,,30000,,
10784,Zündleitungssatz,,2 Motorraum,,2 Motorraum,,,,
10785,Zündverteilerläufer,,2 Motorraum,,2 Motorraum,,,,
10786,Zündverteilerkappe,,2 Motorraum,,2 Motorraum,,,,
10787,Reparatursatz für Führungsstrebe für Radaufhängung,Reparatursatz Führungsstrebe Radaufhängung,1 Unterboden,,1 Unterboden,,30000,,
10788,Reparatursatz für Radaufhängung,Reparatursatz Radaufhängung,1 Unterboden,,1 Unterboden,,,,
10789,Reparatursatz für Querlenker,Reparatursatz Querlenker,1 Unterboden,,1 Unterboden,,30000,10469,
10790,Öldruckschalter,,2 Motorraum,,2 Motorraum,,,,
10791,Schalter für Bremsleuchte,Schalter Bremsleuchte,4 Innenraum,,4 Innenraum,,20031,,
10792,Schalter für Rückfahrleuchte,Schalter Rückfahrleuchte,4 Innenraum,,4 Innenraum,,,,
10793,Schalter für Türkontakt,Schalter Türkontakt,4 Innenraum,,4 Innenraum,,,,
10794,Zünd-/Startschalter,,4 Innenraum,,4 Innenraum,,,,
10795,Sensor für Ansauglufttemperatur,Sensor Ansauglufttemperatur,2 Motorraum,,2 Motorraum,,,,
10796,Sensor für Innenraumtemperatur,Sensor Innenraumtemperatur,2 Motorraum,,2 Motorraum,,,,
10797,Impulsgeber für Kurbelwelle,Impulsgeber Kurbelwelle,2 Motorraum,,2 Motorraum,,,,
10798,Sensor für Zündimpuls,Sensor Zündimpuls,2 Motorraum,,2 Motorraum,,,,
10799,Staubschutzsatz für Stoßdämpfer,Staubschutzsatz Stoßdämpfer,1 Unterboden,,1 Unterboden,,30000,,
10800,Aufnahme für Wagenheber,Aufnahme Wagenheber,4 Innenraum,,4 Innenraum,,,,
10801,Zier-/Schutzleiste für Frontverkleidung,Zier-/Schutzleiste Frontverkleidung,3 Karosserie,Karosserie (Pflicht),3 Karosserie,,20001,,
10802,Halter für Schalldämpfer,Halter Schalldämpfer,1 Unterboden,,1 Unterboden,,,,
10803,Halter für Abgasanlage,Halter Abgasanlage,1 Unterboden,,1 Unterboden,,,,
10804,Zahnrad für Kurbelwelle,Zahnrad Kurbelwelle,2 Motorraum,,2 Motorraum,,,,
10805,Lagerung für Achskörper,Lagerung Achskörper,1 Unterboden,,1 Unterboden,,30000,,
10806,Flansch für Vergaser,Flansch Vergaser,2 Motorraum,,2 Motorraum,,,,
10807,Bremsbackenbolzen,,1 Unterboden,,1 Unterboden,,20031,,
10808,Temperaturschalter für Kühlerlüfter,Temperaturschalter Kühlerlüfter,2 Motorraum,,2 Motorraum,,,,
10809,AGR-Ventil,,2 Motorraum,,2 Motorraum,,,,
10810,Federbeinlager,,1 Unterboden,,1 Unterboden,,30000,10463,
10811,Anschlagpuffer für Federung,Anschlagpuffer Federung,1 Unterboden,,1 Unterboden,,30000,,
10812,Sensor für Außentemperatur,Sensor Außentemperatur,3 Karosserie,Karosserie (Pflicht),3 Karosserie,,,,
10813,Sensor für Geschwindigkeit/Drehzahl,Sensor Geschwindigkeit/Drehzahl,1 Unterboden,,1 Unterboden,,,,
10814,Ventilstößel,,2 Motorraum,,2 Motorraum,,,,
10815,Schaltgerät für Zündanlage,Schaltgerät Zündanlage,2 Motorraum,,2 Motorraum,,,,
10816,Spoiler für Kühlergitter,Spoiler Kühlergitter,3 Karosserie,Karosserie (Pflicht),3 Karosserie,,20001,,
10817,Reparatursatz für Achskörper,Reparatursatz Achskörper,1 Unterboden,,1 Unterboden,,30000,,
10818,Sensor für Kühlmittelstand,Sensor Kühlmittelstand,2 Motorraum,,2 Motorraum,,,,
10819,Sensor für Motorölstand,Sensor Motorölstand,2 Motorraum,,2 Motorraum,,,,
10820,Federteller,,1 Unterboden,,1 Unterboden,,30000,,
10821,Sensor für Drosselklappenstellung,Sensor Drosselklappenstellung,2 Motorraum,,2 Motorraum,,,,
10822,Schraube für Spureinstellung,Schraube Spureinstellung,1 Unterboden,,1 Unterboden,,30000,,
10823,Bremsbackensatz für Feststellbremse,Bremsbackensatz Feststellbremse,1 Unterboden,,1 Unterboden,,20031,,
10824,Lagerung für Gelenkwelle,Lagerung Gelenkwelle,1 Unterboden,,1 Unterboden,,30000,,
10825,Niveauschalter für Waschwasservorrat,Niveauschalter Waschwasservorrat,2 Motorraum,,2 Motorraum,,,,
10826,Sensor für Nockenwellenposition,Sensor Nockenwellenposition,2 Motorraum,,2 Motorraum,,,,
10827,Lenkstockschalter,,4 Innenraum,,4 Innenraum,,,,
10828,Halter für Kühlerlüfter,Halter Kühlerlüfter,2 Motorraum,,2 Motorraum,,,,
10829,Ansaugschlauch für Luftfilter,Ansaugschlauch Luftfilter,2 Motorraum,,2 Motorraum,,,,
10830,Buchse für Wähl-/Schaltstange,Buchse Wähl-/Schaltstange,2 Motorraum,,2 Motorraum,,,,
10831,Buchse für Lenkhebelwelle,Buchse Lenkhebelwelle,2 Motorraum,,2 Motorraum,,30000,,
10832,Hülse für Querlenkerlagerung,Hülse Querlenkerlagerung,1 Unterboden,,1 Unterboden,,30000,10469,
10833,Trichter für Ölpeilstab,Trichter Ölpeilstab,2 Motorraum,,2 Motorraum,,,,
10834,Lagerung für Achsträger,Lagerung Achsträger,1 Unterboden,,1 Unterboden,,30000,,
10835,Lagerung für Achsstrebe,Lagerung Achsstrebe,1 Unterboden,,1 Unterboden,,,,
10836,Schwingungsdämpfer für Keilrippenriemen,Schwingungsdämpfer Keilrippenriemen,2 Motorraum,,2 Motorraum,,,,
10837,Reparatursatz für Zwischenwelle,Reparatursatz Zwischenwelle,1 Unterboden,,1 Unterboden,,,,
10838,Bedienelement für Klimaanlage,Bedienelement Klimaanlage,4 Innenraum,,4 Innenraum,,,,
10839,Buchse für Lenkwelle,Buchse Lenkwelle,1 Unterboden,,1 Unterboden,,30000,,
10840,Anschlagpuffer für Luftfilter,Anschlagpuffer Luftfilter,2 Motorraum,,2 Motorraum,,,,
10841,Relais für Glühanlage,Relais Glühanlage,2 Motorraum,,2 Motorraum,,,,
10842,Buchse für Schaltstange,Buchse Schaltstange,1 Unterboden,,1 Unterboden,,,,
10843,Schlauch für Getriebeölkühler,Schlauch Getriebeölkühler,2 Motorraum,,2 Motorraum,,,,
10844,Membran für Vergaser,Membran Vergaser,2 Motorraum,,2 Motorraum,,,,
10845,Sensor für Außentemperatur,Sensor Außentemperatur,3 Karosserie,Karosserie (Pflicht),3 Karosserie,,,,
10846,Reparatursatz für Stabilisatorkoppelstange,Reparatursatz Stabilisatorkoppelstange,1 Unterboden,,1 Unterboden,,30000,,
10847,Zahnrad für Steuerkettenumlenkung,Zahnrad Steuerkettenumlenkung,2 Motorraum,,2 Motorraum,,,,
10848,Reparatursatz für Wasserpumpenentlüftung,Reparatursatz Wasserpumpenentlüftung,2 Motorraum,,2 Motorraum,,,,
10849,Verschlußstopfen für Kühlmittelflansch,Verschlußstopfen Kühlmittelflansch,2 Motorraum,,2 Motorraum,,,,
10850,Sensor für Kraftstoffdruck,Sensor Kraftstoffdruck,2 Motorraum,,2 Motorraum,,,,
10851,Relais für Starter,Relais Starter,2 Motorraum,,2 Motorraum,,,,
10852,Luftdrucksensor für Höhenanpassung,Luftdrucksensor Höhenanpassung,1 Unterboden,,1 Unterboden,,30000,,
10853,Wasserkasten für Kühler,Wasserkasten Kühler,2 Motorraum,,2 Motorraum,,,,
10854,Vorwiderstand für Klimalüfter,Vorwiderstand Klimalüfter,2 Motorraum,,2 Motorraum,,,,
10855,Sensor für Kühlmitteltemperatur,Sensor Kühlmitteltemperatur,2 Motorraum,,2 Motorraum,,,,
10856,Rahmen für Motorkühler,Rahmen Motorkühler,2 Motorraum,,2 Motorraum,,,,
10857,Innenraumgebläse,,4 Innenraum,,4 Innenraum,,,,
10858,Kettenspanner für Ölpumpenantrieb,Kettenspanner Ölpumpenantrieb,2 Motorraum,,2 Motorraum,,,,
10859,Heckleuchtensatz,,3 Karosserie,Karosserie (Pflicht),3 Karosserie,,20013,,
10860,Kühlmittelflansch,,2 Motorraum,,2 Motorraum,,,,
10861,Stange/Strebe für Radaufhängung,Stange/Strebe Radaufhängung,1 Unterboden,,1 Unterboden,,30000,,
10862,Entlüfterschraube/-ventil für Kühler,Entlüfterschraube/-ventil Kühler,2 Motorraum,,2 Motorraum,,,10204,
10863,Bremsbackensatz,,1 Unterboden,,1 Unterboden,,20031,,
10864,Kugelbolzen für Spurstange,Kugelbolzen Spurstange,1 Unterboden,,1 Unterboden,,30000,,
10865,Faltenbalg für Lenkung,Faltenbalg Lenkung,1 Unterboden,,1 Unterboden,,30000,,
10866,Faltenbalg für Antriebswelle,Faltenbalg Antriebswelle,1 Unterboden,,1 Unterboden,,30000,10315,Auch 10316
10867,Faltenbalgsatz für Lenkung,Faltenbalgsatz Lenkung,1 Unterboden,,1 Unterboden,,30000,,
10868,Lagerung für Schaltgetriebe,Lagerung Schaltgetriebe,2 Motorraum,,2 Motorraum,,,,
10869,Dämpfer für Motorlagerung,Dämpfer Motorlagerung,2 Motorraum,,2 Motorraum,,,,
10870,Umlenkrolle für Zahnriemen,Umlenkrolle Zahnriemen,2 Motorraum,,2 Motorraum,,,,
10871,Dichtung für Zylinderkopf,Dichtung Zylinderkopf,2 Motorraum,,2 Motorraum,,,,
10872,Lagerbuchse für Stabilisator,Lagerbuchse Stabilisator,1 Unterboden,,1 Unterboden,,30000,,
10873,Hebelauge für Spurstange,Hebelauge Spurstange,1 Unterboden,,1 Unterboden,,30000,,
10874,Gelenk für Hinterachse,Gelenk Hinterachse,1 Unterboden,,1 Unterboden,,30000,,
10875,Seilzug für Kupplungsbetätigung,Seilzug Kupplungsbetätigung,2 Motorraum,,2 Motorraum,,,,
10876,Lagerbock für Motoraufhängung,Lagerbock Motoraufhängung,2 Motorraum,,2 Motorraum,,,,
10877,Lenkgestänge,,1 Unterboden,,1 Unterboden,,30000,,
10878,Halter für Motoraufhängung,Halter Motoraufhängung; Motorhalter,2 Motorraum,,2 Motorraum,,,,
10879,Spannarm für Keilrippenriemen,Spannarm Keilrippenriemen,2 Motorraum,,2 Motorraum,,,,
10880,Riemenspanner für Zahnriemen,Riemenspanner Zahnriemen,2 Motorraum,,2 Motorraum,,,,
10881,Spanner für Steuerkette,Spanner Steuerkette,2 Motorraum,,2 Motorraum,,,,
10882,Reparatursatz für Achsschenkelbolzen,Reparatursatz Achsschenkelbolzen,1 Unterboden,,1 Unterboden,,30000,10460,Auch 10960
10883,Reparatursatz für Führungsbolzen,Reparatursatz Führungsbolzen,1 Unterboden,,1 Unterboden,,30000,,
10884,Elektromotor für Kühlerlüfter,Elektromotor Kühlerlüfter,2 Motorraum,,2 Motorraum,,,,
10885,Schalter für Innenraumleuchte,Schalter Innenraumleuchte,4 Innenraum,,4 Innenraum,,,,
10886,Spurstangenrohr,,1 Unterboden,,1 Unterboden,,30000,,
10887,Lagerung für Stoßdämpfer,Lagerung Stoßdämpfer,1 Unterboden,,1 Unterboden,,30000,,
10888,Gleitschiene für Steuerkette,Gleitschiene Steuerkette,2 Motorraum,,2 Motorraum,,,,
10889,Lagerung für Stabilisator,Lagerung Stabilisator,1 Unterboden,,1 Unterboden,,30000,,
10890,Gelenk für Längswelle,Gelenk Längswelle,1 Unterboden,,1 Unterboden,,30000,,
10891,Anschlagpuffer für Motoraufhängung,Anschlagpuffer Motoraufhängung,2 Motorraum,,2 Motorraum,,,,
10892,Sensor für Nockenwelle,Sensor Nockenwelle,2 Motorraum,,2 Motorraum,,,,
10893,Montagesatz für Lenker,Montagesatz Lenker,1 Unterboden,,1 Unterboden,,30000,,
10894,Lagerung für Automatikgetriebeträger,Lagerung Automatikgetriebeträger,2 Motorraum,,2 Motorraum,,,,
10895,Lagerung für Schaltgetriebeträger,Lagerung Schaltgetriebeträger,2 Motorraum,,2 Motorraum,,,,
10896,Lagerung für Panhardstab,Lagerung Panhardstab,1 Unterboden,,1 Unterboden,,30000,,
10897,Lager für Federbeinlager,Lager Federbeinlager,1 Unterboden,,1 Unterboden,,30000,10463,
10898,Reparatursatz für Federbeinlager,Reparatursatz Federbeinlager,1 Unterboden,,1 Unterboden,,30000,10463,
10899,Umlenkrolle für Keilriemen,Umlenkrolle Keilriemen,2 Motorraum,,2 Motorraum,,,,
10900,Lagerung für Generator,Lagerung Generator,2 Motorraum,,2 Motorraum,,,,
10901,Lagerung für Verteilergetriebe,Lagerung Verteilergetriebe,2 Motorraum,,2 Motorraum,,,,
10902,Druckspeicher für Federung/Dämpfung,Druckspeicher Federung/Dämpfung,2 Motorraum,,2 Motorraum,,,,
10903,Schließzylinder für Zündschloß,Schließzylinder Zündschloß,3 Karosserie,Karosserie (Pflicht),4 Innenraum,Gehört zum Lenkschloss,,,
10904,Winkelgelenk für Lenkschubstange,Winkelgelenk Lenkschubstange,1 Unterboden,,1 Unterboden,,30000,,
10905,Lagerung für Stabilisatorkoppelstange,Lagerung Stabilisatorkoppelstange,1 Unterboden,,1 Unterboden,,30000,,
10906,Schwingungstilger für Gelenkwelle,Schwingungstilger Gelenkwelle,1 Unterboden,,1 Unterboden,,,,
10907,Lagerung für Kühler,Lagerung Kühler,2 Motorraum,,2 Motorraum,,,,
10908,Spannrolle für Keilriemen,Spannrolle Keilriemen,2 Motorraum,,2 Motorraum,,,,
10909,Lagerzapfen für Spannrollenhebel,Lagerzapfen Spannrollenhebel,2 Motorraum,,2 Motorraum,,,,
10910,Kette für Ölpumpenantrieb,Kette Ölpumpenantrieb,2 Motorraum,,2 Motorraum,,,,
10911,Querlenkerabstützung,,1 Unterboden,,1 Unterboden,,30000,,
10912,Dichtung für Abgaskrümmer,Dichtung Abgaskrümmer,2 Motorraum,,2 Motorraum,,,,
10913,Dichtung für Ansaug-/Abgaskrümmer,Dichtung Ansaug-/Abgaskrümmer,2 Motorraum,,2 Motorraum,,,,
10914,Dichtung für Ansaugkrümmer,Dichtung Ansaugkrümmer,2 Motorraum,,2 Motorraum,,,,
10915,Dichtungssatz für Ansaugkrümmer,Dichtungssatz Ansaugkrümmer,2 Motorraum,,2 Motorraum,,,,
10916,Dichtring für Ölablassschraube,Dichtring Ölablassschraube,1 Unterboden,,1 Unterboden,,,,
10917,Dichtungssatz für Kurbelgehäuse,Dichtungssatz Kurbelgehäuse,2 Motorraum,,2 Motorraum,,,,
10918,Dichtungssatz für Zylinderlaufbuchse,Dichtungssatz Zylinderlaufbuchse,2 Motorraum,,2 Motorraum,,,,
10919,Dichtungssatz für Lader,Dichtungssatz Lader,2 Motorraum,,2 Motorraum,,,,
10920,Dichtring für Abgasrohr,Dichtring Abgasrohr,1 Unterboden,,1 Unterboden,,,,
10921,Dichtungssatz für Zylinderkopf,Dichtungssatz Zylinderkopf,2 Motorraum,,2 Motorraum,,,,
10922,Dichtung für Zylinderkopfhaube,Dichtung Zylinderkopfhaube,2 Motorraum,,2 Motorraum,,,,
10923,Dichtring für Ventilschaft,Dichtring Ventilschaft,2 Motorraum,,2 Motorraum,,,,
10924,Dichtungssatz für Ventilschaft,Dichtungssatz Ventilschaft,2 Motorraum,,2 Motorraum,,,,
10925,Dichtung für Ölwanne,Dichtung Ölwanne,2 Motorraum,,2 Motorraum,,,,
10926,Dichtungsvollsatz für Motor,Dichtungsvollsatz Motor,2 Motorraum,,2 Motorraum,,,,
10927,Dichtungssatz für Steuergehäuse,Dichtungssatz Steuergehäuse,2 Motorraum,,2 Motorraum,,,,
10928,Wellendichtring für Kurbelwelle,Wellendichtring Kurbelwelle,2 Motorraum,,2 Motorraum,,,,
10929,Dichtungssatz für Schaltgetriebe,Dichtungssatz Schaltgetriebe,2 Motorraum,,2 Motorraum,,,,
10930,Dichtungssatz für Differential,Dichtungssatz Differential,2 Motorraum,,2 Motorraum,,,,
10931,Wellendichtring für Nockenwelle,Wellendichtring Nockenwelle,2 Motorraum,,2 Motorraum,,,,
10932,Zylinderkopfhaube,,2 Motorraum,,2 Motorraum,,,,
10933,Dichtungssatz für Zylinderkopfhaube,Dichtungssatz Zylinderkopfhaube,2 Motorraum,,2 Motorraum,,,,
10934,Dichtungssatz für Vergaser,Dichtungssatz Vergaser,2 Motorraum,,2 Motorraum,,,,
10935,Zylinderkopfschraubensatz,,2 Motorraum,,2 Motorraum,,,,
10936,Wegstrecken-Frequenzgeber,,1 Unterboden,,1 Unterboden,,,,
10937,Gelenkkreuz,,1 Unterboden,,1 Unterboden,,,,
10938,Rückspiegelschalter,,4 Innenraum,,4 Innenraum,,,,
10939,Überspannungsschutz,,2 Motorraum,,2 Motorraum,,,,
10940,Fahrradträger Dach,,3 Karosserie,Karosserie (Pflicht),3 Karosserie,,20005,,
10941,Fahrradträger Heck,,3 Karosserie,Karosserie (Pflicht),3 Karosserie,,20011,,
10942,Hinterachse komplett,,1 Unterboden,,1 Unterboden,,30000,,
10943,Innenraumleuchte,,4 Innenraum,,4 Innenraum,,,,
10944,Sensor für Gaspedalstellung,,4 Innenraum,,4 Innenraum,,,,
10945,Elektromotor für Innenraumgebläse,,2 Motorraum,,2 Motorraum,,,,
10946,Waschwasserpumpe für Scheinwerferreinigung,,2 Motorraum,,2 Motorraum,,,,
10947,Warnblinkrelais,,2 Motorraum,,2 Motorraum,,,,
10948,Relais fürZentralverriegelung,,2 Motorraum,,2 Motorraum,,,,
10949,Relais für Kühlerlüfternachlauf,,2 Motorraum,,2 Motorraum,,,,
10950,Kraftstofffördereinheit,,2 Motorraum,,2 Motorraum,,,,
10951,Relais für Abblendlicht,,2 Motorraum,,2 Motorraum,,,,
10952,Gebläseschalter Heizung/Lüftung,,4 Innenraum,,4 Innenraum,,,,
10953,Sensor für Ladedruck,,2 Motorraum,,2 Motorraum,,,,
10954,Widerstand Innenraumgebläse,,2 Motorraum,,2 Motorraum,,,,
10955,Überspannungsschutzrelais für ABS,,2 Motorraum,,2 Motorraum,,,,
10956,Sensor für Xenonlicht Leuchtweiteregulierung,,2 Motorraum,,2 Motorraum,,,,
10957,Schiebedach Glas,,3 Karosserie,Karosserie (Pflicht),3 Karosserie,,20005,,
10958,Schiebedach Metall,,3 Karosserie,Karosserie (Pflicht),3 Karosserie,,20005,,
10959,Sitzgarnitur komplett Leder nicht geteilt,,4 Innenraum,,4 Innenraum,,,,
10960,Achsschenkel (ABS),,1 Unterboden,,1 Unterboden,,30000,,
10961,Achse (ABS),,1 Unterboden,,1 Unterboden,,30000,,
10962,Vorderachse komplett,,1 Unterboden,,1 Unterboden,,30000,,
10963,Vorderachse (ABS) komplett,,1 Unterboden,,1 Unterboden,,30000,,
10964,Hinterachse (ABS) komplett,,1 Unterboden,,1 Unterboden,,30000,,
10965,Ventil für Kraftstoffförderanlage,,2 Motorraum,,2 Motorraum,,,,
10966,Kugelkopf für Schaltgestänge,,1 Unterboden,,1 Unterboden,,,,
10967,Kipphebelwelle für Motorsteuerung,,2 Motorraum,,2 Motorraum,,,,
10968,Pumpe für Kraftstoffvorförderung,,2 Motorraum,,2 Motorraum,,,,
10969,Spannarm für Zahnriemen,,2 Motorraum,,2 Motorraum,,,,
10970,Zahnrad für Nockenwelle,,2 Motorraum,,2 Motorraum,,,,
10971,Reparatursatz für Stabilisatorlager,,2 Motorraum,,2 Motorraum,,,,
10972,Kühlmittelregelventil,,2 Motorraum,,2 Motorraum,,,,
10973,Sensorring für ABS,,1 Unterboden,,1 Unterboden,,20031,,
10974,Schwingungsdämpfer für Zahnriemen,,2 Motorraum,,2 Motorraum,,,,
10975,Lüfterblatt für Klimakondensator,,2 Motorraum,,2 Motorraum,,,,
10976,Antriebsstange für Wischergestänge,,2 Motorraum,,2 Motorraum,,,,
10977,Gestängedämpfer für Einspritzanlage,,2 Motorraum,,2 Motorraum,,,,
10978,Sensor für Kraftstoffdruck,,2 Motorraum,,2 Motorraum,,,,
10979,Expansionsventil für Klimaanlage,,2 Motorraum,,2 Motorraum,,,,
10980,Niederdruckleitung für Klimaanlage,,2 Motorraum,,2 Motorraum,,,,
10981,Hochdruck-/Niederdruckleitung für Klimaanlage,Klimaleitung,2 Motorraum,,2 Motorraum,,,,
10982,Hochdruckleitung für Klimaanlage,,2 Motorraum,,2 Motorraum,,,,
10983,Niederdruckschalter für Klimaanlage,,2 Motorraum,,2 Motorraum,,,,
10984,Ölkühler für Automatikgetriebe,,2 Motorraum,,2 Motorraum,,,,
10985,Druckschalter für Klimaanlage,,2 Motorraum,,2 Motorraum,,,,
10986,Rohrleitung für Wärmetauscher,,2 Motorraum,,2 Motorraum,,,,
10987,Airbag Dach,Dachairbag; Dach-Airbag,4 Innenraum,,4 Innenraum,,20020,,
10988,Airbag Beifahrer,Beifahrerairbag; Beifahrer-Airbag,4 Innenraum,,4 Innenraum,,20020,,
10989,Airbag Fahrer,Fahrerairbag; Fahrer-Airbag,4 Innenraum,,4 Innenraum,,20020,,
10990,Gurtstraffer,,4 Innenraum,,4 Innenraum,,20021,,
10991,Airbag Knie,Knieairbag; Knie-Airbag,4 Innenraum,,4 Innenraum,,20020,,
10992,Airbag Seite,Seitenairbag,4 Innenraum,,4 Innenraum,,20020,,
10993,Pumpe-Düse-Einheit,,2 Motorraum,,2 Motorraum,,,,
10994,Sensor für ESP,Sensor Querbeschleunigung,2 Motorraum,,2 Motorraum,,,,
10995,Sensor für Längsbeschleunigung,,2 Motorraum,,2 Motorraum,,,,
10996,Abdeckung für Zahnriemen,,2 Motorraum,,2 Motorraum,,,,
10997,Achsgetriebeöl,,1 Unterboden,,1 Unterboden,,,,
10998,Achsmutter für Antriebswelle,,1 Unterboden,,1 Unterboden,,,,
10999,Achsschenkelbolzen,,1 Unterboden,,1 Unterboden,,30000,,
11000,Aktivkohlefilter für Tankentlüftung,,2 Motorraum,,2 Motorraum,,,,
11001,Anlasserbuchse für Kupplungsglocke,,2 Motorraum,,2 Motorraum,,,,
11002,Anschlussleitung für Unfalldatenspeicher,,2 Motorraum,,2 Motorraum,,,,
11003,Ausrücklager,,2 Motorraum,,2 Motorraum,,,,
11004,Bremsbelag für Scheibenfeststellbremse,,1 Unterboden,,1 Unterboden,,20031,,
11005,Bremsbelag für Trommelbremse,,1 Unterboden,,1 Unterboden,,20031,11312,
11006,Bremssattelachssatz,,1 Unterboden,,1 Unterboden,,20031,,
11007,Buchse für Lenkstockhebel,,2 Motorraum,,2 Motorraum,,,,
11008,Buchse für Stoßdämpfer,,1 Unterboden,,1 Unterboden,,30000,,
11009,Clip für Stoßfänger,,3 Karosserie,Karosserie (Pflicht),3 Karosserie,,20000,10570,"Parent Part no is auch 10571-10580, 10611"
11010,Dichtring für Thermoschalter,,2 Motorraum,,2 Motorraum,,,,
11011,Dichtung für Differenzial,,2 Motorraum,,2 Motorraum,,,,
11012,Dichtung für Heckscheibe,,3 Karosserie,Karosserie (Pflicht),3 Karosserie,,20011,,
11013,Dichtung für Kraftstoffpumpe,,2 Motorraum,,2 Motorraum,,,,
11014,Dichtung für Kühlmittelflansch,,2 Motorraum,,2 Motorraum,,,,
11015,Dichtung für Kurbelgehäuseentlüftung,,2 Motorraum,,2 Motorraum,,,,
11016,Dichtung für Öleinfüllstutzenverschluss,,2 Motorraum,,2 Motorraum,,,,
11017,Dichtung für Ölfiltergehäuse,,2 Motorraum,,2 Motorraum,,,,
11018,Dichtung für Ölpeilstab,,2 Motorraum,,2 Motorraum,,,,
11019,Dichtung für Ölpumpe,,2 Motorraum,,2 Motorraum,,,,
11020,Dichtung für Schaltgestänge,,2 Motorraum,,2 Motorraum,,,,
11021,Dichtung für Schaltgetriebe,,2 Motorraum,,2 Motorraum,,,,
11022,Dichtung für Seitenscheibe,,3 Karosserie,Karosserie (Pflicht),3 Karosserie,,20011,,
11023,Dichtung für Steuergehäuse,,2 Motorraum,,2 Motorraum,,,,
11024,Dichtung für Stößelstangenschutzrohr,,2 Motorraum,,2 Motorraum,,,,
11025,Dichtung für Tankgeber,,2 Motorraum,,2 Motorraum,,,,
11026,Dichtung für Thermostat,,2 Motorraum,,2 Motorraum,,,,
11027,Dichtung für Thermostatgehäuse,,2 Motorraum,,2 Motorraum,,,,
11028,Dichtung für Vergaserflansch,,2 Motorraum,,2 Motorraum,,,,
11029,Dichtung für Wasserpumpe,,2 Motorraum,,2 Motorraum,,,,
11030,Dichtung für Zylinderkopfhaubenschrauben,,2 Motorraum,,2 Motorraum,,,,
11031,Dichtungssatz für Abgaskrümmer,,2 Motorraum,,2 Motorraum,,,,
11032,Dichtungssatz für Bremssattel,,1 Unterboden,,1 Unterboden,,20031,10483,
11033,Dichtungssatz für Radnabe,,1 Unterboden,,1 Unterboden,,30000,,
11034,Diodenträger für Generator,,2 Motorraum,,2 Motorraum,,,,
11035,Druckstück für Einlass-/Auslassventil,,2 Motorraum,,2 Motorraum,,,,
11036,Einparkhilfe,,2 Motorraum,,2 Motorraum,,,,
11037,Entlüftungsschlauch für Kraftstoffbehälter,,2 Motorraum,,2 Motorraum,,,,
11038,Feder für Schalldämpfer,,1 Unterboden,,1 Unterboden,,,,
11039,Federgehänge,,1 Unterboden,,1 Unterboden,,,,
11040,Filter für Kurbelgehäuseentlüftung,,2 Motorraum,,2 Motorraum,,,,
11041,Flanschdeckel für Automatikgetriebe,,2 Motorraum,,2 Motorraum,,,,
11042,Flanschdeckel für Schaltgetriebe,,2 Motorraum,,2 Motorraum,,,,
11043,Führungshülse für Kupplung,,2 Motorraum,,2 Motorraum,,,,
11044,Führungshülsensatz für Bremssattel,,1 Unterboden,,1 Unterboden,,20031,,
11045,Führungslager für Kupplung,,2 Motorraum,,2 Motorraum,,,,
11046,Gasabscheider für Vergaser,,2 Motorraum,,2 Motorraum,,,,
11047,Gasfeder für Heckscheibe,,3 Karosserie,Karosserie (Pflicht),3 Karosserie,,20011,,
11048,Gehäuse für Kennzeichenleuchte,,3 Karosserie,Karosserie (Pflicht),3 Karosserie,,20013,10223,
11049,Gelenk für Lenksäule,,2 Motorraum,,2 Motorraum,,,,
11050,Generatorfreilauf,,2 Motorraum,,2 Motorraum,,,,
11051,Gewindehülse Federbein,,1 Unterboden,,1 Unterboden,,30000,,
11052,Glühlampe für Brems-/Schlusslicht,,3 Karosserie,Karosserie (Pflicht),3 Karosserie,,20013,10561,
11053,Glühlampe für Hauptlichtschalter,,3 Karosserie,Karosserie (Pflicht),3 Karosserie,,20003,10206,"Parent part auch 10210,10530, 10531"
11054,Glühlampe für Innenraumleuchte,,4 Innenraum,,4 Innenraum,,,,
11055,Glühlampe für Instrumentenbeleuchtung,,4 Innenraum,,4 Innenraum,,,,
11056,Glühlampe für Klimaregulierung,,4 Innenraum,,4 Innenraum,,,,
11057,Glühlampe für Leseleuchte,,4 Innenraum,,4 Innenraum,,,,
11058,Glühlampe für Nebelscheinwerfer,,3 Karosserie,Karosserie (Pflicht),3 Karosserie,,20003,10240,
11059,Glühlampe für Park-/Positionsleuchte,,3 Karosserie,Karosserie (Pflicht),3 Karosserie,,20003,,
11060,Glühlampe für Rückfahrleuchte,,3 Karosserie,Karosserie (Pflicht),3 Karosserie,,20013,10661,
11061,Glühlampe für Türleuchte,,4 Innenraum,,4 Innenraum,,,,
11062,Halter für Hauptscheinwerfer,,3 Karosserie,Karosserie (Pflicht),3 Karosserie,,20003,10206,"Parent part auch 10210,10530, 10531"
11063,Halter für Kraftstoffpumpe,,2 Motorraum,,2 Motorraum,,,,
11064,Handsensor für Alarmanlage,,4 Innenraum,,4 Innenraum,,,,
11065,Heckklappengriff,,3 Karosserie,Karosserie (Pflicht),3 Karosserie,,20014,10347,"Parent Prt auch 10554,10555"
11066,Kappe für Radlager,,1 Unterboden,,1 Unterboden,,30000,,
11067,Keilrippenriemen,,2 Motorraum,,2 Motorraum,,,,
11068,Keilrippenriemensatz,,2 Motorraum,,2 Motorraum,,,,
11069,Klemmstück für Abgasanlage,,1 Unterboden,,1 Unterboden,,,,
11070,Kofferraumleuchte,,3 Karosserie,Karosserie (Pflicht),3 Karosserie,,20013,,
11071,Kraftstoffschlauch,,2 Motorraum,,2 Motorraum,,,,
11072,Kühlmittelrohrleitung,,2 Motorraum,,2 Motorraum,,,,
11073,Kupplungsleitung,,2 Motorraum,,2 Motorraum,,,,
11074,Ladedruckregelventil,,2 Motorraum,,2 Motorraum,,,,
11075,Ladeluftschlauch,,2 Motorraum,,2 Motorraum,,,,
11076,Lager für Gelenkwellenmittellager,,1 Unterboden,,1 Unterboden,,,,
11077,Lager für Lüfterwelle-Motorkühlung,,2 Motorraum,,2 Motorraum,,,,
11078,Lagerbock für Schaltgestänge,,2 Motorraum,,2 Motorraum,,,,
11079,Lagerung für Blattfeder,,1 Unterboden,,1 Unterboden,,30000,,
11080,Lagerung für Lenkgetriebe,,2 Motorraum,,2 Motorraum,,30000,,
11081,Lagerung für Spurstange,,2 Motorraum,,2 Motorraum,,,,
11082,Lichtwarner,,4 Innenraum,,4 Innenraum,,,,
11083,Mutter für Achsstummel,,1 Unterboden,,1 Unterboden,,,,
11084,Nebelscheinwerfersatz,,3 Karosserie,Karosserie (Pflicht),3 Karosserie,,20003,10240,
11085,Ölabstreifblech für Kurbelgehäuseentlüftung,,2 Motorraum,,2 Motorraum,,,,
11086,Pedalbelag für Bremspedal,,4 Innenraum,,4 Innenraum,,20031,11375,
11087,Pedalbelag für Kupplungsbelag,,4 Innenraum,,4 Innenraum,,,,
11088,Pleuellager,,2 Motorraum,,2 Motorraum,,,,
11089,Pleuelschraube,,2 Motorraum,,2 Motorraum,,,,
11090,Puffer für Motorhaube,,3 Karosserie,Karosserie (Pflicht),3 Karosserie,,20002,,
11091,Pulldowndose für Vergaser,,2 Motorraum,,2 Motorraum,,,,
11092,Radschraube,,1 Unterboden,,1 Unterboden,,30000,,
11093,Relais für Innenraumgebläse,,4 Innenraum,,4 Innenraum,,,,
11094,Relais für Nebelscheinwerfer,,2 Motorraum,,2 Motorraum,,,,
11095,Reparatursatz für Federbolzen,,1 Unterboden,,1 Unterboden,,30000,,
11096,Reparatursatz für Automatikgetriebeflansch,,2 Motorraum,,2 Motorraum,,,,
11097,Reparatursatz für Bremssattel,,1 Unterboden,,1 Unterboden,,20031,,
11098,Reparatursatz für Lenker,,2 Motorraum,,2 Motorraum,,,,
11099,Reparatursatz für Lenkgetriebe,,2 Motorraum,,2 Motorraum,,30000,100504,Auch 10505
11100,Reparatursatz für Schaltgetriebeflansch,,2 Motorraum,,2 Motorraum,,,,
11101,Reparatursatz für Schalthebel,,2 Motorraum,,2 Motorraum,,,,
11102,Reparatursatz für Spannarm-Keilrippenriemen,,2 Motorraum,,2 Motorraum,,,,
11103,Reparatursatz für Spurstange,,1 Unterboden,,1 Unterboden,,30000,,
11104,Reparatursatz für Spurstangenkopf,,1 Unterboden,,1 Unterboden,,30000,,
11105,Reparatursatz für Trag-/Führungsgelenk,,1 Unterboden,,1 Unterboden,,30000,,
11106,Reparatursatz für Zündverteiler,,2 Motorraum,,2 Motorraum,,,,
11107,Reparartursatz für Axialgelenk Spurstange,,1 Unterboden,,1 Unterboden,,30000,,
11108,Resonator für Abgasanlage,,1 Unterboden,,1 Unterboden,,,,
11109,Rohrverbinder für Abgasanlage,,1 Unterboden,,1 Unterboden,,,,
11110,Rollensatz für Zahnriemen,,2 Motorraum,,2 Motorraum,,,,
11111,Saugrohr für Luftversorgung,,2 Motorraum,,2 Motorraum,,,,
11112,Schlauch für Kurbelgehäuseentlüftung,,2 Motorraum,,2 Motorraum,,,,
11113,Schlauch für Wärmetauscher-Heizung,,2 Motorraum,,2 Motorraum,,,,
11114,Schlauchverbinder für Kraftstoffschlauch,,2 Motorraum,,2 Motorraum,,,,
11115,Schraube für Bremsscheibe,,1 Unterboden,,1 Unterboden,,20031,,
11116,Schraube für Gelenkwellenflansch,,2 Motorraum,,2 Motorraum,,,,
11117,Schraube für Kühlerverschluss,,2 Motorraum,,2 Motorraum,,,,
11118,Schraube für Lagerbock-Kurbelwelle,,2 Motorraum,,2 Motorraum,,,,
11119,Schraube für Spanrolle,,2 Motorraum,,2 Motorraum,,,,
11120,Schutzdeckel für Radnabe,,1 Unterboden,,1 Unterboden,,30000,,
11121,Schwimmer für Vergaser,,2 Motorraum,,2 Motorraum,,,,
11122,Seilzug für Betriebsbremse,,1 Unterboden,,1 Unterboden,,20031,,
11123,Sensor für Kraftstoffvorrat,,2 Motorraum,,2 Motorraum,,,,
11124,Sicherungsblech für Trag-/Führungsgelenk,,1 Unterboden,,1 Unterboden,,30000,,
11125,Spurstangensatz,,1 Unterboden,,1 Unterboden,,30000,,
11126,Starterzug,,2 Motorraum,,2 Motorraum,,,,
11127,Steckerhülse für Zündanlage,,2 Motorraum,,2 Motorraum,,,,
11128,Stecker für Zündkerze,,2 Motorraum,,2 Motorraum,,,,
11129,Stellelement für Mischklappe,,2 Motorraum,,2 Motorraum,,,,
11130,Stellelement für Sitzlehnenverstellung,,4 Innenraum,,4 Innenraum,,,,
11131,Stellelement für Sitzverstellung,,4 Innenraum,,4 Innenraum,,,,
11132,Steuerkettensatz,,2 Motorraum,,2 Motorraum,,,,
11133,Stopfen für Kipphebelwellen-Montagebohrung,,2 Motorraum,,2 Motorraum,,,,
11134,Tankdeckelschloss,,3 Karosserie,Karosserie (Pflicht),3 Karosserie,,20011,,
11135,Temperaturschalter für Kühlmittelwarnlampe,,2 Motorraum,,2 Motorraum,,,,
11136,Türgriffbetätigung,,3 Karosserie,Karosserie (Pflicht),3 Karosserie,,20009,10355,
11137,Türscharnier,,3 Karosserie,Karosserie (Pflicht),3 Karosserie,,20009,10355,
11138,Umlenkwelle für Schaltung,,2 Motorraum,,2 Motorraum,,,,
11139,Unterdruckdose für Vergaser,,2 Motorraum,,2 Motorraum,,,,
11140,Unterdruckschlauch für Bremsanlage,,1 Unterboden,,1 Unterboden,,20031,,
11141,Unterdrucksteuerventil für Abgasrückführung,,1 Unterboden,,1 Unterboden,,30000,,
11142,Unterlegschiebe für Zylinderkopfschraube,,2 Motorraum,,2 Motorraum,,,,
11143,Ventil für Bremskraftverstärker,,1 Unterboden,,1 Unterboden,,20031,10481,
11144,Ventil für Reifendruck-Kontrollsystem,,1 Unterboden,,1 Unterboden,,30000,,
11145,Ventil für Sekundärluftsystem,,2 Motorraum,,2 Motorraum,,,,
11146,Ventilfeder,,2 Motorraum,,2 Motorraum,,,,
11147,Ventilführung,,2 Motorraum,,2 Motorraum,,,,
11148,Verriegelungsknopf,,3 Karosserie,Karosserie (Pflicht),3 Karosserie,,,,
11149,Verschlussdeckel für Kühlmittelbehälter,,2 Motorraum,,2 Motorraum,,,,
11150,Wasserumwälzpumpe für Standheizung,,2 Motorraum,,2 Motorraum,,,,
11151,Wellendichtring für Automatikgetriebe,,2 Motorraum,,2 Motorraum,,,,
11152,Wellendichtring für Automatikgetriebeflansch,,2 Motorraum,,2 Motorraum,,,,
11153,Wellendichtring für Differenzial,,2 Motorraum,,2 Motorraum,,,,
11154,Wellendichtring für Ölpumpe,,2 Motorraum,,2 Motorraum,,,,
11155,Wellendichtring für Radlager,,1 Unterboden,,1 Unterboden,,30000,,
11156,Wellendichtring für Radnabe,,1 Unterboden,,1 Unterboden,,30000,,
11157,Wellendichtring für Schaltgetriebe,,2 Motorraum,,2 Motorraum,,,,
11158,Wellendichtring für Schaltgetriebeflansch,,2 Motorraum,,2 Motorraum,,,,
11159,Winkeltrieb für Tachowelle,,2 Motorraum,,2 Motorraum,,,,
11160,Zahnriemensatz,,2 Motorraum,,2 Motorraum,,,,
11161,Zentralausrücker für Kupplung,,2 Motorraum,,2 Motorraum,,,,
11162,Zentrierbuchse für Längswelle,,2 Motorraum,,2 Motorraum,,,,
11163,Zigarettenanzünder,,4 Innenraum,,4 Innenraum,,,,
11164,Zubehörsatz für Bremsbacken,,1 Unterboden,,1 Unterboden,,20031,,
11165,Zubehörsatz für Scheibenbremsbelag,,1 Unterboden,,1 Unterboden,,20031,,
11166,Zündleitung,,2 Motorraum,,2 Motorraum,,,,
11167,Zündverteiler,,2 Motorraum,,2 Motorraum,,,,
11168,Zylinderkopfschraube,,2 Motorraum,,2 Motorraum,,,,
11169,Wellendichtring für Antriebswelle,,1 Unterboden,,1 Unterboden,,30000,,
11170,Lagerbuchse für Querlenker,,1 Unterboden,,1 Unterboden,,30000,10469,
11171,Riemenscheibe für Wasserpumpe,,2 Motorraum,,2 Motorraum,,,,
11172,Reparatursatz für Radnabe,,1 Unterboden,,1 Unterboden,,30000,,
11173,Sensor für Bremsbelagverschleiß,,1 Unterboden,,1 Unterboden,,20031,,
11174,Schlauch für Luftversorgung,,2 Motorraum,,2 Motorraum,,,,
11175,Schlauch für Zylinderkopfhaubenentlüftung,,2 Motorraum,,2 Motorraum,,,,
11176,Bremsensatz für Scheibenbremse,,1 Unterboden,,1 Unterboden,,20031,,
11177,Lagerung für Radlagergehäuse,,1 Unterboden,,1 Unterboden,,30000,,
11178,Filter für Kraftstoff-Fördereinheit,,2 Motorraum,,2 Motorraum,,,,
11179,Ausrückgabel für Kupplung,,2 Motorraum,,2 Motorraum,,,,
11180,Vorschalldämpfer,,1 Unterboden,,1 Unterboden,,,,
11181,Mittelschalldämpfer,,1 Unterboden,,1 Unterboden,,,,
11182,Endschalldämpfer,,1 Unterboden,,1 Unterboden,,,,
11183,Drehknopf für Sitzlehnenverstellung,,4 Innenraum,,4 Innenraum,,,,
11184,Seilzugsatz für Feststellbremse,,1 Unterboden,,1 Unterboden,,20031,,
11185,Dichtung für AGR-Ventil,,2 Motorraum,,2 Motorraum,,,,
11186,Keilrippenriemen,,2 Motorraum,,2 Motorraum,,,,
11187,Stellelement für Drallklappen (Saugrohr),,2 Motorraum,,2 Motorraum,,,,
11188,Umschaltventil für Umschaltklappe (Saugrohr),,2 Motorraum,,2 Motorraum,,,,
11189,Umschaltventil für Abgasklappe,,2 Motorraum,,2 Motorraum,,,,
11190,Druckwandler für Turbolader,,2 Motorraum,,2 Motorraum,,,,
11191,Anschlagpuffer für Achsschenkel,,1 Unterboden,,1 Unterboden,,30000,,
11192,Sensor für Wegstrecke,,2 Motorraum,,2 Motorraum,,,,
11193,Wellendichtring für Antriebswelle (Ölpumpe),,2 Motorraum,,2 Motorraum,,,,
11194,Kupplungsbetätigungssystem,,2 Motorraum,,2 Motorraum,,,,
11195,Dichtring für Einspritzventil,,2 Motorraum,,2 Motorraum,,,,
11196,Dichtung für Düsenhalter,,2 Motorraum,,2 Motorraum,,,,
11197,Drehzahlsensor für Motormanagement,,2 Motorraum,,2 Motorraum,,,,
11198,Einspritzventil,,2 Motorraum,,2 Motorraum,,,,
11199,Flansch für Zentraleinspritzung,,2 Motorraum,,2 Motorraum,,,,
11200,Stellelement für Drosselklappe,,2 Motorraum,,2 Motorraum,,,,
11201,Steuergerät für Einspritzanlage,,2 Motorraum,,2 Motorraum,,,,
11202,Ventil für Kraftstofffilter,,2 Motorraum,,2 Motorraum,,,,
11203,Flexrohr für Abgasanlage,,1 Unterboden,,1 Unterboden,,,,
11204,Dichtring für Abgaskrümmer,,2 Motorraum,,2 Motorraum,,,,
11205,Dichtung für Schaltgehäuse-Getriebe,,2 Motorraum,,2 Motorraum,,,,
11206,Kappe für Radmutter,,1 Unterboden,,1 Unterboden,,30000,,
11207,Filtersatz,,2 Motorraum,,2 Motorraum,,,,
11208,Lager für Schaltgetriebe,,2 Motorraum,,2 Motorraum,,,,
11209,Zubehör 1,,5 Sonstige,,5 Sonstige,,,,
11210,Zubehör 2,,5 Sonstige,,5 Sonstige,,,,
11211,Zubehör 3,,5 Sonstige,,5 Sonstige,,,,
11212,Zubehör 4,,5 Sonstige,,5 Sonstige,,,,
11213,Zubehör 5,,5 Sonstige,,5 Sonstige,,,,
11214,Fahrwerkskompressor,Kompressor Fahrwerk,1 Unterboden,,1 Unterboden,,30000,,
11215,Teilepaket Front,Teilepaket Vorderwagen,3 Karosserie,Karosserie (Pflicht),3 Karosserie,,20001,,
11216,Teilepaket Heck,,3 Karosserie,Karosserie (Pflicht),3 Karosserie,,20011,,
11217,Inspektionspaket,,2 Motorraum,,2 Motorraum,,,,
11218,Vorderachsträger,Achsträger vorne,1 Unterboden,,1 Unterboden,,,,
11219,Steuergerät Xenonlicht,,2 Motorraum,,2 Motorraum,,,,
11220,Federnsatz Hinterachse,,1 Unterboden,,1 Unterboden,,30000,,
11221,Stoßdämpfersatz Hinterachse,,1 Unterboden,,1 Unterboden,,30000,,
11222,Stoßdämpfersatz Vorderachse,,1 Unterboden,,1 Unterboden,,30000,,
11223,Zusatzbremsleuchte,Dritte Bremseleuchte; 3. Bremsleuchte,3 Karosserie,Karosserie (Pflicht),3 Karosserie,,20013,,
11224,Heckscheibenrahmen,,3 Karosserie,Karosserie (Pflicht),3 Karosserie,,20014,,
11225,Hochdruckpumpe,,2 Motorraum,,2 Motorraum,,,,
11226,Zweimassenschwungrad,,2 Motorraum,,2 Motorraum,,,,
11227,Kühlpaket,,2 Motorraum,,2 Motorraum,,,,
11228,Wärmetauscher für Automatikgetriebe,,2 Motorraum,,2 Motorraum,,,,
11229,Schleifring Lenkrad,,2 Motorraum,,2 Motorraum,,,,
11230,Schlossträger,,1 Unterboden,,1 Unterboden,,,,
11231,Rechner Navigationssystem,,4 Innenraum,,4 Innenraum,,,,
11232,Monitor Navigationssystem,,4 Innenraum,,4 Innenraum,,,,
11233,Frontscheibe,,3 Karosserie,Karosserie (Pflicht),3 Karosserie,,20001,,
11234,Anhängerkupplung,,3 Karosserie,Karosserie (Pflicht),5 Sonstige,Klassisches Zubehörteil,20011,,
11235,Sensor,,2 Motorraum,,2 Motorraum,,,,
11236,Kompressor,,2 Motorraum,,2 Motorraum,,,,
11237,Lader für Kompressormotor,,2 Motorraum,,2 Motorraum,,,,
11238,Motorabdeckung,,2 Motorraum,,2 Motorraum,,,,
11239,Zusatzwasserpumpe,,2 Motorraum,,2 Motorraum,,,,
11240,Hydraulik Zylinder,,2 Motorraum,,2 Motorraum,,,,
11241,Verdeckpumpe,,2 Motorraum,,2 Motorraum,,,,
11242,Verdeckgriff,,3 Karosserie,Karosserie (Pflicht),3 Karosserie,,20005,10340,
11243,Druckwandler,,2 Motorraum,,2 Motorraum,,,,
11244,Druckwandler Abgassteuerung,,2 Motorraum,,2 Motorraum,,,,
11245,Kraftstoffkühler,,2 Motorraum,,2 Motorraum,,,,
11246,Tankentlüftungsventil,,3 Karosserie,Karosserie (Pflicht),3 Karosserie,,,,
11247,Lesespule,,2 Motorraum,,2 Motorraum,,,,
11248,Unterfahrschutz,,3 Karosserie,Karosserie (Pflicht),3 Karosserie,,20011,,
11249,Schalterleiste,,4 Innenraum,,4 Innenraum,,,,
11250,Schlossträger,Haubenträger; Schlosshaubenträger,2 Motorraum,,2 Motorraum,,20002,11899,
11251,Frontmaske,,2 Motorraum,,2 Motorraum,,,,
11252,Magnetventil,,2 Motorraum,,2 Motorraum,,,,
11253,Abgaskühler,,2 Motorraum,,2 Motorraum,,,,
11254,Armaturenbrett,,4 Innenraum,,4 Innenraum,,,,
11255,Bedienungsanleitung,,5 Sonstige,,5 Sonstige,,,,
11256,Befestigung Sonnenblende,,4 Innenraum,,4 Innenraum,,,,
11257,Display,,4 Innenraum,,4 Innenraum,,,,
11258,Druckleitung,,2 Motorraum,,2 Motorraum,,,,
11259,Frontschutzbügel,Rammschutz; Personenschutzbügel; Bullfänger; Frontbügel,3 Karosserie,Karosserie (Pflicht),3 Karosserie,,20001,,
11260,Getriebe Schiebedach,,3 Karosserie,Karosserie (Pflicht),3 Karosserie,,20005,,
11261,Kompletträder,Rädersatz,3 Karosserie,Karosserie (Pflicht),1 Unterboden,Räder ordnet man sinnvollerweise dem Fahrwerk / Unterboden zu,30000,,
11262,Kontrollleuchte ABS,Kontrolleuchte ABS,4 Innenraum,,4 Innenraum,,20031,,
11263,Kontrollleuchte Airbag,Kontrolleuchte Airbag,4 Innenraum,,4 Innenraum,,20020,,
11264,Kontrollleuchte Anhängerkupplung,Kontrolleuchte Anhängerkupplung,4 Innenraum,,5 Sonstige,Klassisches Zubehörteil,,,
11265,Kraftstofffiltergehäuse,,2 Motorraum,,2 Motorraum,,,,
11266,Ladebordwand,,3 Karosserie,Karosserie (Pflicht),3 Karosserie,,20011,,
11267,Relais,,2 Motorraum,,2 Motorraum,,,,
11268,Rußpartikelfilter,Partikelfilter,1 Unterboden,,1 Unterboden,,,,
11269,Schalter,,4 Innenraum,,4 Innenraum,,,,
11270,Schalter für Airbag,,4 Innenraum,,4 Innenraum,,20020,,
11271,Schalter für ESP,,4 Innenraum,,4 Innenraum,,,,
11272,Schalter für Frontscheibenheizung,,4 Innenraum,,4 Innenraum,,,,
11273,Schiebedachkurbel,,4 Innenraum,,4 Innenraum,,,,
11274,Sensor für Airbag,,2 Motorraum,,2 Motorraum,,20020,,
11275,Sensor für Einparkhilfe,,2 Motorraum,,2 Motorraum,,,,
11276,Sensor für Lenkwinkel,Lenkwinkelsensor,2 Motorraum,,2 Motorraum,,30000,,
11277,Sensor für MAP,,2 Motorraum,,2 Motorraum,,,,
11278,Stellelement für Heizung,Stellmotor Heizung,2 Motorraum,,2 Motorraum,,,,
11279,Steuergerät Differential,,2 Motorraum,,2 Motorraum,,,,
11280,Steuergerät ESP,,2 Motorraum,,2 Motorraum,,,,
11281,Steuergerät Sitz,,2 Motorraum,,2 Motorraum,,,,
11282,Steuergerät Tür,,2 Motorraum,,2 Motorraum,,,,
11283,Vorschaltgerät Xenon,,2 Motorraum,,2 Motorraum,,20003,,
11284,Widerstand Kühlergebläse,,2 Motorraum,,2 Motorraum,,,,
11285,Windschott,,4 Innenraum,,4 Innenraum,,,,
11286,Zusatzheizung,Heizelement Zusatzheizung,2 Motorraum,,2 Motorraum,,,,
11287,Batterieaufnahme,,2 Motorraum,,2 Motorraum,,,,
11288,Karosserieboden,,3 Karosserie,Karosserie (Pflicht),3 Karosserie,,20006,,
11289,Dichtung für Ölkühler,,2 Motorraum,,2 Motorraum,,,,
11290,"Halterahmen, Scheibenreinigungsanlage",,3 Karosserie,Karosserie (Pflicht),3 Karosserie,,,,
11291,Karosserieboden Koffer-/Laderaum,,3 Karosserie,Karosserie (Pflicht),3 Karosserie,,20012,,
11292,Halter für Kühlergitter,,3 Karosserie,Karosserie (Pflicht),3 Karosserie,,20002,,
11293,Hauptscheinwerfergehäuse,,3 Karosserie,Karosserie (Pflicht),3 Karosserie,,20003,10206,"Parent part auch 10210,10530, 10531"
11294,Nebelscheinwerferrahmen,,3 Karosserie,Karosserie (Pflicht),3 Karosserie,,20003,10240,
11295,Nachsteller für Trommelbremse,,1 Unterboden,,1 Unterboden,,20031,,
11296,Reserveradwanne,,3 Karosserie,Karosserie (Pflicht),3 Karosserie,,20012,,
11297,Stoßfängerabdeckung für Anhängevorrichtung,,3 Karosserie,Karosserie (Pflicht),3 Karosserie,,20000,10570,"Parent Part no is auch 10571-10580, 10611"
11298,Trittbrettstufe für Anhängevorrichtung,,3 Karosserie,Karosserie (Pflicht),3 Karosserie,,20011,,
11299,Dachsäule,,3 Karosserie,Karosserie (Pflicht),3 Karosserie,,20005,,
11300,Zier-/Schutzleistensatz für Stoßfänger,,3 Karosserie,Karosserie (Pflicht),3 Karosserie,,20000,10570,"Parent Part no is auch 10571-10580, 10611"
11301,Nebelscheinwerferkappe,,3 Karosserie,Karosserie (Pflicht),3 Karosserie,,20003,10240,
11302,Rückstrahler,,3 Karosserie,Karosserie (Pflicht),3 Karosserie,,20013,,
11303,Leuchtenaufnahme,,3 Karosserie,Karosserie (Pflicht),3 Karosserie,,,,
11304,Sportschalldämpfer,,1 Unterboden,,1 Unterboden,,,,
11305,Halter für Kraftstoffleitung,,2 Motorraum,,2 Motorraum,,,,
11306,Federaufnahme,,1 Unterboden,,1 Unterboden,,30000,,
11307,Spritzblech für Bremsscheibe,,1 Unterboden,,1 Unterboden,,20031,,
11308,Motorraumdämmung,,2 Motorraum,,2 Motorraum,,,,
11309,Abdeckung,,3 Karosserie,Karosserie (Pflicht),3 Karosserie,,,,
11310,Gitter,,3 Karosserie,Karosserie (Pflicht),3 Karosserie,,,,
11311,Haltersatz für Stoßfänger,,3 Karosserie,Karosserie (Pflicht),3 Karosserie,,20000,,
11312,Bremsbelagsatz für Trommelbremse,,1 Unterboden,,1 Unterboden,,20031,,
11313,Zier-/Schutzleistensatz für Kühlergitter,,3 Karosserie,Karosserie (Pflicht),3 Karosserie,,20001,,
11314,Reflektor für Positions-/Begrenzungsleuchte,,3 Karosserie,Karosserie (Pflicht),3 Karosserie,,,10662,
11315,Tagfahrleuchte,,3 Karosserie,Karosserie (Pflicht),3 Karosserie,,20003,11320,
11316,Außenspiegelblende,,3 Karosserie,Karosserie (Pflicht),3 Karosserie,,20005,10609,"Parent Part auch 10584-10586, 10602-10605"
11317,Kühlmodul,,2 Motorraum,,2 Motorraum,,,,
11318,Lenkersatz Radaufhängung,,1 Unterboden,,1 Unterboden,,30000,,
11319,Kühlergittereinsatz,,3 Karosserie,Karosserie (Pflicht),3 Karosserie,,,,
11320,Tagfahrleuchtensatz,,3 Karosserie,Karosserie (Pflicht),3 Karosserie,,20003,10206,"Parent part auch 10210,10530, 10531"
11321,Viscolüfter,,2 Motorraum,,2 Motorraum,,,,
11322,Mapsensor,,2 Motorraum,,2 Motorraum,,,,
11323,Schalter für ASR,,4 Innenraum,,4 Innenraum,,,,
11324,Ersatzradhalter,,3 Karosserie,Karosserie (Pflicht),3 Karosserie,,20011,,
11325,Persening,,3 Karosserie,Karosserie (Pflicht),3 Karosserie,,20005,,
11326,Abbiegelicht,,3 Karosserie,Karosserie (Pflicht),3 Karosserie,,20003,10206,"Parent part auch 10210,10530, 10531"
11327,Schalter für Tankklappe,,4 Innenraum,,4 Innenraum,,,,
11328,Radio Bedienschalter,,4 Innenraum,,4 Innenraum,,,,
11329,Stellmotor Tankklappe,,3 Karosserie,Karosserie (Pflicht),3 Karosserie,,20011,,
11330,Relais für Kickdown,,2 Motorraum,,2 Motorraum,,,,
11331,Steuergerät Wegfahrsperre,,2 Motorraum,,2 Motorraum,,,,
11332,Schaltseil,,2 Motorraum,,2 Motorraum,,,,
11333,Schalter für Zentralverriegelung,,4 Innenraum,,4 Innenraum,,,,
11334,Radmutternsatz,,3 Karosserie,Karosserie (Pflicht),1 Unterboden,Räder ordnet man sinnvollerweise dem Fahrwerk / Unterboden zu,30000,,
11336,Kabelbaum,,2 Motorraum,,2 Motorraum,,,,
11337,Luftleitblech,,1 Unterboden,,1 Unterboden,,,,
11338,Einbaurahmen,,4 Innenraum,,4 Innenraum,,,,
11339,Resonator,Ansauggeräuschdämpfer; Resonanzkasten; Resonanzkörper,2 Motorraum,,2 Motorraum,,,,
11340,Überrollbügel,,3 Karosserie,Karosserie (Pflicht),3 Karosserie,,20005,,
11341,Inspektionspaket,Wartungspaket,5 Sonstige,,5 Sonstige,,,,
11342,Dichtung für Heckklappe,,3 Karosserie,Karosserie (Pflicht),3 Karosserie,,20014,,
11343,Gaspedal,,4 Innenraum,,4 Innenraum,,,,
11344,Türblatt,,3 Karosserie,Karosserie (Pflicht),3 Karosserie,,20009,10355,
11345,Widerstand Heizung,Heizungswiderstand,4 Innenraum,,4 Innenraum,,,,
11346,Abdeckkappe Türgriff,,3 Karosserie,Karosserie (Pflicht),3 Karosserie,,20009,10355,
11347,Abdeckung Drehstab,,1 Unterboden,,1 Unterboden,,,,
11348,Abdeckung Frontschürze,,3 Karosserie,Karosserie (Pflicht),3 Karosserie,,20001,,
11349,Abdeckung Griffmulde,,3 Karosserie,Karosserie (Pflicht),3 Karosserie,,20009,,
11350,Abdeckung Handbremshebel,,4 Innenraum,,4 Innenraum,,20031,,
11351,Abstellvorrichtung für Einspritzanlage,,2 Motorraum,,2 Motorraum,,,,
11352,Achskörper,,1 Unterboden,,1 Unterboden,,30000,,
11353,Adapter für Lambdasonde,,1 Unterboden,,1 Unterboden,,,,
11354,Amperemeter,,2 Motorraum,,2 Motorraum,,,,
11355,Anhängebock für Anhängevorrichtung,,3 Karosserie,Karosserie (Pflicht),3 Karosserie,,20011,,
11356,Anschlagpuffer für Fahrerhaus,,3 Karosserie,Karosserie (Pflicht),3 Karosserie,,,,
11357,Anschlussleitung für Außenspiegel,,3 Karosserie,Karosserie (Pflicht),3 Karosserie,,20008,10609,"Parent Part auch 10584-10586, 10602-10605"
11358,Anschlussstutzen für Kraftstoffleitung,,2 Motorraum,,2 Motorraum,,,,
11359,Anschlussstutzen für Unterdruckleitung,,2 Motorraum,,2 Motorraum,,,,
11360,Anschraubplatte für Anhängevorrichtung,,3 Karosserie,Karosserie (Pflicht),3 Karosserie,,20011,,
11361,Antennenkopf,,3 Karosserie,Karosserie (Pflicht),3 Karosserie,,,,
11362,Antriebslager für Generator,,2 Motorraum,,2 Motorraum,,,,
11363,Anzeige für Öltemperatur,,4 Innenraum,,4 Innenraum,,,,
11364,Arbeitszylinder für Servolenkung,,1 Unterboden,,1 Unterboden,,30000,,
11365,Automatikgetriebeöl,,5 Sonstige,,5 Sonstige,,,,
11366,Be-/Entlüftungsventil für Kraftstoffbehälter,,3 Karosserie,Karosserie (Pflicht),3 Karosserie,,,,
11367,Bedienschalter für Geschwindigkeitsregelanlage,,4 Innenraum,,4 Innenraum,,,,
11368,Befestigungsbolzen für Achsträger,,1 Unterboden,,1 Unterboden,,30000,,
11369,Befestigungsbolzen für Querlenker,,1 Unterboden,,1 Unterboden,,30000,,
11370,Bolzen für Bremsbackenrolle,,1 Unterboden,,1 Unterboden,,20031,,
11371,Bremsband für Automatikgetriebe,,1 Unterboden,,1 Unterboden,,20031,,
11372,Bremsensatz für Trommelbremse,,1 Unterboden,,1 Unterboden,,20031,,
11373,Bremsleitung,,1 Unterboden,,1 Unterboden,,20031,11374,
11374,Bremsleitungssatz,,1 Unterboden,,1 Unterboden,,20031,,
11375,Bremspedal,,4 Innenraum,,4 Innenraum,,20031,,
11376,Bremssattelhaltersatz,,1 Unterboden,,1 Unterboden,,20031,,
11377,Buchse für Achsschenkelbolzen,,1 Unterboden,,1 Unterboden,,30000,10882,
11378,Buchse für Federgehänge,,1 Unterboden,,1 Unterboden,,30000,,
11379,Clip für Zier-/Schutzleiste,,3 Karosserie,Karosserie (Pflicht),3 Karosserie,,,,
11380,Deckel Kupplungsgehäuse,,2 Motorraum,,2 Motorraum,,,,
11381,Deckel Ölfiltergehäuse,,2 Motorraum,,2 Motorraum,,,,
11382,Dichtring für Antriebswellenlagerung,,1 Unterboden,,1 Unterboden,,,,
11383,Dichtring für Hydraulikfilter,,2 Motorraum,,2 Motorraum,,,,
11384,Dichtring für Kühlmittelrohrleitung,,2 Motorraum,,2 Motorraum,,,,
11385,Dichtring für Ölkühler,,2 Motorraum,,2 Motorraum,,,,
11386,Dichtring für Radnabe,,1 Unterboden,,1 Unterboden,,30000,,
11387,Dichtring für Vergaser,,2 Motorraum,,2 Motorraum,,,,
11388,Dichtung für Ansaugkrümmergehäuse,,2 Motorraum,,2 Motorraum,,,,
11389,Dichtung für Automatikgetriebe,,1 Unterboden,,1 Unterboden,,,,
11390,Dichtung für Blinkleuchte,,3 Karosserie,Karosserie (Pflicht),3 Karosserie,,,10192,
11391,Dichtung für Bremssattelkolben,,1 Unterboden,,1 Unterboden,,20031,,
11392,Dichtung für Einspritzpumpe,,2 Motorraum,,2 Motorraum,,,,
11393,Dichtung für Faltdach,,3 Karosserie,Karosserie (Pflicht),3 Karosserie,,20005,,
11394,Dichtung für Federbeinstützlager,,1 Unterboden,,1 Unterboden,,30000,10463,
11395,Dichtung für Gehäusedeckel Kurbelgehäuse,,2 Motorraum,,2 Motorraum,,,,
11396,Dichtung für Hauptscheinwerfer,,3 Karosserie,Karosserie (Pflicht),3 Karosserie,,20003,10206,"Parent part auch 10210,10530, 10531"
11397,Dichtung für Heizklappenkasten,,2 Motorraum,,2 Motorraum,,,,
11398,Dichtung für Heizungsschlauch,,2 Motorraum,,2 Motorraum,,,,
11399,Dichtung für Kennzeichenleuchte,,3 Karosserie,Karosserie (Pflicht),3 Karosserie,,20013,10223,
11400,Dichtung für Kotflügel,,3 Karosserie,Karosserie (Pflicht),3 Karosserie,,20001,,
11401,Dichtung für Kraftstoffeinfüllstutzen,,3 Karosserie,Karosserie (Pflicht),3 Karosserie,,20012,,
11402,Dichtung für Kraftstoffilter,,2 Motorraum,,2 Motorraum,,,,
11403,Dichtung für Kühlmittelrohrleitung,,2 Motorraum,,2 Motorraum,,,,
11404,Dichtung für Ladedruckregelventil,,2 Motorraum,,2 Motorraum,,,,
11405,Dichtung für Lader,,2 Motorraum,,2 Motorraum,,,,
11406,Dichtung für Ölsieb,,2 Motorraum,,2 Motorraum,,,,
11407,Dichtung für Ölsumpf,,2 Motorraum,,2 Motorraum,,,,
11408,Dichtung für Ölwanne Automatikgetriebe,,1 Unterboden,,1 Unterboden,,,,
11409,Dichtung für Rahmen Hauptscheinwerfer,,3 Karosserie,Karosserie (Pflicht),3 Karosserie,,20003,10206,"Parent part auch 10210,10530, 10531"
11410,Dichtung für Schiebedach,,3 Karosserie,Karosserie (Pflicht),3 Karosserie,,20005,,
11411,Dichtung für Schlussleuchte,,3 Karosserie,Karosserie (Pflicht),3 Karosserie,,20013,10223,
11412,Dichtung für Steuerkettenspanner,,2 Motorraum,,2 Motorraum,,,,
11413,Dichtung für Türscheibe,,3 Karosserie,Karosserie (Pflicht),3 Karosserie,,20009,10355,
11414,Dichtung für Türsicherungsleuchte,,3 Karosserie,Karosserie (Pflicht),3 Karosserie,,20008,10355,
11415,Dichtung für Unterdruckpumpe,,2 Motorraum,,2 Motorraum,,,,
11416,Dichtung für Wärmetauscher,,2 Motorraum,,2 Motorraum,,,,
11417,Dichtung für Waschwasserpumpe/Waschwasserbehälter,,2 Motorraum,,2 Motorraum,,,,
11418,Dichtung für Zylinderlaufbuchse,,2 Motorraum,,2 Motorraum,,,,
11419,Dichtungssatz für Automatikgetriebe,,1 Unterboden,,1 Unterboden,,,,
11420,Dichtungssatz für Hydraulikpumpe,,2 Motorraum,,2 Motorraum,,,,
11421,Dichtungssatz für Lenkgetriebe,,1 Unterboden,,1 Unterboden,,30000,100504,Auch 10505
11422,Distanzplatte für Zylinderkopf,,2 Motorraum,,2 Motorraum,,,,
11423,Distanzring für Getriebeeingangswelle,,1 Unterboden,,1 Unterboden,,,,
11424,Distanzscheibe für Kurbelwelle,,2 Motorraum,,2 Motorraum,,,,
11425,Domstrebe,,3 Karosserie,Karosserie (Pflicht),2 Motorraum,Verbidet Federbeine im Motorraum,,,
11426,Drahtbügel für Abgasanlage,,1 Unterboden,,1 Unterboden,,,,
11427,Drahtring für Ausrückteller,,2 Motorraum,,2 Motorraum,,,,
11428,Drehstabgestänge,,1 Unterboden,,1 Unterboden,,,,
11429,Drehzahlsensor für Automatikgetriebe,,2 Motorraum,,2 Motorraum,,,,
11430,Drehzahlsensor für Schaltgetriebe,,2 Motorraum,,2 Motorraum,,,,
11431,Druckleitung für Druckluftkompressor,,2 Motorraum,,2 Motorraum,,,,
11432,Druckregelventil für Common-Rail-System,,2 Motorraum,,2 Motorraum,,,,
11433,Druckschalter für Bremshydraulik,,3 Karosserie,Karosserie (Pflicht),2 Motorraum,Position an Hydraukikeinheit,20031,,
11434,Drucksensor für Bremskraftverstärker,,2 Motorraum,,2 Motorraum,,20031,,
11435,Drucksensor für Kraftstoffbehälter,,2 Motorraum,,2 Motorraum,,,,
11436,Druckspeicher für Bremsanlage,,1 Unterboden,,1 Unterboden,,20031,,
11437,Düsenkörper,,2 Motorraum,,2 Motorraum,,,,
11438,Einfüllstutzen für Kraftstoffbehälter,,3 Karosserie,Karosserie (Pflicht),3 Karosserie,,20012,,
11439,Einspritzdüse für Expansionsventil,,2 Motorraum,,2 Motorraum,,,,
11440,Einstellscheibe für Lenkspindel,,1 Unterboden,,1 Unterboden,,30000,,
11441,Elektromotor für Gebläse Steuergerätebox,,2 Motorraum,,2 Motorraum,,,,
11442,Elektromotor für Scheinwerferreinigung,,2 Motorraum,,2 Motorraum,,,,
11443,Entlüftungsschlauch für Ausgleichsbehälter,,2 Motorraum,,2 Motorraum,,,,
11444,Fahrpedal,,4 Innenraum,,4 Innenraum,,,,
11445,Fahrwerkssatz für Federn/Dämpfer,,1 Unterboden,,1 Unterboden,,30000,,
11446,Fahrwerkssatz für Stoßdämpfer,,1 Unterboden,,1 Unterboden,,30000,,
11447,Faltenbalg für Wischergestänge,,2 Motorraum,,2 Motorraum,,,,
11448,Feder für Abgasrohr,,1 Unterboden,,1 Unterboden,,,,
11449,Feder für Bremsbacken,,1 Unterboden,,1 Unterboden,,20031,,
11450,Feder für Bremssattel,,1 Unterboden,,1 Unterboden,,20031,,
11451,Feder für Gasgestänge,,2 Motorraum,,2 Motorraum,,,,
11452,Federbeinaufnahme,,1 Unterboden,,1 Unterboden,,30000,,
11453,Federbock,,1 Unterboden,,1 Unterboden,,30000,,
11454,Federbride,,1 Unterboden,,1 Unterboden,,30000,,
11455,Federnpaket,,1 Unterboden,,1 Unterboden,,30000,,
11456,Flansch für Abgasrohr,,1 Unterboden,,1 Unterboden,,,,
11457,Flansch für Kraftstofffördereinheit,,2 Motorraum,,2 Motorraum,,,,
11458,Flansch für Lenksäule,,2 Motorraum,,2 Motorraum,,30000,,
11459,Flexible Kupplungsmuffe,,2 Motorraum,,2 Motorraum,,,,
11460,Flexible Kupplungsmuffe Satz,,2 Motorraum,,2 Motorraum,,,,
11461,Freilauf für Klimakompressor,,2 Motorraum,,2 Motorraum,,,,
11462,Freilaufgetriebe für Starter,,2 Motorraum,,2 Motorraum,,,,
11463,Frostschutz,,5 Sonstige,,5 Sonstige,,,,
11464,Froststopfen,,2 Motorraum,,2 Motorraum,,,,
11465,Führung für Warnkontaktleitung,,2 Motorraum,,2 Motorraum,,,,
11466,Führungsarm für Scheibenreinigung,,3 Karosserie,Karosserie (Pflicht),3 Karosserie,,,,
11467,Führungsbolzen für Bremssattel,,1 Unterboden,,1 Unterboden,,20031,,
11468,Führungshülse für Bremssattel,,1 Unterboden,,1 Unterboden,,20031,,
11469,Fußmattensatz,,4 Innenraum,,4 Innenraum,,,,
11470,Gasfeder für Klapptisch,,4 Innenraum,,4 Innenraum,,,,
11471,Gasfeder für Reserveradhalter,,3 Karosserie,Karosserie (Pflicht),3 Karosserie,,20011,,
11472,Gasfeder für Sitzverstellung,,4 Innenraum,,4 Innenraum,,,,
11473,Gasfeder für Verdeck,,3 Karosserie,Karosserie (Pflicht),3 Karosserie,,20005,10340,
11474,Gebläserad für Innenraumgebläse,,4 Innenraum,,4 Innenraum,,,,
11475,Blinkergehäuse,,3 Karosserie,Karosserie (Pflicht),3 Karosserie,,,10192,
11476,Rückfahrleuchtengehäuse,,3 Karosserie,Karosserie (Pflicht),3 Karosserie,,20013,10661,
11477,Schaltgetriebegehäuse,,2 Motorraum,,2 Motorraum,,,,
11478,Rückleuchtengehäuse,,3 Karosserie,Karosserie (Pflicht),3 Karosserie,,20013,10260,
11479,Gelenk für Schaltstange,,2 Motorraum,,2 Motorraum,,,,
11480,Gelenkwelle für Achsantrieb,,1 Unterboden,,1 Unterboden,,30000,,
11481,Gleitbacke für Fensterheber,,3 Karosserie,Karosserie (Pflicht),3 Karosserie,,20009,,
11482,Gleitschiene für Antriebskette Ölpumpe,,2 Motorraum,,2 Motorraum,,,,
11483,Gleitschienensatz für Steuerkette,,2 Motorraum,,2 Motorraum,,,,
11484,Glühlampe für Bremsleuchte,,3 Karosserie,Karosserie (Pflicht),3 Karosserie,,20013,10561,
11485,Glühlampe für Fernscheinwerfer,,3 Karosserie,Karosserie (Pflicht),3 Karosserie,,20003,10207,
11486,Glühlampe für Kofferraumleuchte,,3 Karosserie,Karosserie (Pflicht),3 Karosserie,,20013,11070,
11487,Glühlampe für Positions-/Begrenzungsleuchte,,3 Karosserie,Karosserie (Pflicht),3 Karosserie,,20003,,
11488,Glühlampe für Rückleuchte,,3 Karosserie,Karosserie (Pflicht),3 Karosserie,,20013,10260,
11489,Glühlampe für Tagfahrleuchte,,3 Karosserie,Karosserie (Pflicht),3 Karosserie,,20003,11315,
11490,Glühlampe für Zusatzbremsleuchte,,3 Karosserie,Karosserie (Pflicht),3 Karosserie,,20013,11223,
11491,Gummistreifen für Abgasanlage,,1 Unterboden,,1 Unterboden,,,,
11492,Halteband für Kraftstoffbehälter,,1 Unterboden,,1 Unterboden,,,,
11493,Haltegriff für Innenausstattung,,4 Innenraum,,4 Innenraum,,,,
11494,Halter für Abgasrohr,,1 Unterboden,,1 Unterboden,,,,
11495,Halter für Automatikgetriebeaufhängung,,2 Motorraum,,2 Motorraum,,,,
11496,Halter für Bremssattel,,1 Unterboden,,1 Unterboden,,20031,,
11497,Halter für Bremsschlauch,,1 Unterboden,,1 Unterboden,,20031,,
11498,Halter für Einspritzventil,,2 Motorraum,,2 Motorraum,,,,
11499,Halter für Heckleuchte,,3 Karosserie,Karosserie (Pflicht),3 Karosserie,,20013,10859,
11500,Halter für Kohlebürsten,,2 Motorraum,,2 Motorraum,,,,
11501,Halter für Luftfiltergehäuse,,2 Motorraum,,2 Motorraum,,,,
11502,Halter für Querlenkerlagerung,,1 Unterboden,,1 Unterboden,,30000,,
11503,Halter für Seilzug,,2 Motorraum,,2 Motorraum,,,,
11504,Halter für Stabilisatorlagerung,,2 Motorraum,,2 Motorraum,,,,
11505,Hauptdüsenabschaltung für Vergaser,,2 Motorraum,,2 Motorraum,,,,
11506,Heizklappenkasten,,4 Innenraum,,4 Innenraum,,,,
11507,Heizklappenzug,,4 Innenraum,,4 Innenraum,,,,
11508,Hydraulikfilter für Lenkung,,1 Unterboden,,1 Unterboden,,30000,,
11509,Hydraulikfiltersatz für Automatikgetriebe,,1 Unterboden,,1 Unterboden,,,,
11510,Hydraulikschlauch für Lenkung,,1 Unterboden,,1 Unterboden,,30000,,
11511,Impulsgeber für Schwungrad,,2 Motorraum,,2 Motorraum,,,,
11512,Kabelsatz für Fernscheinwerfer,,3 Karosserie,Karosserie (Pflicht),3 Karosserie,,20003,,
11513,Kabelsatz für Hauptscheinwerfer,,3 Karosserie,Karosserie (Pflicht),3 Karosserie,,20003,,
11514,Kappe für Nebelscheinwerfer,,3 Karosserie,Karosserie (Pflicht),3 Karosserie,,20003,10240,
11515,Kappe für Wischarm,,3 Karosserie,Karosserie (Pflicht),3 Karosserie,,,,
11516,Kettenglied für Steuerkette,,2 Motorraum,,2 Motorraum,,,,
11517,Klemmhülse für Raddrehzahlsensor,,1 Unterboden,,1 Unterboden,,,,
11518,Klemmschraube für Trag-/Führungsgelenk,,1 Unterboden,,1 Unterboden,,30000,,
11519,Klemmschraubensatz für Trag-/Führungsgelenk,,1 Unterboden,,1 Unterboden,,30000,,
11520,Kniehebelgelenk,,2 Motorraum,,2 Motorraum,,,,
11521,Koffer-/Laderaumwanne,,3 Karosserie,Karosserie (Pflicht),3 Karosserie,,20012,,
11522,Kohlebürste für Starter,,2 Motorraum,,2 Motorraum,,,,
11523,Kolben für Bremssattel,,1 Unterboden,,1 Unterboden,,20031,10483,
11524,Kolbenbolzen für Kurbeltrieb,,2 Motorraum,,2 Motorraum,,,,
11525,Kolbenring,,2 Motorraum,,2 Motorraum,,,,
11526,Kolbenringsatz,,2 Motorraum,,2 Motorraum,,,,
11527,Kondensator für Zündanlage,,2 Motorraum,,2 Motorraum,,,,
11528,Kondenswasserablaufschlauch für Innenraumluftfiltergehäuse,,3 Karosserie,Karosserie (Pflicht),4 Innenraum,Klimaanlage,,,
11529,Kontaktsatz für Zündverteiler,,2 Motorraum,,2 Motorraum,,,,
11530,Kontermutter für Ventilspieleinstellschraube,,2 Motorraum,,2 Motorraum,,,,
11531,Krümmerkatalysator,,1 Unterboden,,1 Unterboden,,,,
11532,Kugelbolzen für Kupplungsbetätigung,,2 Motorraum,,2 Motorraum,,,,
11533,Kugelgelenk für Achsstrebe,,1 Unterboden,,1 Unterboden,,30000,,
11534,Kühler für Abgasrückführung,,2 Motorraum,,2 Motorraum,,,,
11535,Kupplungspedal,,3 Karosserie,Karosserie (Pflicht),4 Innenraum,Alle anderen Pedale sind den Innenraum zugeordnet,,,
11536,Kupplungsschlauch,,2 Motorraum,,2 Motorraum,,,,
11537,Kurbelgehäuse,,2 Motorraum,,2 Motorraum,,,,
11538,Lager für Antriebswelle,,1 Unterboden,,1 Unterboden,,,,
11539,Lager für Feststellbremswelle,,1 Unterboden,,1 Unterboden,,20031,,
11540,Lager für Keilrippenriemenspannarm,,2 Motorraum,,2 Motorraum,,,,
11541,Lager für Spannrollenhebel,,2 Motorraum,,2 Motorraum,,,,
11542,Lagerbock für Ölkühler,,2 Motorraum,,2 Motorraum,,,,
11543,Lagerbuchse für Blattfeder,,1 Unterboden,,1 Unterboden,,30000,,
11544,Lagerbuchse für Pleuel,,2 Motorraum,,2 Motorraum,,,,
11545,Lagersatz für Torsionsstab,,1 Unterboden,,1 Unterboden,,,,
11546,Lagerung für Ausgleichsbehälter Kühlmittel,,2 Motorraum,,2 Motorraum,,,,
11547,Lagerung für Federgehänge,,1 Unterboden,,1 Unterboden,,30000,,
11548,Lagerung für Hilfsrahmen,Lagerung für Aggregateträger,2 Motorraum,,2 Motorraum,,,,
11549,Lagerung für Motor,,2 Motorraum,,2 Motorraum,,,,
11550,Lambdasondensatz,,1 Unterboden,,1 Unterboden,,,,
11551,Lampenfassung für Hauptscheinwerfer,,3 Karosserie,Karosserie (Pflicht),3 Karosserie,,20003,10206,"Parent part auch 10210,10530, 10531"
11552,Laufring für Kurbelwelle,,2 Motorraum,,2 Motorraum,,,,
11553,Leerlaufdüse für Vergaser,,2 Motorraum,,2 Motorraum,,,,
11554,Lenkgetriebeöl,,5 Sonstige,,5 Sonstige,,30000,,
11555,Lichtscheibe für Hauptscheinwerfer,,3 Karosserie,Karosserie (Pflicht),3 Karosserie,,20003,10206,"Parent part auch 10210,10530, 10531"
11556,Lichtscheibe für Kennzeichenleuchte,,3 Karosserie,Karosserie (Pflicht),3 Karosserie,,20013,10223,
11557,Lichtscheibe für Positionsleuchte,,3 Karosserie,Karosserie (Pflicht),3 Karosserie,,,10662,
11558,Lichtscheibe für Rückfahrleuchte,,3 Karosserie,Karosserie (Pflicht),3 Karosserie,,20013,10661,
11559,Lichtscheibe für Schlussleuchte,,3 Karosserie,Karosserie (Pflicht),3 Karosserie,,20013,,
11560,Lichtscheibe für Seitenmarkierungsleuchte,,3 Karosserie,Karosserie (Pflicht),3 Karosserie,,,,
11561,Lüfterhaube,,2 Motorraum,,2 Motorraum,,,,
11562,Luftklappenwelle für Vergaser,,2 Motorraum,,2 Motorraum,,,,
11563,Magnetkupplung für Klimakompressor,,2 Motorraum,,2 Motorraum,,,,
11564,Manschette für Hauptbremszylinder,,1 Unterboden,,1 Unterboden,,20031,,
11565,Manschette für Kraftstoffpumpe,,2 Motorraum,,2 Motorraum,,,,
11566,Manschette für Lenksäule,,2 Motorraum,,2 Motorraum,,30000,,
11567,Mechatronik für Automatikgetriebe,,2 Motorraum,,2 Motorraum,,,,
11568,Membran für Unterdruckpumpe,,2 Motorraum,,2 Motorraum,,,,
11569,Mengenteiler für Einspritzanlage,,2 Motorraum,,2 Motorraum,,,,
11570,Mittel-/Endschalldämpfer,,1 Unterboden,,1 Unterboden,,,,
11571,Montagesatz für Abgasanlage,,1 Unterboden,,1 Unterboden,,,,
11572,Montagesatz für Abgaskrümmer,,1 Unterboden,,1 Unterboden,,,,
11573,Montagesatz für Abgasrohr,,1 Unterboden,,1 Unterboden,,,,
11574,Montagesatz für Katalysator,,1 Unterboden,,1 Unterboden,,,,
11575,Montagesatz für Klimaanlage,,2 Motorraum,,2 Motorraum,,,,
11576,Montagesatz für Kotflügel,,3 Karosserie,Karosserie (Pflicht),3 Karosserie,,20001,,
11577,Montagesatz für Lader,,2 Motorraum,,2 Motorraum,,,,
11578,Montagesatz für Ruß-/Partikelfilter,,1 Unterboden,,1 Unterboden,,,,
11579,Montagesatz für Spurstangenkopf,,1 Unterboden,,1 Unterboden,,,,
11580,Montagesatz für Stabilisatorstange/-strebe,,1 Unterboden,,1 Unterboden,,,,
11581,Montagesatz für Stoßfänger,,3 Karosserie,Karosserie (Pflicht),3 Karosserie,,20000,,
11582,Montagesatz für Vorkatalysator,,1 Unterboden,,1 Unterboden,,,,
11583,Montagesatz für Wärmetauscher,,2 Motorraum,,2 Motorraum,,,,
11584,Montagesatz für Zündschaltgerät,,2 Motorraum,,2 Motorraum,,,,
11585,Motoröl,,5 Sonstige,,5 Sonstige,,,,
11586,Multifunktionsanzeige,,4 Innenraum,,4 Innenraum,,,,
11587,Nachrüstsatz für Katalysator,,1 Unterboden,,1 Unterboden,,,,
11588,Nachrüstsatz für Ruß-/Partikelfilter,,1 Unterboden,,1 Unterboden,,,,
11589,Nachrüstsatz für Vorkatalysator,,1 Unterboden,,1 Unterboden,,,,
11590,Nachstellbolzen für Bremsanlage,,1 Unterboden,,1 Unterboden,,20031,,
11591,Nadellager für Achskörper,,1 Unterboden,,1 Unterboden,,,,
11592,Nockenwellenlager,,2 Motorraum,,2 Motorraum,,,,
11593,Ölabscheider für Kurbelgehäuseentlüftung,,2 Motorraum,,2 Motorraum,,,,
11594,Ölkühler für Lenkung,,2 Motorraum,,2 Motorraum,,30000,,
11595,Ölleitung für Lader,,2 Motorraum,,2 Motorraum,,,,
11596,Ölspritzblech für Kurbelwelle,,2 Motorraum,,2 Motorraum,,,,
11597,Ölwanne für Automatikgetriebe,,2 Motorraum,,2 Motorraum,,,,
11598,Pedalbelag für Fahrpedal,,4 Innenraum,,4 Innenraum,,,,
11599,Radaufhängung,,1 Unterboden,,1 Unterboden,,30000,,
11600,Radbremszylindersatz,,1 Unterboden,,1 Unterboden,,20031,,
11601,Radmutter,,1 Unterboden,,1 Unterboden,,30000,,
11602,Radsensor für Reifendruckkontrollsystem,,1 Unterboden,,1 Unterboden,,30000,,
11603,Rahmen für Hauptscheinwerfer,,3 Karosserie,Karosserie (Pflicht),3 Karosserie,,20003,10206,"Parent part auch 10210,10530, 10531"
11604,Rahmen für Nebelscheinwerfer,,3 Karosserie,Karosserie (Pflicht),3 Karosserie,,20003,10240,
11605,Reflektor für Blinkleuchte,,3 Karosserie,Karosserie (Pflicht),3 Karosserie,,,10192,
11606,Regelventil für Kompressor,,2 Motorraum,,2 Motorraum,,,,
11607,Regler für Instrumentenbeleuchtung,,4 Innenraum,,4 Innenraum,,,,
11608,Regler für Leuchtweiteregulierung,,4 Innenraum,,4 Innenraum,,,,
11609,Regler für Niveauregulierung,,4 Innenraum,,4 Innenraum,,,,
11610,Regler für Wisch-Wasch-Intervall,,4 Innenraum,,4 Innenraum,,,,
11611,Relais für Arbeitsstrom,,2 Motorraum,,2 Motorraum,,,,
11612,Relais für Saugrohrvorwärmung,,2 Motorraum,,2 Motorraum,,,,
11613,Reparaturrohr für Katalysator,,1 Unterboden,,1 Unterboden,,,,
11614,Reparatursatz für Ausrücklager,,2 Motorraum,,2 Motorraum,,,,
11615,Reparatursatz für Drehzapfen,,1 Unterboden,,1 Unterboden,,,,
11616,Reparatursatz für Einspritzdüse,,2 Motorraum,,2 Motorraum,,,,
11617,Reparatursatz für Feststellbremshebel Bremssattel,,1 Unterboden,,1 Unterboden,,20031,,
11618,Reparatursatz für Feststellbremswelle,,1 Unterboden,,1 Unterboden,,20031,,
11619,Reparatursatz für Hauptbremszylinder,,1 Unterboden,,1 Unterboden,,20031,,
11620,Reparatursatz für Klimaanlage,,2 Motorraum,,2 Motorraum,,,,
11621,Reparatursatz für Kraftstoffpumpe,,2 Motorraum,,2 Motorraum,,,,
11622,Reparatursatz für Kupplungsgeberzylinder,,2 Motorraum,,2 Motorraum,,,,
11623,Reparatursatz für Kupplungsnehmerzylinder,,2 Motorraum,,2 Motorraum,,,,
11624,Reparatursatz für Pumpe-Düse-Einheit,,2 Motorraum,,2 Motorraum,,,,
11625,Reparatursatz für Radbremszylinder,,1 Unterboden,,1 Unterboden,,20031,,
11626,Reparatursatz für Vergaser,,2 Motorraum,,2 Motorraum,,,,
11627,Reparatursatz für Wasserpumpe,,2 Motorraum,,2 Motorraum,,,,
11628,Riemenscheibe für Generator,,2 Motorraum,,2 Motorraum,,,,
11629,Riemenscheibe für Lüfter,,2 Motorraum,,2 Motorraum,,,,
11630,Riemenscheibenschraube,,2 Motorraum,,2 Motorraum,,,,
11631,Ritzel für Zündverteiler,,2 Motorraum,,2 Motorraum,,,,
11632,Rollenführung für Schiebetür,,3 Karosserie,Karosserie (Pflicht),3 Karosserie,,20009,,
11633,Rückschlagventil,,2 Motorraum,,2 Motorraum,,,,
11634,Ruß-/Partikelfilter für Abgasanlage,,1 Unterboden,,1 Unterboden,,,,
11635,Schalter für Allradantrieb,,3 Karosserie,Karosserie (Pflicht),4 Innenraum,Bereich M-Konsole,,,
11636,Schalter für Bremsbetätigung,,3 Karosserie,Karosserie (Pflicht),4 Innenraum,Bremspedal,20031,,
11637,Schalter für Fahrstufe,,3 Karosserie,Karosserie (Pflicht),4 Innenraum,Automatik,,,
11638,Schalter für Handbremskontrollleuchte,,3 Karosserie,Karosserie (Pflicht),4 Innenraum,Gewöhlich am Handbremshebel,20031,,
11639,Schalter für Hupe,,3 Karosserie,Karosserie (Pflicht),4 Innenraum,Am Lenkrad,,,
11640,Schalter für Kupplungsbetätigung,,3 Karosserie,Karosserie (Pflicht),4 Innenraum,Am Kupplungspedal,,,
11641,Schalter für Scheibenwischerintervall,,3 Karosserie,Karosserie (Pflicht),4 Innenraum,Am Lenrad,,,
11642,Schalter für Türverriegelung,,3 Karosserie,Karosserie (Pflicht),3 Karosserie,,20008,10355,
11643,Schaltgetriebeöl,,5 Sonstige,,5 Sonstige,,,,
11644,Tankklappenscharnier,,3 Karosserie,Karosserie (Pflicht),3 Karosserie,,20005,,
11645,Scheibenreinigungsanlage,,2 Motorraum,,2 Motorraum,,,,
11646,Scheinwerferaufnahme für Beleuchtung,,3 Karosserie,Karosserie (Pflicht),3 Karosserie,,20003,,
11647,Schlauch für Leckkraftstoff,,2 Motorraum,,2 Motorraum,,,,
11648,Schlauchverbinder,,2 Motorraum,,2 Motorraum,,,,
11649,Schlingertopf für Kraftstoffpumpe,,2 Motorraum,,2 Motorraum,,,,
11650,Schlosssatz für Schließanlage,,3 Karosserie,Karosserie (Pflicht),3 Karosserie,,,,
11651,Schmierrohr für Nockenschmierung,,2 Motorraum,,2 Motorraum,,,,
11652,Schnell-Reparatur-Service für Antriebswelle,,1 Unterboden,,1 Unterboden,,,,
11653,Schraube für Bremssattel,,1 Unterboden,,1 Unterboden,,20031,,
11654,Schraube für Zylinderkopfhaube,,2 Motorraum,,2 Motorraum,,,,
11655,Schraubensatz für Federbein Radlagergehäuse,,1 Unterboden,,1 Unterboden,,30000,,
11656,Schutzkappe für Generator,,2 Motorraum,,2 Motorraum,,,,
11657,Schwallblech für Ölwanne,,1 Unterboden,,1 Unterboden,,,,
11658,Schwellerverkleidung,,3 Karosserie,Karosserie (Pflicht),3 Karosserie,,20005,,
11659,Schwimmernadelventil,,2 Motorraum,,2 Motorraum,,,,
11660,Schwungradschraube,,2 Motorraum,,2 Motorraum,,,,
11661,Seilzug für Schaltgetriebe,,2 Motorraum,,2 Motorraum,,,,
11662,Seitenmarkierungsleuchte,,3 Karosserie,Karosserie (Pflicht),3 Karosserie,,,,
11663,Sensor für Drehzahl,,2 Motorraum,,2 Motorraum,,,,
11664,Sensor für Drosselklappenstellung,,2 Motorraum,,2 Motorraum,,,,
11665,Sensor für Kraftstofftemperatur,,2 Motorraum,,2 Motorraum,,,,
11666,Sensor für Kühlmitteltemperatur,,2 Motorraum,,2 Motorraum,,,,
11667,Sensor für Längs-/Querbeschleunigung,,2 Motorraum,,2 Motorraum,,,,
11668,Sensor für Öltemperatur,,2 Motorraum,,2 Motorraum,,,,
11669,Sensor für Öltemperatur/-druck,,2 Motorraum,,2 Motorraum,,,,
11670,Sensor für Schaltmodul,,2 Motorraum,,2 Motorraum,,,,
11671,Sensor für Waschwasserstand,,2 Motorraum,,2 Motorraum,,,,
11672,Sensor für Zylinderkopftemperatur,,2 Motorraum,,2 Motorraum,,,,
11673,Spannarm für Keilriemen,,2 Motorraum,,2 Motorraum,,,,
11674,Spannelement für Kettenspanner,,2 Motorraum,,2 Motorraum,,,,
11675,Spannschiene für Antriebskette Ölpumpe,,2 Motorraum,,2 Motorraum,,,,
11676,Spannschiene für Steuerkette,,2 Motorraum,,2 Motorraum,,,,
11677,Spannschraube für Generatorhalter,,2 Motorraum,,2 Motorraum,,,,
11678,Spannungsstabilisator für Kombiinstrument,,2 Motorraum,,2 Motorraum,,,,
11679,Sportluftfiltersystem,,2 Motorraum,,2 Motorraum,,,,
11680,Sportschalldämpferanlage,,1 Unterboden,,1 Unterboden,,,,
11681,Spritzrohr für Beschleunigerpumpe,,2 Motorraum,,2 Motorraum,,,,
11682,Spritzwand,,3 Karosserie,Karosserie (Pflicht),3 Karosserie,,20002,,
11683,Spule für Magnetkupplung Kompressor,,2 Motorraum,,2 Motorraum,,,,
11684,Spurverbreiterung,,3 Karosserie,Karosserie (Pflicht),3 Karosserie,,,,
11685,Stabilisatorsatz,,1 Unterboden,,1 Unterboden,,30000,,
11686,Stellelement für Einspritzpumpe,,2 Motorraum,,2 Motorraum,,,,
11687,Stellelement für Exzenterwelle,,2 Motorraum,,2 Motorraum,,,,
11688,Stellelement für Umschaltklappe Saugrohr,,2 Motorraum,,2 Motorraum,,,,
11689,Steuergerät Elektrolüfter Motorkühlung,,2 Motorraum,,2 Motorraum,,,,
11690,Steuergerät Motormanagement,,2 Motorraum,,2 Motorraum,,,,
11691,Steuerklappe für Luftversorgung,,2 Motorraum,,2 Motorraum,,,,
11692,Steuerventil für Nockenwellenverstellung,,2 Motorraum,,2 Motorraum,,,,
11693,Steuergerät Klopfsensor,,2 Motorraum,,2 Motorraum,,,,
11694,Stoßdämpferaufnahme,,1 Unterboden,,1 Unterboden,,30000,,
11695,Stößelstange,,2 Motorraum,,2 Motorraum,,,,
11696,Stößelstangenschutzrohr,,2 Motorraum,,2 Motorraum,,,,
11697,Stoßstangenabdeckung für Anhängevorrichtung,,3 Karosserie,Karosserie (Pflicht),3 Karosserie,,20000,10570,"Parent Part no is auch 10571-10580, 10611"
11698,Stoßstangenhalter für Anhängevorrichtung,,3 Karosserie,Karosserie (Pflicht),3 Karosserie,,20000,10570,"Parent Part no is auch 10571-10580, 10611"
11699,Sturzkorrekturschraube,,1 Unterboden,,1 Unterboden,,30000,,
11700,Stütze Kühlergitter,,3 Karosserie,Karosserie (Pflicht),3 Karosserie,,20002,,
11701,Stützring für Federbeinstützlager,,1 Unterboden,,1 Unterboden,,30000,10463,
11702,Synchronring für Schaltgetriebe,,2 Motorraum,,2 Motorraum,,,,
11703,Temperaturschalter für Abgasrückführung,,2 Motorraum,,2 Motorraum,,,,
11704,Temperaturschalter für Kaltstartanreicherung,,2 Motorraum,,2 Motorraum,,,,
11705,Temperaturschalter für Saugrohrvorwärmung,,2 Motorraum,,2 Motorraum,,,,
11706,Temperaturschalter für Startautomatik,,2 Motorraum,,2 Motorraum,,,,
11707,Thermostat für Ölkühlung,,2 Motorraum,,2 Motorraum,,,,
11708,Torsionsdämpfer für Kupplung,,2 Motorraum,,2 Motorraum,,,,
11709,Tripodestern für Antriebswelle,,1 Unterboden,,1 Unterboden,,,,
11710,Türgriffrahmen,,3 Karosserie,Karosserie (Pflicht),3 Karosserie,,20009,10355,
11711,Umrüstkatalysator,,1 Unterboden,,1 Unterboden,,,,
11712,Umrüstsatz Stoßfänger,,3 Karosserie,Karosserie (Pflicht),3 Karosserie,,20000,,
11713,Umschaltventil für Lüftungsklappen,,2 Motorraum,,2 Motorraum,,,,
11714,Unterdruckleitung für Bremskraftverstärker,,1 Unterboden,,1 Unterboden,,20031,,
11715,Unterdruckschalter für Ansaugkrümmerbelüftung,,2 Motorraum,,2 Motorraum,,,,
11716,Ventil für Kurbelgehäuseentlüftung,,2 Motorraum,,2 Motorraum,,,,
11717,Ventil für Luftsteuerung Ansaugluft,,2 Motorraum,,2 Motorraum,,,,
11718,Ventil für Schubabschaltung,,2 Motorraum,,2 Motorraum,,,,
11719,Ventil für Sekundärluftsaugsystem,,2 Motorraum,,2 Motorraum,,,,
11720,Ventil für Unterdruckpumpe,,2 Motorraum,,2 Motorraum,,,,
11721,Ventil für Waschwasserleitung,,2 Motorraum,,2 Motorraum,,,,
11722,Ventilsicherungskeil,,2 Motorraum,,2 Motorraum,,,,
11723,Ventilspieleinstellschraube,,2 Motorraum,,2 Motorraum,,,,
11724,Ventilteller,,2 Motorraum,,2 Motorraum,,,,
11725,Verbindungsrohr für Heizungskanal,,3 Karosserie,Karosserie (Pflicht),4 Innenraum,Heizung,,,
11726,Verschluss für Bremsflüssigkeitsbehälter,,2 Motorraum,,2 Motorraum,,20031,,
11727,Verschluss für Waschwasserbehälter,,2 Motorraum,,2 Motorraum,,,,
11728,Verschlussdeckel für Ausgleichsbehälter-Servolenkung,,2 Motorraum,,2 Motorraum,,30000,,
11729,Verschlussdeckel für Ausrücklager,,2 Motorraum,,2 Motorraum,,,,
11730,Verschlusskappe für Leckkraftstoff,,2 Motorraum,,2 Motorraum,,,,
11731,Verschlussscheibe für Achsschenkel,,2 Motorraum,,2 Motorraum,,,,
11732,Vordrosselsteller für Vergaser,,2 Motorraum,,2 Motorraum,,,,
11733,Vorkatalysator,,1 Unterboden,,1 Unterboden,,,,
11734,Vorschaltgerät für Gasentladungslampe,,3 Karosserie,Karosserie (Pflicht),3 Karosserie,,20003,,
11735,Vorwiderstand für Elektromotor Kühlerlüfter,,2 Motorraum,,2 Motorraum,,,,
11736,Wärmeschutzscheibe für Einspritzanlage,,2 Motorraum,,2 Motorraum,,,,
11737,Warmluftfangblech,,2 Motorraum,,2 Motorraum,,,,
11738,Warmluftkanal,,3 Karosserie,Karosserie (Pflicht),4 Innenraum,Heizung,,,
11739,Warnkontaktsatz für Bremsbelagverschleiß,,2 Motorraum,,2 Motorraum,,20031,,
11740,Wasserpumpe inkl. Zahnriemensatz,,2 Motorraum,,2 Motorraum,,,,
11741,Wellrohr für Abgasanlage,,1 Unterboden,,1 Unterboden,,,,
11742,Wischerlager,,3 Karosserie,Karosserie (Pflicht),3 Karosserie,,,,
11743,Zahnkranz für Schwungrad,,2 Motorraum,,2 Motorraum,,,,
11744,Zahnrad für Ölpumpe,,2 Motorraum,,2 Motorraum,,,,
11745,Zahnrad für Verteilerwelle,,2 Motorraum,,2 Motorraum,,,,
11746,Zentralelektrik,,2 Motorraum,,2 Motorraum,,,,
11747,Zier-/Schutzleiste für Türscheibe,,3 Karosserie,Karosserie (Pflicht),3 Karosserie,,20009,10355,
11748,Zubehörsatz für Bremssattel,,1 Unterboden,,1 Unterboden,,20031,,
11749,Zubehörsatz für Schlepphebel,,2 Motorraum,,2 Motorraum,,,,
11750,Zugfeder für Spannrolle Zahnriemen,,2 Motorraum,,2 Motorraum,,,,
11751,Zusatzfeder,,2 Motorraum,,2 Motorraum,,,,
11752,Zwischenlager für Antriebswelle,,1 Unterboden,,1 Unterboden,,,,
11753,Zylinderlaufbuchse,,2 Motorraum,,2 Motorraum,,,,
11754,Zylinderlaufbuchsensatz,,2 Motorraum,,2 Motorraum,,,,
11755,Pritschenaufbau komplett,,3 Karosserie,Karosserie (Pflicht),3 Karosserie,,20011,,
11756,Schalter für Sitzverstellung,,4 Innenraum,,4 Innenraum,,,,
11757,Kondensatorschlauch,Schlauch für Kondensator,2 Motorraum,,2 Motorraum,,,,
11758,Lüftungsgitter Armaturenbrett,Luftführung Armaturenbrett,4 Innenraum,,4 Innenraum,,,,
11759,Schalter für Umluft,Umluftschalter,4 Innenraum,,4 Innenraum,,,,
11760,Feststellbremse,Parkbremse,1 Unterboden,,1 Unterboden,,20031,,
11761,Schloss Hecktür,,3 Karosserie,Karosserie (Pflicht),3 Karosserie,,20014,10349,Parent part auch 10532-10535
11762,Rückfahrkamera,,4 Innenraum,,4 Innenraum,,,,
11763,Motor Servolenkung,,2 Motorraum,,2 Motorraum,,30000,,
11764,Schalter Feststellbremse,,4 Innenraum,,4 Innenraum,,20031,,
11765,Steuergerät Feststellbremse,,2 Motorraum,,2 Motorraum,,20031,,
11766,Scharniersäule,,3 Karosserie,Karosserie (Pflicht),3 Karosserie,,20005,,
11767,Sonnenblende Dachfenster,,4 Innenraum,,4 Innenraum,,,,
11768,Sonnenblende Schiebedach,Sonnenschutz Schiebedach,4 Innenraum,,4 Innenraum,,,,
11769,Sonnenschutzrollo für Heckscheibe,,4 Innenraum,,4 Innenraum,,,,
11770,Glühlampe Xenon,Xenon-Brenner,3 Karosserie,Karosserie (Pflicht),3 Karosserie,,20003,,
11771,Servoleitung,,2 Motorraum,,2 Motorraum,,,,
11772,Servoschlauch,,2 Motorraum,,2 Motorraum,,,,
11773,Batteriedose,,2 Motorraum,,2 Motorraum,,,,
11774,Kompressor Pannenset,Luftkompressor; elektrische Luftpumpe; Reifenkompressor; Notfallkompressor,4 Innenraum,,4 Innenraum,,,,
11775,Halter für Getriebe,Getriebehalter,2 Motorraum,,2 Motorraum,,,,
11776,Komfortsteuergerät,,2 Motorraum,,2 Motorraum,,,,
11777,Sitzkonsole,,4 Innenraum,,4 Innenraum,,,,
11778,Schalter Einparkhilfe,,4 Innenraum,,4 Innenraum,,,,
11779,Drehknopf für Navigationsgerät,,4 Innenraum,,4 Innenraum,,,,
11780,Motor Schiebetür,,3 Karosserie,Karosserie (Pflicht),3 Karosserie,,20008,10352,"Parent part auch 10556,10557"
11781,Gastank LPG,Kraftstoffbehälter LPG; LPG-Tank,1 Unterboden,,1 Unterboden,,,,
11782,Verdampfer LPG,,2 Motorraum,,2 Motorraum,,,,
11783,Reserveradhalter,,3 Karosserie,Karosserie (Pflicht),3 Karosserie,,20012,,
11784,Entlüftung für Ansaugbrücke,,2 Motorraum,,2 Motorraum,,,,
11785,Steuergerät LPG,,2 Motorraum,,2 Motorraum,,,,
11786,Bedienelement für Verdeck,Bedienknopf für Verdeck; Bedienelement für Cabriodach; Bedienknopf für Cabriodach,4 Innenraum,,4 Innenraum,,20008,,
11787,LPG-Kupplungsblock,,2 Motorraum,,2 Motorraum,,,,
11788,Hybridgetriebe,,2 Motorraum,,2 Motorraum,,,,
11789,Hybridbatterie,Hochvoltspeicher,2 Motorraum,,2 Motorraum,,,,
11790,Antennenverstärker,,3 Karosserie,Karosserie (Pflicht),3 Karosserie,,,,
11791,Spritzdüse für Scheinwerferreinigungsanlage,Hubdüse,3 Karosserie,Karosserie (Pflicht),3 Karosserie,,20003,,
11792,Sitzheizung,Heizmatte,4 Innenraum,,4 Innenraum,,,,
11793,Vorderachshälfte,,1 Unterboden,,1 Unterboden,,30000,,
11794,Aktor Fussgängerschutz,,3 Karosserie,Karosserie (Pflicht),3 Karosserie,,20002,,
11795,Ansaugstutzen Lichtmaschine,,2 Motorraum,,2 Motorraum,,,,
11796,Antriebsscheibe,,2 Motorraum,,2 Motorraum,,,,
11797,Betriebsstundenzähler,,4 Innenraum,,4 Innenraum,,,,
11798,Bewegungsmelder,,4 Innenraum,,4 Innenraum,,,,
11799,Brillenfach,,4 Innenraum,,4 Innenraum,,,,
11800,Comprexlader,,2 Motorraum,,2 Motorraum,,,,
11801,Diebstahlwarnanlage komplett,,4 Innenraum,,4 Innenraum,,,,
11802,Druckregler Zyl 1-6,,2 Motorraum,,2 Motorraum,,,,
11803,Druckregler Zyl 7-12,,2 Motorraum,,2 Motorraum,,,,
11804,Ecometer,,4 Innenraum,,4 Innenraum,,,,
11805,Elektro-Seilwinde,,3 Karosserie,Karosserie (Pflicht),3 Karosserie,,20011,,
11806,Fernbedienung Standheizung,,4 Innenraum,,4 Innenraum,,,,
11807,Flüssiggasanlage,,1 Unterboden,,1 Unterboden,,,,
11808,Gasverdampfer,,2 Motorraum,,2 Motorraum,,,,
11809,Heckleiter,,3 Karosserie,Karosserie (Pflicht),3 Karosserie,,20011,,
11810,Hydraulikmodul Getriebe,,2 Motorraum,,2 Motorraum,,,,
11811,Hydro-Seilwinde komplett,,3 Karosserie,Karosserie (Pflicht),3 Karosserie,,20011,,
11812,Kindersitz,,4 Innenraum,,4 Innenraum,,,,
11813,Konsole Seilwinde,,3 Karosserie,Karosserie (Pflicht),3 Karosserie,,20011,,
11814,Kraftstoffvorwärmung,,2 Motorraum,,2 Motorraum,,,,
11815,Leitergrundplatte,,4 Innenraum,,4 Innenraum,,,,
11816,Leiterplatte Zusatzinstrumente,,4 Innenraum,,4 Innenraum,,,,
11817,Lufthutze Deckel,,3 Karosserie,Karosserie (Pflicht),3 Karosserie,,20001,,
11818,Notstrommodul,,2 Motorraum,,2 Motorraum,,,,
11819,Pumpe Differentialsperre,,2 Motorraum,,2 Motorraum,,,,
11820,Pumpe Zentralschmierung,,2 Motorraum,,2 Motorraum,,,,
11821,Schalter für Not-Aus,,4 Innenraum,,4 Innenraum,,,,
11822,Schalter für SOS Taster Notruf,,4 Innenraum,,4 Innenraum,,,,
11823,Schließzylinder Alarmanlage,,3 Karosserie,Karosserie (Pflicht),3 Karosserie,,,,
11824,Sicherheitsbatterieklemme (SBK),,2 Motorraum,,2 Motorraum,,,,
11825,Sitzdrehgestell,,4 Innenraum,,4 Innenraum,,,,
11826,Spannungswandler,,2 Motorraum,,2 Motorraum,,,,
11827,Steckachse,,1 Unterboden,,1 Unterboden,,,,
11828,Steuermodul Seilwinde,,2 Motorraum,,2 Motorraum,,,,
11829,Steuerventil 4-Matic,,2 Motorraum,,2 Motorraum,,,,
11830,Steuerventil EGR,,2 Motorraum,,2 Motorraum,,,,
11831,Steuerzylinder Allrad,,2 Motorraum,,2 Motorraum,,,,
11832,Steuerzylinder Vorderachse,,2 Motorraum,,2 Motorraum,,,,
11833,Streckbremsventil,,2 Motorraum,,2 Motorraum,,20031,,
11834,Türschlüssel,,3 Karosserie,Karosserie (Pflicht),3 Karosserie,,20009,10355,
11835,Ultraschallwandler,,2 Motorraum,,2 Motorraum,,,,
11836,Vorglühwiderstand,,2 Motorraum,,2 Motorraum,,,,
11837,Vorglühzeitschalter,,2 Motorraum,,2 Motorraum,,,,
11838,Zentralschalter,,4 Innenraum,,4 Innenraum,,,,
11839,Zusatzgebläse Getriebekühler,,2 Motorraum,,2 Motorraum,,,,
11840,Zündgerät Scheinwerfer,,3 Karosserie,Karosserie (Pflicht),3 Karosserie,,20003,,
11841,Öltemperaturregler Getriebe,,2 Motorraum,,2 Motorraum,,,,
11842,Hubzylinder für Scheinwerferreinigungsanlage,,3 Karosserie,Karosserie (Pflicht),3 Karosserie,,20003,,
11843,Einspritzleiste,,2 Motorraum,,2 Motorraum,,,,
11844,Satz Airbags,,4 Innenraum,,4 Innenraum,,20020,,
11845,Sitze komplett,,4 Innenraum,,4 Innenraum,,,,
11846,Start-Stop-System,,2 Motorraum,,2 Motorraum,,,,
11847,Rückleuchte in Stoßstange,,3 Karosserie,Karosserie (Pflicht),3 Karosserie,,20013,10570,"Parent Part no is auch 10571-10580, 10611"
11848,Trennwand,,3 Karosserie,Karosserie (Pflicht),3 Karosserie,,20006,,
11849,Schleifring Airbag,,4 Innenraum,,4 Innenraum,,20020,,
11850,Ölfiltergehäuse,,2 Motorraum,,2 Motorraum,,,,
11851,Blinkerhebel,,4 Innenraum,,4 Innenraum,,,,
11852,Steuergerät Bordnetz,,2 Motorraum,,2 Motorraum,,,,
11853,Steuergerät EWS,,2 Motorraum,,2 Motorraum,,,,
11854,Kabel,,2 Motorraum,,2 Motorraum,,,,
11855,Steuergerät Lüfter,,2 Motorraum,,2 Motorraum,,,,
11856,Tempomathebel,,4 Innenraum,,4 Innenraum,,,,
11857,Verkleidung Innenraum,,4 Innenraum,,4 Innenraum,,,,
11858,Wischerhebel,,4 Innenraum,,4 Innenraum,,,,
11859,Dekorset,,4 Innenraum,,4 Innenraum,,,,
11860,Media-Buchse,,4 Innenraum,,4 Innenraum,,,,
11861,TV-Empfänger,,4 Innenraum,,4 Innenraum,,,,
11862,Gurtgeber,,4 Innenraum,,4 Innenraum,,20021,,
11863,Frontkamera,,4 Innenraum,,4 Innenraum,,,,
11864,230V-Anschluss,,4 Innenraum,,4 Innenraum,,,,
11865,Antrieb Kofferraumabdeckung,,3 Karosserie,Karosserie (Pflicht),3 Karosserie,,20011,,
11866,Hochspannungsverteiler,,2 Motorraum,,2 Motorraum,,,,
11867,Wechselrichter,,2 Motorraum,,2 Motorraum,,,,
11868,Batterieheizung,,2 Motorraum,,2 Motorraum,,,,
11869,Spannungswandler für Batterie,,2 Motorraum,,2 Motorraum,,,,
11870,HV-Kabel,,2 Motorraum,,2 Motorraum,,20023,,
11871,Ladegerät Batterie,,2 Motorraum,,2 Motorraum,,,,
11872,Pannenset,,5 Sonstige,,5 Sonstige,,,,
11873,Rear Seat Entertainment (RSE),,4 Innenraum,,4 Innenraum,,,,
11874,Bordbuch,,5 Sonstige,,5 Sonstige,,,,
11875,Verbandtasche Ersthilfe,,5 Sonstige,,5 Sonstige,,,,
11876,Öleinfüllstutzen,,2 Motorraum,,2 Motorraum,,,,
11877,Elektrisches Heckklappenset,,3 Karosserie,Karosserie (Pflicht),3 Karosserie,,20013,10347,"Parent Prt auch 10554,10555"
11878,Radarsensor,,3 Karosserie,Karosserie (Pflicht),3 Karosserie,,,,
11879,Wireless-Ladestation,,4 Innenraum,,4 Innenraum,,,,
11880,Panoramadach,,3 Karosserie,Karosserie (Pflicht),3 Karosserie,,20005,,
11881,HV-Ladekabel,,2 Motorraum,,3 Karosserie,Befindet sich gewöhlch im Kofferaum,20023,,
11882,Einstiegleistenset,,3 Karosserie,Karosserie (Pflicht),3 Karosserie,,20005,,
11883,Einstiegleiste,,3 Karosserie,Karosserie (Pflicht),3 Karosserie,,,,
11884,Stellmotor Bremssattel,,2 Motorraum,,2 Motorraum,,20031,,
11885,Ventilblock Luftfahrwerk,,2 Motorraum,,2 Motorraum,,,,
11886,Pluskabel,,2 Motorraum,,2 Motorraum,,,,
11887,Förderpumpe AdBlue,,2 Motorraum,,2 Motorraum,,,,
11888,Tank AdBlue,,1 Unterboden,,1 Unterboden,,,,
11889,NOx Sensor,,2 Motorraum,,2 Motorraum,,,,
11890,Abgastemperaturfühler,,2 Motorraum,,2 Motorraum,,,,
11891,Aktuator Motorhaube,,3 Karosserie,Karosserie (Pflicht),3 Karosserie,,20002,,
11892,Feuerlöscher Motorraum,,2 Motorraum,,2 Motorraum,,,,
11893,Headup-Display,,4 Innenraum,,4 Innenraum,,,,
11894,Airbag Sitz,,4 Innenraum,,4 Innenraum,,20020,,
11895,Tür-Zuzieh-Hilfe,,3 Karosserie,Karosserie (Pflicht),3 Karosserie,,20009,10355,
11896,Sonnenschutzrollo,,4 Innenraum,,4 Innenraum,,,,
11897,Heckklappenscharnier,,3 Karosserie,Karosserie (Pflicht),3 Karosserie,,20014,,
11898,Kühlerpaket ohne Schlossträger,,2 Motorraum,,2 Motorraum,,20002,11899,
11899,Kühlerpaket mit Schlossträger,,2 Motorraum,,2 Motorraum,,20002,,
11900,Steuergerät Niveauregulierung,,2 Motorraum,,2 Motorraum,,,,
11901,Blinker Dach,,3 Karosserie,Karosserie (Pflicht),3 Karosserie,,20008,,
11902,Leitung,,2 Motorraum,,2 Motorraum,,,,
11903,Steuergerät Heckklappe,,2 Motorraum,,4 Innenraum,Meist am Dach inne verbaut,,11877,
11904,Steuergerät Gateway,,2 Motorraum,,2 Motorraum,,,,
11905,Steuergerät Bordnetz (BCM/BDC),,2 Motorraum,,2 Motorraum,,,,
11906,Steuergerät Area View (360),,2 Motorraum,,2 Motorraum,,,,
11907,Steuergerät Dämpferregelung (DCC),,2 Motorraum,,2 Motorraum,,,,
11908,Steuergerät Scheinwerfer,,2 Motorraum,,2 Motorraum,,20003,,
11909,Steuergerät Online Dienste,,2 Motorraum,,2 Motorraum,,,,
11910,Steuergerät Hinterachse,,2 Motorraum,,2 Motorraum,,,,
11911,Steuergerät Notfall GSM,,2 Motorraum,,2 Motorraum,,,,
11912,Steuergerät Bluetooth,,2 Motorraum,,2 Motorraum,,,,
11913,Steuergerät LTE,,2 Motorraum,,2 Motorraum,,,,
11914,Steuergerät Klima,,2 Motorraum,,2 Motorraum,,,,
11915,Steuergerät iCam2,,2 Motorraum,,2 Motorraum,,,,
11916,Steuergerät Bildverarbeitung,,2 Motorraum,,2 Motorraum,,,,
11917,Steuergerät Heckspoiler,,2 Motorraum,,2 Motorraum,,,,
11918,Steuergerät 48v,,2 Motorraum,,2 Motorraum,,,,
11919,Steuergerät Kessy,,2 Motorraum,,2 Motorraum,,,,
11920,Reifendichtmittel,,5 Sonstige,,5 Sonstige,,,,
11921,Kühlschrank,,4 Innenraum,,4 Innenraum,,,,
11922,Heizgerät,,2 Motorraum,,2 Motorraum,,,,
11923,Warnweste,,5 Sonstige,,5 Sonstige,,,,
11924,Schalter für Fahrwerk,,4 Innenraum,,4 Innenraum,,,,
11925,Schalter für Heckklappe,,4 Innenraum,,4 Innenraum,,,,
11926,Schalter für Area View (360),,4 Innenraum,,4 Innenraum,,,,
11927,Schalter für Radiolautstärke,,4 Innenraum,,4 Innenraum,,,,
11928,Schalter für Memory Sitze,,4 Innenraum,,4 Innenraum,,,,
11929,Schalter für Anhängerkupplung,,4 Innenraum,,5 Sonstige,Klassisches Zubehörteil,,,
11930,Schalter für Fahrerassistenz,,4 Innenraum,,4 Innenraum,,,,
11931,Schalter für Lane Assist,,4 Innenraum,,4 Innenraum,,,,
11932,Schalter für Fahrmodus,,4 Innenraum,,4 Innenraum,,,,
11933,Schalter für Cabrio Dach,,4 Innenraum,,4 Innenraum,,,,
11934,Ventilblock,,2 Motorraum,,2 Motorraum,,,,
11935,HV-Heizung,,2 Motorraum,,2 Motorraum,,20023,,
11936,HV-Ladeanschluss,,3 Karosserie,Karosserie (Pflicht),3 Karosserie,,20023,,
11937,Stromverteiler,,2 Motorraum,,2 Motorraum,,,,
11938,Radarsensor SWA Stoßstange,,1 Unterboden,,3 Karosserie,Sitz hinter dem Stoßfänger,20003,,
11939,Steuergerät SWA Spurwechselassistent,,2 Motorraum,,2 Motorraum,,,,
11940,Steuergerät Feststellbremse,,2 Motorraum,,2 Motorraum,,20031,,
11941,Steuergerät Smart Opener,,2 Motorraum,,2 Motorraum,,,,
11942,Steuergerät Funkfernbedienung,,2 Motorraum,,2 Motorraum,,,,
11943,Steuergerät Verteilergetriebe,,2 Motorraum,,2 Motorraum,,,,
11944,Hardtop Ladefläche,Dach Cabrio,3 Karosserie,Karosserie (Pflicht),3 Karosserie,,20005,,
11945,Doppelrohrbügel,,3 Karosserie,Karosserie (Pflicht),3 Karosserie,,,,
11946,Zusatzinstrument,,4 Innenraum,,4 Innenraum,,,,
11947,Schwellerrohre,,3 Karosserie,Karosserie (Pflicht),3 Karosserie,,20005,,
11948,Bedienteil Standheizung,,4 Innenraum,,4 Innenraum,,,,
11949,Bedufter,,4 Innenraum,,4 Innenraum,,,,
11950,Schalter Start-Stop,,4 Innenraum,,4 Innenraum,,,,
11951,Schalter Laderaumbeleuchtung,,4 Innenraum,,4 Innenraum,,,,
11952,Schalter Differenzialsperre,,4 Innenraum,,4 Innenraum,,,,
11953,Schalter Allrad 4X4,,4 Innenraum,,4 Innenraum,,,,
11954,Schalter UP,,4 Innenraum,,4 Innenraum,,,,
11955,Schalter DOWN,,4 Innenraum,,4 Innenraum,,,,
11956,Schalter Off Road,,4 Innenraum,,4 Innenraum,,,,
11957,3. Sitzreihe,,4 Innenraum,,4 Innenraum,,,,
11958,Teilepaket Karosserie,,3 Karosserie,Karosserie (Pflicht),3 Karosserie,,,,
11959,Teilepaket Achsen,,1 Unterboden,,1 Unterboden,,30000,,
11960,Teilepaket Antrieb,,2 Motorraum,,2 Motorraum,,,,
11961,Teilepaket Elektronik,,2 Motorraum,,2 Motorraum,,,,
11962,Teilepaket Innenausstattung,,4 Innenraum,,4 Innenraum,,,,
11963,Teilepaket Sonstiges,,5 Sonstige,,5 Sonstige,,,,
11964,Bremsscheiben Set,,1 Unterboden,,1 Unterboden,,20031,,
11965,Kamera,,4 Innenraum,,4 Innenraum,,,,
11966,48V-Batterie,,2 Motorraum,,2 Motorraum,,,,
11967,Hochvolt-Batterie,,2 Motorraum,,1 Unterboden,Befindet sich am Unterboden,20023,,
11968,Starterbatterie (Li),,2 Motorraum,,2 Motorraum,,,,
11969,HV-Modul,,2 Motorraum,,1 Unterboden,Befindet sich am Unterboden,20023,,
11970,Steuergerät Garagentoröffnung,,2 Motorraum,,2 Motorraum,,,,
11971,Steuergerät Komfortsystem,,2 Motorraum,,2 Motorraum,,,,
11972,Steuergerät Gurtmikrofon,,2 Motorraum,,2 Motorraum,,20021,,
11973,Steuergerät ESP Yaw Rate,,2 Motorraum,,2 Motorraum,,,,
11974,Steuergerät Bordnetz 2 (BCM/BDC),,2 Motorraum,,2 Motorraum,,,,
11975,Steuergerät mit Software Rückfahrkamerasystem,,2 Motorraum,,2 Motorraum,,,,
11976,Steuergerät Kraftstoffpumpe,,2 Motorraum,,2 Motorraum,,,,
11977,Steuergerät VDC,,2 Motorraum,,2 Motorraum,,,,
11978,Steuergerät ICM-QL,,2 Motorraum,,2 Motorraum,,,,
11979,Steuergerät FEM,,2 Motorraum,,2 Motorraum,,,,
11980,Steuergerät REM,,2 Motorraum,,2 Motorraum,,,,
11981,Steuergerät Lenkradelektronik,,2 Motorraum,,2 Motorraum,,30000,,
11982,Steuergerät KaFAS,,2 Motorraum,,2 Motorraum,,,,
11983,Steuergerät Telematic Communication Box,,2 Motorraum,,2 Motorraum,,,,
11984,Steuergerät Grundsteuergerät DME,,2 Motorraum,,2 Motorraum,,,,
11985,Steuergerät Grundsteuergerät DDE,,2 Motorraum,,2 Motorraum,,,,
11986,Steuergerät BDC Body Domain Controller,,2 Motorraum,,2 Motorraum,,,,
11987,Steuergerät Ultraschallsensor,,2 Motorraum,,2 Motorraum,,,,
11988,Steuergerät SAS,,2 Motorraum,,2 Motorraum,,,,
11989,Steuergerät VDP,,2 Motorraum,,2 Motorraum,,,,
11990,Steuergerät SCR,,2 Motorraum,,2 Motorraum,,,,
11991,Steuergerät Hinterachsgetriebe,,2 Motorraum,,2 Motorraum,,,,
11992,Steuergerät Surround View Camera,,2 Motorraum,,2 Motorraum,,,,
11993,Steuergerät Power Control Unit PCU,,2 Motorraum,,2 Motorraum,,,,
11994,Steuergerät Heckklappenfunktionsmodul,,2 Motorraum,,4 Innenraum,Meist am Dach inne verbaut,,11877,
11995,Steuergerät Security,,2 Motorraum,,2 Motorraum,,,,
11996,Steuergerät Batterielademodul BCU 150,,2 Motorraum,,2 Motorraum,,,,
11997,Steuergerät Parkassistent,,2 Motorraum,,2 Motorraum,,,,
11998,Steuergerät Night Vision Kamera,,2 Motorraum,,2 Motorraum,,,,
11999,Steuergerät Parktronic-System,,2 Motorraum,,2 Motorraum,,,,
12000,Steuergerät Ambientebeleuchtung,,2 Motorraum,,2 Motorraum,,,,
12001,Steuergerät Ladekommunikation,,2 Motorraum,,2 Motorraum,,,,
12002,Steuergerät Kombiinstrument,,2 Motorraum,,2 Motorraum,,,,
12003,Steuergerät Antriebsstrang,,2 Motorraum,,2 Motorraum,,,,
12004,Steuergerät Elektronischer Zündstartschalter,,2 Motorraum,,2 Motorraum,,,,
12005,Steuergerät Fahrdynamik,,2 Motorraum,,2 Motorraum,,,,
12006,Steuergerät Dämpferverstellung,,2 Motorraum,,2 Motorraum,,,,
12007,Steuergerät Tuner Digital,,2 Motorraum,,2 Motorraum,,,,
12008,Steuergerät Signalerfassungs- und Ansteuerungsmodul (SAM),,2 Motorraum,,2 Motorraum,,,,
12009,Steuergerät Central Powertrain Controller N127,,2 Motorraum,,2 Motorraum,,,,
12010,Steuergerät Navigation A2/30,,2 Motorraum,,2 Motorraum,,,,
12011,Steuergerät Leuchtweitenregulierung,,2 Motorraum,,2 Motorraum,,,,
12012,Steuergerät Parktronic-System N62,,2 Motorraum,,2 Motorraum,,,,
12013,Steuergerät Media Interface,,2 Motorraum,,2 Motorraum,,,,
12014,Steuergerät Telematik,,2 Motorraum,,2 Motorraum,,,,
12015,Steuergerät Fahrwerk,,2 Motorraum,,2 Motorraum,,,,
12016,Steuergerät Kommunikation,,2 Motorraum,,2 Motorraum,,,,
12017,Steuergerät Notrufsystem,,2 Motorraum,,2 Motorraum,,,,
12018,Steuergerät Satelliten Radio / DAB,,2 Motorraum,,2 Motorraum,,,,
12019,Steuergerät Elektronische Feststellbremse,,2 Motorraum,,2 Motorraum,,20031,,
12020,Steuergerät Radarsensoren,,2 Motorraum,,2 Motorraum,,,,
12021,Steuergerät Soundgenerator,,2 Motorraum,,2 Motorraum,,,,
12022,Steuergerät aktive Motorlager,,2 Motorraum,,2 Motorraum,,,,
12023,Steuergerät Schmutzfreihaltung Kamera,,2 Motorraum,,2 Motorraum,,,,
12024,Steuergerät 360 Grad Kamera,,2 Motorraum,,2 Motorraum,,,,
12025,Steuergerät Spannungswandler 230v,,2 Motorraum,,2 Motorraum,,,,
12026,Steuergerät Soundverstärker,,2 Motorraum,,2 Motorraum,,,,
12027,Steuergerät Abgasreinigung,,2 Motorraum,,2 Motorraum,,,,
12028,Steuergerät Heckdeckelfernschließung,,2 Motorraum,,2 Motorraum,,,,
12029,Steuergerät PDK,,2 Motorraum,,2 Motorraum,,,,
12030,Steuergerät Allradantrieb,,2 Motorraum,,2 Motorraum,,,,
12031,Steuergerät Vorderwagen,,2 Motorraum,,2 Motorraum,,,,
12032,Steuergerät Hinterwagen,,2 Motorraum,,2 Motorraum,,,,
12033,Steuergerät Kühlluftregulierung,,2 Motorraum,,2 Motorraum,,,,
12034,Steuergerät Quersperren,,2 Motorraum,,2 Motorraum,,,,
12035,Steuergerät Ölpumpe,,2 Motorraum,,2 Motorraum,,,,
12036,Steuergerät Telefon,,2 Motorraum,,2 Motorraum,,,,
12037,Steuergerät Notrufmodul und Kommunikationseinheit,,2 Motorraum,,2 Motorraum,,,,
12038,Steuergerät Verdeckbetätigung,,2 Motorraum,,4 Innenraum,,20008,,
12039,Steuergerät Universelle Kommunikationsschnittstelle (UCI),,2 Motorraum,,2 Motorraum,,,,
12040,Steuergerät Fahrwerksgateway,,2 Motorraum,,2 Motorraum,,,,
12041,Steuergerät DAB-Tuner,,2 Motorraum,,2 Motorraum,,,,
12042,Steuergerät Abgasnachbehandlung,,2 Motorraum,,2 Motorraum,,,,
12043,Steuergerät Kommunikationsmodul Telematikdienste,,2 Motorraum,,2 Motorraum,,,,
12044,Steuergerät Navigation,,2 Motorraum,,2 Motorraum,,,,
12045,Steuergerät TV-Tuner,,2 Motorraum,,2 Motorraum,,,,
12046,Steuergerät Stabilität,,2 Motorraum,,2 Motorraum,,,,
12047,Steuergerät Kamera,,2 Motorraum,,2 Motorraum,,,,
12048,Steuergerät Rückfahrkamera,,2 Motorraum,,2 Motorraum,,,,
12049,Steuergerät PDCC,,2 Motorraum,,2 Motorraum,,,,
12050,Leistungs- und Steuerelektronik,,2 Motorraum,,2 Motorraum,,,,
12051,Ladesteckdose,,2 Motorraum,,2 Motorraum,,,,
12052,Küchenzeile,,4 Innenraum,,4 Innenraum,,,,
12053,Bett,,4 Innenraum,,4 Innenraum,,,,
12054,Bettplatte,,4 Innenraum,,4 Innenraum,,,,
12055,Gaskocher,,5 Sonstige,,5 Sonstige,,,,
12056,Markise,,3 Karosserie,Karosserie (Pflicht),3 Karosserie,,,,
12057,Spurhaltesensor,,2 Motorraum,,2 Motorraum,,,,
12058,Steuergerät für LED,,2 Motorraum,,2 Motorraum,,20003,,
12059,Blende Seitenblinker,,3 Karosserie,Karosserie (Pflicht),3 Karosserie,,20005,,
12060,Rahmenspitze,,3 Karosserie,Karosserie (Pflicht),3 Karosserie,,,,
12061,Kotflügelträger,,3 Karosserie,Karosserie (Pflicht),3 Karosserie,,20002,,
12062,Verkleidung Wasserkasten,,2 Motorraum,,2 Motorraum,,,,
12063,Wasserkastenablauf,,2 Motorraum,,2 Motorraum,,,,
12064,Regensensor,,2 Motorraum,,2 Motorraum,,,,
12065,Verdeckbezug,,3 Karosserie,Karosserie (Pflicht),3 Karosserie,,20005,10340,
12066,Verdeckschloss,,3 Karosserie,Karosserie (Pflicht),3 Karosserie,,20005,10340,
12067,Steuergerät Dach,,2 Motorraum,,2 Motorraum,,,,
12068,Halter,,3 Karosserie,Karosserie (Pflicht),3 Karosserie,,,,
12069,Taster Heckklappe,Heckklappentaster,4 Innenraum,,4 Innenraum,,,,
12070,Heckklappenleiste,,3 Karosserie,Karosserie (Pflicht),3 Karosserie,,20014,10347,"Parent Prt auch 10554,10555"
12071,Motor Heckspoiler,,3 Karosserie,Karosserie (Pflicht),3 Karosserie,,20013,,
12072,TV-Receiver,,4 Innenraum,,4 Innenraum,,,,
12073,Heckscheibenöffner,,3 Karosserie,Karosserie (Pflicht),3 Karosserie,,20011,,
12074,Blende Heckleuchte,,3 Karosserie,Karosserie (Pflicht),3 Karosserie,,20013,10859,
12075,Beplankung,,3 Karosserie,Karosserie (Pflicht),3 Karosserie,,,,
12076,Abdeckung Schiebetürschienen,,3 Karosserie,Karosserie (Pflicht),3 Karosserie,,20009,,
12077,Motor Ausstellfenster,,3 Karosserie,Karosserie (Pflicht),3 Karosserie,,20012,,
12078,Motor Drallklappen,,3 Karosserie,Karosserie (Pflicht),3 Karosserie,,,,
12079,Lichtsensor,,2 Motorraum,,2 Motorraum,,,,
12080,Sitzerkennungsmatte,,4 Innenraum,,4 Innenraum,,,,
12081,Dekorleisten Armaturenbrett,,4 Innenraum,,4 Innenraum,,,,
12082,Schlüsselkarte,,5 Sonstige,,5 Sonstige,,,,
12083,Schalter Menü,,4 Innenraum,,4 Innenraum,,,,
12084,Klemmbrett Armaturenbrett,,4 Innenraum,,4 Innenraum,,,,
12085,Bedienknopf i-Drive,,4 Innenraum,,4 Innenraum,,,,
12086,Bedienteil MMI,,4 Innenraum,,4 Innenraum,,,,
12087,Schalterleiste MMI,,4 Innenraum,,4 Innenraum,,,,
12088,Luftdüse,,4 Innenraum,,4 Innenraum,,,,
12089,Crashsensor,,2 Motorraum,,2 Motorraum,,20020,,
12090,Steuergerät Video,,2 Motorraum,,2 Motorraum,,,,
12091,Entstörfilter,,2 Motorraum,,2 Motorraum,,,,
12092,Steuergerät Antenne,,2 Motorraum,,2 Motorraum,,,,
12093,Zentralverriegelung Sende-Empfangsmodul,,2 Motorraum,,2 Motorraum,,,,
12094,Klapptisch,,4 Innenraum,,4 Innenraum,,,,
12095,Abgasrohr Heizgerät,,3 Karosserie,Karosserie (Pflicht),2 Motorraum,Standheizung,,,
12096,Steuergerät Telestart,,2 Motorraum,,2 Motorraum,,,,
12097,Subwoofer,,4 Innenraum,,4 Innenraum,,,,
12098,Luftfederungsdämpfer,,1 Unterboden,,1 Unterboden,,30000,,
12099,Niveausensor,,2 Motorraum,,2 Motorraum,,,,
12100,Schalter Federung,,4 Innenraum,,4 Innenraum,,,,
12101,Steuergerät Lenkung,,2 Motorraum,,2 Motorraum,,30000,,
12102,Sekundärluftpumpe,,2 Motorraum,,2 Motorraum,,,,
12103,Raildrucksensor,,2 Motorraum,,2 Motorraum,,,,
12104,Niveaupumpe,,2 Motorraum,,2 Motorraum,,,,
12105,Faltenbalg,,2 Motorraum,,2 Motorraum,,,,
12106,Niveauregulierventil,,2 Motorraum,,2 Motorraum,,,,
12107,Zentralabsicherung,,2 Motorraum,,2 Motorraum,,,,
12108,Steuergerät Batterie,,2 Motorraum,,2 Motorraum,,,,
12109,Steuergerät Hybrid,,2 Motorraum,,2 Motorraum,,,,
12110,Steuergerät Alarm,,2 Motorraum,,2 Motorraum,,,,
12111,Niveaudämpfer,,2 Motorraum,,2 Motorraum,,,,
12112,Fahrwerk komplett,,1 Unterboden,,1 Unterboden,,30000,,
12113,Abstandssensor,,2 Motorraum,,2 Motorraum,,,,
12114,Hochvoltheizung (PTC),,2 Motorraum,,2 Motorraum,,20023,,
12115,Elektrischer Durchlauferhitzer,,2 Motorraum,,2 Motorraum,,,,
12116,Elektromotor,,2 Motorraum,,2 Motorraum,,,,
12117,Steuergerät Lade-Interface-Modul LIM,,2 Motorraum,,2 Motorraum,,,,
12118,Steuergerät Komfortladeelektronik KLE,,2 Motorraum,,2 Motorraum,,,,
12119,Steuergerät REME,,2 Motorraum,,2 Motorraum,,,,
12120,Steuergerät RDME,,2 Motorraum,,2 Motorraum,,,,
12121,Steuergerät eDME,,2 Motorraum,,2 Motorraum,,,,
12122,Steuergerät Körperschall,,2 Motorraum,,2 Motorraum,,,,
12123,Steuergerät Motorgeräuscherzeugung,,2 Motorraum,,2 Motorraum,,,,
12124,E-Maschinen Elektronik (EME),,2 Motorraum,,2 Motorraum,,,,
12125,KaFAS Kamera,,4 Innenraum,,4 Innenraum,,,,
12126,Headunit (Multimedia),,4 Innenraum,,4 Innenraum,,,,
12127,Steuergerät Cabrio-Top-Modul,,2 Motorraum,,2 Motorraum,,,,
12128,Steuergerät Top Rear Side View Kamera,,2 Motorraum,,2 Motorraum,,,,
12129,Steuergerät Nachtsichtsystem,,2 Motorraum,,2 Motorraum,,,,
12130,Kamera für Nachtsicht,,4 Innenraum,,4 Innenraum,,,,
12131,Spannungswandler 12DC/48DC,,2 Motorraum,,2 Motorraum,,,,
12132,Steuergerät beheizbare Frontscheibe,,2 Motorraum,,2 Motorraum,,,,
12133,Steuergerät Wankstabilisierung,,2 Motorraum,,2 Motorraum,,,,
12134,Steuergerät elektrohydraulische Motorlagerung,,2 Motorraum,,2 Motorraum,,,,
12135,Steuergerät Thermomanagement,,2 Motorraum,,2 Motorraum,,,,
12136,Steuergerät Real Time Monitoring (RTM),,2 Motorraum,,2 Motorraum,,,,
12137,Steuergerät Fahrerassistenzsysteme (zFAS),,2 Motorraum,,2 Motorraum,,,,
12138,Zusatzkühler,,2 Motorraum,,2 Motorraum,,,,
12139,Steuergerät EMF,,2 Motorraum,,2 Motorraum,,,,
12140,Steuergerät Heckfunktionsmodul,,2 Motorraum,,2 Motorraum,,,,
12141,Steuergerät Zentrales Gateway Modul,,2 Motorraum,,2 Motorraum,,,,
12142,Steuergerät Junctionbox Elektronik 3,,2 Motorraum,,2 Motorraum,,,,
12143,Steuergerät Fussraummodul,,2 Motorraum,,2 Motorraum,,,,
12144,Steuergerät CAS4,,2 Motorraum,,2 Motorraum,,,,
12145,Steuergerät geregelte Hinterachssperre,,2 Motorraum,,2 Motorraum,,,,
12146,Steuergerät kamerabasierte Systeme,,2 Motorraum,,2 Motorraum,,,,
12147,Steuergerät Combo Telematik GPS,,2 Motorraum,,2 Motorraum,,,,
12148,Steuergerät HSR,,2 Motorraum,,2 Motorraum,,,,
12149,Steuergerät Lesegerät TV,,2 Motorraum,,2 Motorraum,,,,
12150,Steuergerät Mercedes-Benz Intelligent Drive,,2 Motorraum,,2 Motorraum,,,,
12151,Steuergerät Pneumatische Steuerung,,2 Motorraum,,2 Motorraum,,,,
12152,Steuergerät Tagesfahrlicht,,2 Motorraum,,2 Motorraum,,,,
12153,Kabelbaum Stoßstange,,2 Motorraum,,2 Motorraum,,,,
12154,Kabelbaum Motor,,2 Motorraum,,2 Motorraum,,,,
12155,Kabelbaum Innenraum,,2 Motorraum,,2 Motorraum,,,,
12156,Rahmen Blende Display,,4 Innenraum,,4 Innenraum,,,,
12157,Heizelement elektrische Luftzusatzheizung,,4 Innenraum,,4 Innenraum,,,,
12158,Motor ohne Anbauteile (Elektro),,2 Motorraum,,2 Motorraum,,,,
12159,Tank Frischwasser,,4 Innenraum,,4 Innenraum,,,,
12160,Tank Abwasser,,4 Innenraum,,4 Innenraum,,,,
12161,Toilettenanlage,,4 Innenraum,,4 Innenraum,,,,
12162,Nasszelle / Duschkabine,,4 Innenraum,,4 Innenraum,,,,
12163,Duschkopf,,4 Innenraum,,4 Innenraum,,,,
12164,Toilette / WC,,4 Innenraum,,4 Innenraum,,,,
12165,Waschbecken,,4 Innenraum,,4 Innenraum,,,,
12166,Waschbecken Schrank,,4 Innenraum,,4 Innenraum,,,,
12167,Dachfenster,,3 Karosserie,Karosserie (Pflicht),3 Karosserie,,20005,,
12168,Bettpolsterung,,4 Innenraum,,4 Innenraum,,,,
12169,Stauschrank,,4 Innenraum,,4 Innenraum,,,,
12170,Kochfeld mit Spüle,,4 Innenraum,,4 Innenraum,,,,
12171,Solarpanel,,3 Karosserie,Karosserie (Pflicht),3 Karosserie,,,,
12172,Fliegengitter,,4 Innenraum,,4 Innenraum,,,,
12173,Tisch,,4 Innenraum,,4 Innenraum,,,,
12174,Trittstufe,,3 Karosserie,Karosserie (Pflicht),3 Karosserie,,,,
12175,Dachklimaanlage,,3 Karosserie,Karosserie (Pflicht),3 Karosserie,,20005,,
12176,Klappstuhl,,4 Innenraum,,4 Innenraum,,,,
12177,Brennstoffzelle,,2 Motorraum,,2 Motorraum,,,,
12178,E-Sim Reader,,2 Motorraum,,2 Motorraum,,,,
12179,Ambient Air Duftkonzept,,4 Innenraum,,4 Innenraum,,,,
12180,Steuergerät Kamera Autonomous Driving,,2 Motorraum,,2 Motorraum,,,,
12181,Steuergerät Automated Parking Kamera,,2 Motorraum,,2 Motorraum,,,,
12182,Display Außenspiegel,,4 Innenraum,,4 Innenraum,,,,
