source	source_label	source_level	target	target_label	relation	tier	hops_source	hops_target	rules
v10006	Antenne Dach	baugruppe	e33639	Fahrzeugantennen	<	seed	0	0	Seed+H3
v10007	Aufprallträger	baugruppe	e262146	Stoßstangeneinlagen & -abdeckungen	<	seed	0	0	Seed+H3
v10014	Behälter Heckwischer	baugruppe	e174112	Wischwasserbehälter, -pumpen & -düsen	=	seed	0	0	Seed
v10023	Dämpfer Hecktür	baugruppe	e262150	Gasfedern, Verschlüsse, Scharniere & weitere Teile	<	seed	0	0	Seed+H3
v10037	Fanghaken Klappe	baugruppe	e14769	Sonstige	<	seed	0	0	Seed+H4
v10065	Kennzeichenverstärkung	baugruppe	e52638	Nummernschilder & -rahmen	<	seed	0	0	Seed+ADJ
v10066	Klappenscharnier	baugruppe	e262156	Scharniere, Verschlüsse & weitere Motorhaubenteile	<	seed	0	0	Seed+H3
v10067	Klappenschlosszug	baugruppe	e262156	Scharniere, Verschlüsse & weitere Motorhaubenteile	<	seed	0	0	Seed+H3
v10068	Klappenstützen	baugruppe	e14769	Sonstige	<	seed	0	0	Seed+H4
v10088	Kugelkopf Anhängerkupplung	baugruppe	e180145	Kugelköpfe	=	seed	0	0	Seed
v10109	Motorhaubenscharnier	baugruppe	e262156	Scharniere, Verschlüsse & weitere Motorhaubenteile	<	seed	0	0	Seed+H3
v10110	Motorhaubenzug	baugruppe	e262156	Scharniere, Verschlüsse & weitere Motorhaubenteile	<	seed	0	0	Seed+H3
v10124	Pralldämpfer	baugruppe	e262146	Stoßstangeneinlagen & -abdeckungen	<	seed	0	0	Seed+H3
v10125	Querträger	baugruppe	e14769	Sonstige	<	seed	0	0	Seed+H4
v10131	Scheibenwaschdüse	baugruppe	e262179	Weitere Scheibenwischerteile	<	seed	0	0	Seed+H4
v10132	Scheinwerfertragrahmen	baugruppe	e14769	Sonstige	<	seed	0	0	Seed+H4
v10133	Schiebedach	baugruppe	e262172	Panorama-, Schiebedächer & Teile	<	seed	0	0	Seed+H3
v10134	Schiebedachdeckel	baugruppe	e262172	Panorama-, Schiebedächer & Teile	<	seed	0	0	Seed+H3
v10135	Schließbolzen	baugruppe	e262150	Gasfedern, Verschlüsse, Scharniere & weitere Teile	<	seed	0	0	Seed+H3
v10136	Schließplatte	baugruppe	e262150	Gasfedern, Verschlüsse, Scharniere & weitere Teile	<	seed	0	0	Seed+H3
v10137	Schließzylinder	baugruppe	e262150	Gasfedern, Verschlüsse, Scharniere & weitere Teile	<	seed	0	0	Seed+H3
v10138	Schließzylinder Heckdeckel	baugruppe	e262150	Gasfedern, Verschlüsse, Scharniere & weitere Teile	<	seed	0	0	Seed+H3
v10139	Schließzylinder Hecktür	baugruppe	e262150	Gasfedern, Verschlüsse, Scharniere & weitere Teile	<	seed	0	0	Seed+H3
v10140	Schließzylinder Satz	baugruppe	e262150	Gasfedern, Verschlüsse, Scharniere & weitere Teile	<	seed	0	0	Hülle<-Seed+H3|Seed+H7
v10141	Schließzylinder Schiebetür	baugruppe	e262150	Gasfedern, Verschlüsse, Scharniere & weitere Teile	<	seed	0	0	Seed+H3
v10142	Schloss Heckdeckel	baugruppe	e262150	Gasfedern, Verschlüsse, Scharniere & weitere Teile	<	seed	0	0	Seed+H3
v10143	Schloss Hecktür	baugruppe	e262150	Gasfedern, Verschlüsse, Scharniere & weitere Teile	<	seed	0	0	Seed+H3
v10144	Schloss Motorhaube	baugruppe	e262156	Scharniere, Verschlüsse & weitere Motorhaubenteile	<	seed	0	0	Seed+H3
v10145	Schlosszapfen	baugruppe	e14769	Sonstige	<	seed	0	0	Seed+H4
v10151	Spiegelglas	baugruppe	e262163	Spiegelglas	=	seed	0	0	Seed
v10152	Stellelement für Zentralverriegelung	baugruppe	e14769	Sonstige	<	seed	0	0	Seed+H4
v10154	Stütze Heckwischer	baugruppe	e14769	Sonstige	<	seed	0	0	Seed+H4
v10161	Tankklappe	baugruppe	e262167	Tankdeckel & Zubehör	<	seed	0	0	Seed+H3
v10162	Tankklappenzug	baugruppe	e262167	Tankdeckel & Zubehör	<	seed	0	0	Seed+H3
v10163	Tankverschluss	baugruppe	e262072	Tankdeckel	<	seed	0	0	Seed+H3
v10167	Türbremse	baugruppe	e262150	Gasfedern, Verschlüsse, Scharniere & weitere Teile	<	seed	0	0	Seed+H3
v10168	Türfeststeller	baugruppe	e262150	Gasfedern, Verschlüsse, Scharniere & weitere Teile	<	seed	0	0	Seed+H3
v10169	Türschloss	baugruppe	e262150	Gasfedern, Verschlüsse, Scharniere & weitere Teile	<	seed	0	0	Seed+H3
v10179	Vorderwand	baugruppe	e262168	Weitere Karosseriebleche	<	seed	0	0	Seed+H4
v10181	Wischerarm	baugruppe	e174113	Wischerarme	=	seed	0	0	Seed
v10182	Wischergetriebe	baugruppe	e262179	Weitere Scheibenwischerteile	<	seed	0	0	Seed+H4
v10191	Antenne elektrisch	baugruppe	e33639	Fahrzeugantennen	<	seed	0	0	Seed+H3
v10192	Blinker	baugruppe	e33717	Blinkleuchten	<	seed	0	0	Seed+H3
v10193	Blinker Außenspiegel	baugruppe	e33717	Blinkleuchten	<	seed	0	0	Hülle<-Seed+H3|Seed+H7
v10194	Blinker Kotflügel	baugruppe	e33717	Blinkleuchten	<	seed	0	0	Seed+H3
v10205	Fensterheber	baugruppe	e33706	Fensterheber & -motoren	<	seed	0	0	Seed+H3
v10206	Hauptfernscheinwerfer	baugruppe	e33710	Frontscheinwerfer	<	seed	0	0	Seed+H3
v10207	Fernscheinwerfer	baugruppe	e33710	Frontscheinwerfer	<	seed	0	0	Seed+H3
v10210	Hauptscheinwerfer	baugruppe	e33710	Frontscheinwerfer	<	seed	0	0	Seed+H3
v10220	Kabel Tür	baugruppe	e179847	Kabel, Kabelbäume & Steckverbinder	<	seed	0	0	Seed+H3
v10223	Kennzeichenleuchte	baugruppe	e262208	Kennzeichenbeleuchtung	<	seed	0	0	Seed+H3
v10233	Motor Fensterheber	baugruppe	e33706	Fensterheber & -motoren	<	seed	0	0	Seed+H3
v10234	Motor Klappscheinwerfer	baugruppe	e177708	Elektromotoren	<	seed	0	0	Seed+H3
v10236	Motor Leuchtweitenregulierung	baugruppe	e177708	Elektromotoren	<	seed	0	0	Seed+H3
v10237	Motor Schiebedach	baugruppe	e262172	Panorama-, Schiebedächer & Teile	<	seed	0	0	Seed+H3
v10238	Motor Verdeck	baugruppe	e177708	Elektromotoren	<	seed	0	0	Seed+H3
v10240	Nebelscheinwerfer	baugruppe	e33709	Nebelscheinwerfer	<	seed	0	0	Seed+H3
v10241	Nebelschlussleuchte	baugruppe	e33716	Rück- & Bremsleuchten	<	seed	0	0	Seed+H3
v10247	Parkleuchte	baugruppe	e174065	Sonstige	<	seed	0	0	Seed+H4
v10260	Rückleuchte	baugruppe	e33716	Rück- & Bremsleuchten	<	seed	0	0	Seed+H3
v10261	Rückleuchte Leiterplatte	baugruppe	e33716	Rück- & Bremsleuchten	<	seed	0	0	Seed+H3
v10262	Rückleuchtenband	baugruppe	e33716	Rück- & Bremsleuchten	<	seed	0	0	Seed+H3
v10278	Scheinwerferglas	baugruppe	e33710	Frontscheinwerfer	<	seed	0	0	Seed+H3
v10281	Stand-/Blinkleuchte	baugruppe	e33717	Blinkleuchten	<	seed	0	0	Seed+H3
v10283	Standleuchte	baugruppe	e33715	Seitenmarkierungsleuchten	<	seed	0	0	Seed+H3
v10294	Temperaturfühler	baugruppe	e33578	Sonstige	<	seed	0	0	Seed+H4
v10303	Wischermotor	baugruppe	e61941	Wischermotoren & -gestänge	<	seed	0	0	Seed+H3
v10305	Zentralverriegelung	baugruppe	e33578	Sonstige	<	seed	0	0	Seed+H4
v10337	Abschlussblech	baugruppe	e262168	Weitere Karosseriebleche	<	seed	0	0	Seed+H4
v10338	Auspuffblende	baugruppe	e14769	Sonstige	<	seed	0	0	Seed+H4
v10339	Ausstellscheibe	baugruppe	e6781	Weitere Autoglas- & Fensterteile	<	seed	0	0	Seed+H4
v10340	Dach Cabrio	baugruppe	e262171	Hardtops, Autodächer & Teile	<	seed	0	0	Seed+H3
v10341	Dach mit Sonnendachausschnitt	baugruppe	e262171	Hardtops, Autodächer & Teile	<	seed	0	0	Seed+H3
v10342	Dach Targa	baugruppe	e262171	Hardtops, Autodächer & Teile	<	seed	0	0	Seed+H3
v10343	Dreieckscheibe	baugruppe	e6781	Weitere Autoglas- & Fensterteile	<	seed	0	0	Seed+H4
v10344	Faltdach	baugruppe	e262171	Hardtops, Autodächer & Teile	<	seed	0	0	Seed+H3
v10345	Frontblech	baugruppe	e262168	Weitere Karosseriebleche	<	seed	0	0	Seed+H4
v10346	Frontscheibe ohne Bandfilter	baugruppe	e6781	Weitere Autoglas- & Fensterteile	<	seed	0	0	Seed+H4|Hülle<-Seed+H4
v10347	Heckklappe / Heckdeckel	baugruppe	e33656	Kofferraum- & Heckklappen	<	seed	0	0	Seed+H3
v10348	Heckscheibe	baugruppe	e6781	Weitere Autoglas- & Fensterteile	<	seed	0	0	Seed+H4
v10349	Hecktür	baugruppe	e179850	Türen & Türenbleche	<	seed	0	0	Seed+H3
v10350	Kotflügel mit Blinker mit Antennenloch	baugruppe	e33644	Kotflügel Vorn	>	seed	0	0	Seed+H6
v10350_65	Kotflügel mit Blinker mit Antennenloch, hinten links	position	e262166	Seitenwände & Kotflügel Hinten	<	seed	0	0	Seed+H5
v10350_66	Kotflügel mit Blinker mit Antennenloch, hinten rechts	position	e262166	Seitenwände & Kotflügel Hinten	<	seed	0	0	Seed+H5
v10351	Motorhaube	baugruppe	e33646	Motorhauben	=	seed	0	0	Seed
v10352	Schiebetür	baugruppe	e262149	Schiebetüren	<	seed	0	0	Seed+H3
v10353	Seitenscheibe	baugruppe	e6781	Weitere Autoglas- & Fensterteile	<	seed	0	0	Seed+H4
v10354	Seitenscheibe Schiebetür	baugruppe	e6781	Weitere Autoglas- & Fensterteile	<	seed	0	0	Seed+H4
v10355	Tür	baugruppe	e179850	Türen & Türenbleche	<	seed	0	0	Seed+H3
v10356	Türscheibe	baugruppe	e33684	Autoglas	<	seed	0	0	Seed+ADJ
v10357	Vorbau ohne Stirnwand	baugruppe	e262168	Weitere Karosseriebleche	<	seed	0	0	Seed+H4
v10358	Abdeckung Abschlepphaken	baugruppe	e14769	Sonstige	<	seed	0	0	Seed+H4
v10359	Abdeckung Außenspiegel	baugruppe	e262162	Spiegelkomponenten	<	seed	0	0	Seed+H3
v10360	Abschleppöse	baugruppe	e38790	Sonstige	<	seed	0	0	Seed+H4
v10361	Anhängerkupplung mit E-Satz abnehmbar	baugruppe	e33653	Anhängerkupplungen & Komplettsätze	<	seed	0	0	Seed+H3
v10362	Außenspiegel elektrisch lackiert	baugruppe	e262161	Außenspiegel	<	seed	0	0	Seed+H7|Hülle<-Seed
v10363	Außenspiegelgehäuse	baugruppe	e262162	Spiegelkomponenten	<	seed	0	0	Seed+H3
v10364	Außenspiegelglas	baugruppe	e262162	Spiegelkomponenten	<	seed	0	0	Seed+H3
v10365	Blende Kotflügel	baugruppe	e262168	Weitere Karosseriebleche	<	seed	0	0	Seed+H4
v10366	Blende Kühlergrill	baugruppe	e262168	Weitere Karosseriebleche	<	seed	0	0	Seed+H4
v10367	Blende Nebelscheinwerfer	baugruppe	e262168	Weitere Karosseriebleche	<	seed	0	0	Seed+H4
v10368	Blende Scheinwerfer	baugruppe	e262168	Weitere Karosseriebleche	<	seed	0	0	Seed+H4
v10369	Blende Stoßstange	baugruppe	e262168	Weitere Karosseriebleche	<	seed	0	0	Seed+H4
v10370	Dachreling	baugruppe	e14769	Sonstige	<	seed	0	0	Seed+H4
v10371	Dachzierleiste	baugruppe	e33654	Schutz- & Zierleisten	<	seed	0	0	Seed+H3
v10372	Frontschürze	baugruppe	e262168	Weitere Karosseriebleche	<	seed	0	0	Seed+H4
v10373	Frontverkleidung	baugruppe	e262168	Weitere Karosseriebleche	<	seed	0	0	Seed+H4
v10374	Gepäckträger	baugruppe	e14769	Sonstige	<	seed	0	0	Seed+H4
v10375	Grill Windlauf	baugruppe	e14769	Sonstige	<	seed	0	0	Seed+H4
v10376	Heckblende	baugruppe	e262168	Weitere Karosseriebleche	<	seed	0	0	Seed+H4
v10377	Heckklappendämpfer	baugruppe	e262150	Gasfedern, Verschlüsse, Scharniere & weitere Teile	<	seed	0	0	Seed+H3
v10378	Kotflügelverbreiterung	baugruppe	e262168	Weitere Karosseriebleche	<	seed	0	0	Seed+H4
v10379	Kühlergrill	baugruppe	e33645	Front- & Kühlergrills	<	seed	0	0	Seed+H3
v10380	Kühlergrillrahmen	baugruppe	e33645	Front- & Kühlergrills	<	seed	0	0	Seed+H3
v10381	Radabdeckung	baugruppe	e33744	Radkappen & Stahlfelgenringe	=	seed	0	0	Seed
v10382	Schürze	baugruppe	e262168	Weitere Karosseriebleche	<	seed	0	0	Seed+H4
v10383	Schutzleiste Kotflügel	baugruppe	e33654	Schutz- & Zierleisten	<	seed	0	0	Seed+H3
v10384	Schutzleiste Seitenwand	baugruppe	e33654	Schutz- & Zierleisten	<	seed	0	0	Seed+H3
v10385	Schutzleiste Tür	baugruppe	e33654	Schutz- & Zierleisten	<	seed	0	0	Seed+H3
v10386	Schwellerleisten	baugruppe	e33650	Einstiegsleisten	<	seed	0	0	Seed+H3
v10387	Sonnendach	baugruppe	e262172	Panorama-, Schiebedächer & Teile	<	seed	0	0	Hülle<-Seed+H3|Seed+H7
v10388	Spoiler	baugruppe	e33638	Spoiler & Heckflügel	<	seed	0	0	Seed+H3
v10389	Steinschlagschutz	baugruppe	e33654	Schutz- & Zierleisten	<	seed	0	0	Seed+H3
v10390	Steinschlagschutz Stoßstange	baugruppe	e33654	Schutz- & Zierleisten	<	seed	0	0	Seed+H3
v10391	Stoßstange Grundausführung für Kunststoff SW/Grau mit Nebelscheinwerfer mit Spoiler	baugruppe	e33640	Stoßstangen & -verstärker	<	seed	0	0	Seed+H3
v10392	Stoßstangenabdeckung	baugruppe	e262146	Stoßstangeneinlagen & -abdeckungen	<	seed	0	0	Seed+H3
v10393	Stoßstangenbefestigung	baugruppe	e33640	Stoßstangen & -verstärker	<	seed	0	0	Seed+H3
v10394	Stoßstangenecke	baugruppe	e33640	Stoßstangen & -verstärker	<	seed	0	0	Seed+H3
v10395	Stoßstangenhalter	baugruppe	e33640	Stoßstangen & -verstärker	<	seed	0	0	Seed+H3
v10396	Stoßstangenträger	baugruppe	e262152	Rahmenlängsträger & Hilfsträger	=	seed	0	0	Seed
v10397	Türgriff	baugruppe	e179851	Türgriffe	=	seed	0	0	Seed
v10398	Türgummi	baugruppe	e262148	Türdichtungen	<	seed	0	0	Seed+H3
v10399	Türrahmen	baugruppe	e262150	Gasfedern, Verschlüsse, Scharniere & weitere Teile	<	seed	0	0	Seed+H3
v10400	Verkleidung Innenkotflügel	baugruppe	e262168	Weitere Karosseriebleche	<	seed	0	0	Seed+H4
v10401	Verkleidung Scheinwerfer	baugruppe	e262168	Weitere Karosseriebleche	<	seed	0	0	Seed+H4
v10402	Windabweiser Dach	baugruppe	e38659	Wind- & Regenabweiser	<	seed	0	0	Seed+H3
v10403	Windabweiser Fenster	baugruppe	e38659	Wind- & Regenabweiser	<	seed	0	0	Seed+H3
v10404	Windlauf	baugruppe	e38659	Wind- & Regenabweiser	<	seed	0	0	Seed+H3
v10405	Ziergitter	baugruppe	e33654	Schutz- & Zierleisten	<	seed	0	0	Seed+H3
v10406	Zierleiste	baugruppe	e33654	Schutz- & Zierleisten	<	seed	0	0	Seed+H3
v10489	Dichtung für Frontscheibe	baugruppe	e14769	Sonstige	<	seed	0	0	Seed+H4
v10490	Dichtung für Motorhaube	baugruppe	e14769	Sonstige	<	seed	0	0	Seed+H4
v10492	Dichtung für Heckscheibe	baugruppe	e14769	Sonstige	<	seed	0	0	Seed+H4
v10497	Emblem	baugruppe	e33643	Embleme & Ornamente	=	seed	0	0	Seed
v10520	Schneeketten	baugruppe	e180090	Schnee-, Anti-Rutsch-Ketten & Schneesocken	=	seed	0	0	Seed
v10523	Türdichtung	baugruppe	e262148	Türdichtungen	<	seed	0	0	Seed+H3
v10528	Wischerblatt	baugruppe	e179852	Wischerblätter & -gummi	=	seed	0	0	Seed
v10530	Hauptscheinwerfer höhenverstellbar	baugruppe	e33710	Frontscheinwerfer	<	seed	0	0	Seed+H3
v10531	Hauptscheinwerfer nicht höhenverstellbar	baugruppe	e33710	Frontscheinwerfer	<	seed	0	0	Seed+H3
v10532	Hecktür (1-türig) mit Fensterausschnitt	baugruppe	e179850	Türen & Türenbleche	<	seed	0	0	Seed+H3
v10533	Hecktür (1-türig) geschlossen	baugruppe	e179850	Türen & Türenbleche	<	seed	0	0	Seed+H3
v10534	Hecktür (2-türig) mit Fensterausschnitt	baugruppe	e179850	Türen & Türenbleche	<	seed	0	0	Seed+H3
v10535	Hecktür (2-türig) geschlossen	baugruppe	e179850	Türen & Türenbleche	<	seed	0	0	Seed+H3
v10554	Heckklappe mit Fensterausschnitt	baugruppe	e33656	Kofferraum- & Heckklappen	<	seed	0	0	Seed+H3
v10555	Heckklappe geschlossen	baugruppe	e33656	Kofferraum- & Heckklappen	<	seed	0	0	Seed+H3
v10556	Schiebetür mit Fensterausschnitt	baugruppe	e262149	Schiebetüren	<	seed	0	0	Hülle<-Seed+H3|Seed+H7
v10557	Schiebetür geschlossen	baugruppe	e262149	Schiebetüren	<	seed	0	0	Hülle<-Seed+H3|Seed+H7
v10561	Bremsleuchte	baugruppe	e33716	Rück- & Bremsleuchten	<	seed	0	0	Seed+H3
v10562	E-Satz (Anhängerkupplung)	baugruppe	e38789	Elektrosätze	=	seed	0	0	Seed
v10564	Frontscheibe mit grünem Bandfilter	baugruppe	e6781	Weitere Autoglas- & Fensterteile	<	seed	0	0	Seed+H4|Hülle<-Seed+H4
v10565	Frontscheibe mit blauem Bandfilter	baugruppe	e6781	Weitere Autoglas- & Fensterteile	<	seed	0	0	Seed+H4|Hülle<-Seed+H4
v10566	Frontscheibe mit brozenem Bandfilter	baugruppe	e6781	Weitere Autoglas- & Fensterteile	<	seed	0	0	Seed+H4|Hülle<-Seed+H4
v10567	Kotflügel ohne Blinker mit Antennenloch	baugruppe	e33644	Kotflügel Vorn	>	seed	0	0	Seed+H6
v10567_65	Kotflügel ohne Blinker mit Antennenloch, hinten links	position	e262166	Seitenwände & Kotflügel Hinten	<	seed	0	0	Seed+H5
v10567_66	Kotflügel ohne Blinker mit Antennenloch, hinten rechts	position	e262166	Seitenwände & Kotflügel Hinten	<	seed	0	0	Seed+H5
v10568	Kotflügel mit Blinker ohne Antennenloch	baugruppe	e33644	Kotflügel Vorn	>	seed	0	0	Seed+H6
v10568_65	Kotflügel mit Blinker ohne Antennenloch, hinten links	position	e262166	Seitenwände & Kotflügel Hinten	<	seed	0	0	Seed+H5
v10568_66	Kotflügel mit Blinker ohne Antennenloch, hinten rechts	position	e262166	Seitenwände & Kotflügel Hinten	<	seed	0	0	Seed+H5
v10569	Kotflügel ohne Blinker ohne Antennenloch	baugruppe	e33644	Kotflügel Vorn	>	seed	0	0	Seed+H6
v10569_65	Kotflügel ohne Blinker ohne Antennenloch, hinten links	position	e262166	Seitenwände & Kotflügel Hinten	<	seed	0	0	Seed+H5
v10569_66	Kotflügel ohne Blinker ohne Antennenloch, hinten rechts	position	e262166	Seitenwände & Kotflügel Hinten	<	seed	0	0	Seed+H5
v10570	Stoßstange Grundausführung für Kunststoff SW/grau mit Nebelscheinwerfer ohne Spoiler	baugruppe	e33640	Stoßstangen & -verstärker	<	seed	0	0	Seed+H3
v10571	Stoßstange Grundausführung für Kunststoff SW/grau ohne Nebelscheinwerfer mit Spoiler	baugruppe	e33640	Stoßstangen & -verstärker	<	seed	0	0	Seed+H3
v10572	Stoßstange Grundausführung für Kunststoff SW/grau ohne Nebelscheinwerfer ohne Spoiler	baugruppe	e33640	Stoßstangen & -verstärker	<	seed	0	0	Seed+H3
v10573	Stoßstange teilgrundiert mit Nebelscheinwerfer mit Spoiler	baugruppe	e33640	Stoßstangen & -verstärker	<	seed	0	0	Seed+H3
v10574	Stoßstange teilgrundiert mit Nebelscheinwerfer ohne Spoiler	baugruppe	e33640	Stoßstangen & -verstärker	<	seed	0	0	Seed+H3
v10575	Stoßstange teilgrundiert ohne Nebelscheinwerfer mit Spoiler	baugruppe	e33640	Stoßstangen & -verstärker	<	seed	0	0	Seed+H3
v10576	Stoßstange teilgrundiert ohne Nebelscheinwerfer ohne Spoiler	baugruppe	e33640	Stoßstangen & -verstärker	<	seed	0	0	Seed+H3
v10577	Stoßstange teillackiert mit Nebelscheinwerfer mit Spoiler	baugruppe	e33640	Stoßstangen & -verstärker	<	seed	0	0	Seed+H3
v10578	Stoßstange teillackiert mit Nebelscheinwerfer ohne Spoiler	baugruppe	e33640	Stoßstangen & -verstärker	<	seed	0	0	Seed+H3
v10579	Stoßstange teillackiert ohne Nebelscheinwerfer mit Spoiler	baugruppe	e33640	Stoßstangen & -verstärker	<	seed	0	0	Seed+H3
v10580	Stoßstange teillackiert ohne Nebelscheinwerfer ohne Spoiler	baugruppe	e33640	Stoßstangen & -verstärker	<	seed	0	0	Seed+H3
v10584	Außenspiegel elektrisch teilgrundiert	baugruppe	e262161	Außenspiegel	<	seed	0	0	Seed+H7|Hülle<-Seed
v10585	Außenspiegel elektrisch grundiert	baugruppe	e262161	Außenspiegel	<	seed	0	0	Seed+H7|Hülle<-Seed
v10586	Außenspiegel elektrisch Standard	baugruppe	e262161	Außenspiegel	<	seed	0	0	Seed+H7|Hülle<-Seed
v10593	Anhängerkupplung mit E-Satz nicht abnehmbar	baugruppe	e33653	Anhängerkupplungen & Komplettsätze	<	seed	0	0	Seed+H3
v10594	Anhängerkupplung ohne E-Satz nicht abnehmbar	baugruppe	e33653	Anhängerkupplungen & Komplettsätze	<	seed	0	0	Seed+H3
v10602	Außenspiegel mechanisch lackiert	baugruppe	e262161	Außenspiegel	<	seed	0	0	Seed+H7|Hülle<-Seed
v10603	Außenspiegel mechanisch teilgrundiert	baugruppe	e262161	Außenspiegel	<	seed	0	0	Seed+H7|Hülle<-Seed
v10604	Außenspiegel mechanisch grundiert	baugruppe	e262161	Außenspiegel	<	seed	0	0	Seed+H7|Hülle<-Seed
v10605	Außenspiegel mechanisch Standard	baugruppe	e262161	Außenspiegel	<	seed	0	0	Seed+H7|Hülle<-Seed
v10609	Außenspiegel	baugruppe	e262161	Außenspiegel	=	seed	0	0	Seed
v10610	Kotflügel	baugruppe	e33644	Kotflügel Vorn	>	seed	0	0	Hülle<-Seed+H6|Seed+H6
v10610_65	Kotflügel, hinten links	position	e262166	Seitenwände & Kotflügel Hinten	<	seed	0	0	Seed+H5
v10610_66	Kotflügel, hinten rechts	position	e262166	Seitenwände & Kotflügel Hinten	<	seed	0	0	Seed+H5
v10611	Stoßstange	baugruppe	e33640	Stoßstangen & -verstärker	<	seed	0	0	Seed+H3
v10612	Anhängerkupplung ohne E-Satz abnehmbar	baugruppe	e33653	Anhängerkupplungen & Komplettsätze	<	seed	0	0	Seed+H3
v10622	Wischergestänge	baugruppe	e61941	Wischermotoren & -gestänge	<	seed	0	0	Seed+H3
v10634	Dach geschlossen	baugruppe	e14769	Sonstige	<	seed	0	0	Seed+H4
v10644	Deckel Verdeckkasten	baugruppe	e262170	Cabrioverdecke & Teile	<	seed	0	0	Seed+H3
v10646	Streuscheibe Hauptscheinwerfer	baugruppe	e33710	Frontscheinwerfer	<	seed	0	0	Seed+H3
v10647	Streuscheibe Fernscheinwerfer	baugruppe	e33710	Frontscheinwerfer	<	seed	0	0	Seed+H3
v10648	Kappe Hauptscheinwerfer	baugruppe	e14769	Sonstige	<	seed	0	0	Seed+H4
v10649	Streuscheibe Nebelscheinwerfer	baugruppe	e33709	Nebelscheinwerfer	<	seed	0	0	Seed+H3
v10650	Scheinwerfereinsatz Fernscheinwerfer	baugruppe	e33710	Frontscheinwerfer	<	seed	0	0	Seed+H3
v10651	Scheinwerfereinsatz Hauptscheinwerfer	baugruppe	e33710	Frontscheinwerfer	<	seed	0	0	Seed+H3
v10652	Scheinwerfereinsatz Nebelscheinwerfer	baugruppe	e33709	Nebelscheinwerfer	<	seed	0	0	Seed+H3
v10653	Lichtscheibe für Blinkleuchte	baugruppe	e33717	Blinkleuchten	<	seed	0	0	Seed+H3
v10654	Lichtscheibe für Heckleuchte	baugruppe	e33717	Blinkleuchten	<	seed	0	0	Seed+H3
v10655	Glühlampe Blinkleuchte	baugruppe	e174065	Sonstige	<	seed	0	0	Seed+H4
v10656	Glühlampe Hauptscheinwerfer	baugruppe	e174065	Sonstige	<	seed	0	0	Seed+H4
v10657	Glühlampe Kennzeichenleuchte	baugruppe	e174065	Sonstige	<	seed	0	0	Seed+H4
v10658	Glühlampe Nebelschlußleuchte	baugruppe	e174065	Sonstige	<	seed	0	0	Seed+H4
v10659	Einstiegblech	baugruppe	e14769	Sonstige	<	seed	0	0	Seed+H4
v10660	Frontscheibenrahmen	baugruppe	e14769	Sonstige	<	seed	0	0	Seed+H4
v10661	Rückfahrleuchte	baugruppe	e174065	Sonstige	<	seed	0	0	Seed+H4
v10662	Begrenzungsleuchte	baugruppe	e33715	Seitenmarkierungsleuchten	<	seed	0	0	Seed+H3
v10663	Wischgummi	baugruppe	e262179	Weitere Scheibenwischerteile	<	seed	0	0	Seed+H4
v10664	Heckwand	baugruppe	e14769	Sonstige	<	seed	0	0	Seed+H4
v10665	Gehäuse Heckleuchte	baugruppe	e33716	Rück- & Bremsleuchten	<	seed	0	0	Seed+H3
v10666	Verbreiterungssatz Kotflügel	baugruppe	e262168	Weitere Karosseriebleche	<	seed	0	0	Seed+H4
v10667	Lampenträger Blinkleuchte	baugruppe	e262209	Halterungen & Befestigungen	<	seed	0	0	Seed+H3
v10668	Lampenträger Bremsleuchte	baugruppe	e262209	Halterungen & Befestigungen	<	seed	0	0	Seed+H3
v10669	Lampenträger Heckleuchte	baugruppe	e262209	Halterungen & Befestigungen	<	seed	0	0	Seed+H3
v10670	Lampenträger Schlußleuchte	baugruppe	e262209	Halterungen & Befestigungen	<	seed	0	0	Seed+H3
v10671	Stellelement für Leuchtweiteregulierung	baugruppe	e262162	Spiegelkomponenten	<	seed	0	0	Seed+H3
v10672	Stellelement für Außenspiegel	baugruppe	e262162	Spiegelkomponenten	<	seed	0	0	Seed+H3
v10673	Halter Außenspiegel	baugruppe	e262162	Spiegelkomponenten	<	seed	0	0	Seed+H3
v10674	Scheinwerferleiste	baugruppe	e262162	Spiegelkomponenten	<	seed	0	0	Seed+H3
v10675	Seitenwand	baugruppe	e262166	Seitenwände & Kotflügel Hinten	=	seed	0	0	Seed
v10676	Karosserie	baugruppe	e14769	Sonstige	<	seed	0	0	Seed+H4
v10677	Umrißleuchte	baugruppe	e33715	Seitenmarkierungsleuchten	<	seed	0	0	Seed+H3
v10678	Trittbrett	baugruppe	e33650	Einstiegsleisten	<	seed	0	0	Seed+H3
v10679	Umrüstsatz Scheinwerfer	baugruppe	e33710	Frontscheinwerfer	<	seed	0	0	Seed+H3
v10684	Verkleidung Dachabschluss	baugruppe	e14769	Sonstige	<	seed	0	0	Seed+H4
v10685	Verkleidung Dachrahmen	baugruppe	e14769	Sonstige	<	seed	0	0	Seed+H4
v10686	Verkleidung Schweller	baugruppe	e14769	Sonstige	<	seed	0	0	Seed+H4
v10704	Dichtung für Koffer-/Laderaumklappe	baugruppe	e14769	Sonstige	<	seed	0	0	Seed+H4
v10748	Schutzleiste Schweller	baugruppe	e33654	Schutz- & Zierleisten	<	seed	0	0	Seed+H3
v10749	Motor Heckklappe	baugruppe	e177708	Elektromotoren	<	seed	0	0	Seed+H3
v10752	Scheinwerfereinsatz für Suchscheinwerfer	baugruppe	e33710	Frontscheinwerfer	<	seed	0	0	Seed+H3
v10757	Lüftungsgitter für Stoßfänger	baugruppe	e38658	Lufteinlässe	=	seed	0	0	Seed
v10764	Waschwasserdüse für Scheibenreinigung	baugruppe	e262179	Weitere Scheibenwischerteile	<	seed	0	0	Seed+H4
v10776	Gasfeder für Motorhaube	baugruppe	e262158	Gasfedern & Haubendämpfer	=	seed	0	0	Seed
v10801	Zier-/Schutzleiste für Frontverkleidung	baugruppe	e33654	Schutz- & Zierleisten	<	seed	0	0	Seed+H3
v10812	Sensor für Außentemperatur	baugruppe	e173863	Temperatursensoren	<	seed	0	0	Seed+H3
v10816	Spoiler für Kühlergitter	baugruppe	e33638	Spoiler & Heckflügel	<	seed	0	0	Seed+H3
v10845	Sensor für Außentemperatur	baugruppe	e173863	Temperatursensoren	<	seed	0	0	Seed+H3
v10859	Heckleuchtensatz	baugruppe	e33716	Rück- & Bremsleuchten	<	seed	0	0	Seed+H3
v10903	Schließzylinder für Zündschloß	baugruppe	e9887	Sonstige	<	seed	0	0	Seed+H4
v10940	Fahrradträger Dach	baugruppe	e173830	Fahrrad- & E-Bike-Träger	<	seed	0	0	Seed+H3
v10941	Fahrradträger Heck	baugruppe	e173830	Fahrrad- & E-Bike-Träger	<	seed	0	0	Seed+H3
v10957	Schiebedach Glas	baugruppe	e262172	Panorama-, Schiebedächer & Teile	<	seed	0	0	Hülle<-Seed+H3|Seed+H7
v10958	Schiebedach Metall	baugruppe	e262172	Panorama-, Schiebedächer & Teile	<	seed	0	0	Hülle<-Seed+H3|Seed+H7
v11009	Clip für Stoßfänger	baugruppe	e14769	Sonstige	<	seed	0	0	Seed+H4
v11012	Dichtung für Heckscheibe	baugruppe	e14769	Sonstige	<	seed	0	0	Seed+H4
v11022	Dichtung für Seitenscheibe	baugruppe	e14769	Sonstige	<	seed	0	0	Seed+H4
v11047	Gasfeder für Heckscheibe	baugruppe	e14769	Sonstige	<	seed	0	0	Seed+H4
v11048	Gehäuse für Kennzeichenleuchte	baugruppe	e262208	Kennzeichenbeleuchtung	<	seed	0	0	Seed+H3
v11052	Glühlampe für Brems-/Schlusslicht	baugruppe	e33716	Rück- & Bremsleuchten	<	seed	0	0	Seed+H3
v11053	Glühlampe für Hauptlichtschalter	baugruppe	e174065	Sonstige	<	seed	0	0	Seed+H4
v11058	Glühlampe für Nebelscheinwerfer	baugruppe	e33709	Nebelscheinwerfer	<	seed	0	0	Seed+H3
v11059	Glühlampe für Park-/Positionsleuchte	baugruppe	e33715	Seitenmarkierungsleuchten	<	seed	0	0	Seed+H3
v11060	Glühlampe für Rückfahrleuchte	baugruppe	e33716	Rück- & Bremsleuchten	<	seed	0	0	Seed+H3
v11062	Halter für Hauptscheinwerfer	baugruppe	e14769	Sonstige	<	seed	0	0	Seed+H4
v11065	Heckklappengriff	baugruppe	e262150	Gasfedern, Verschlüsse, Scharniere & weitere Teile	<	seed	0	0	Seed+H3
v11070	Kofferraumleuchte	baugruppe	e174065	Sonstige	<	seed	0	0	Seed+H4
v11084	Nebelscheinwerfersatz	baugruppe	e33709	Nebelscheinwerfer	<	seed	0	0	Hülle<-Seed+H3|Seed+H7
v11090	Puffer für Motorhaube	baugruppe	e14769	Sonstige	<	seed	0	0	Seed+H4
v11134	Tankdeckelschloss	baugruppe	e262072	Tankdeckel	<	seed	0	0	Seed+H3
v11136	Türgriffbetätigung	baugruppe	e262150	Gasfedern, Verschlüsse, Scharniere & weitere Teile	<	seed	0	0	Seed+H3
v11137	Türscharnier	baugruppe	e262150	Gasfedern, Verschlüsse, Scharniere & weitere Teile	<	seed	0	0	Seed+H3
v11148	Verriegelungsknopf	baugruppe	e14769	Sonstige	<	seed	0	0	Seed+H4
v11215	Teilepaket Front	baugruppe	e262168	Weitere Karosseriebleche	<	seed	0	0	Seed+H4
v11216	Teilepaket Heck	baugruppe	e262168	Weitere Karosseriebleche	<	seed	0	0	Seed+H4
v11223	Zusatzbremsleuchte	baugruppe	e262205	Dritte & Mittlere Bremsleuchten	<	seed	0	0	Seed+H3
v11224	Heckscheibenrahmen	baugruppe	e14769	Sonstige	<	seed	0	0	Seed+H4
v11233	Frontscheibe	baugruppe	e6781	Weitere Autoglas- & Fensterteile	<	seed	0	0	Seed+H4
v11234	Anhängerkupplung	baugruppe	e33653	Anhängerkupplungen & Komplettsätze	<	seed	0	0	Seed+H3
v11242	Verdeckgriff	baugruppe	e14769	Sonstige	<	seed	0	0	Seed+H4
v11246	Tankentlüftungsventil	baugruppe	e14769	Sonstige	<	seed	0	0	Seed+H4
v11248	Unterfahrschutz	baugruppe	e14769	Sonstige	<	seed	0	0	Seed+H4
v11259	Frontschutzbügel	baugruppe	e14769	Sonstige	<	seed	0	0	Seed+H4
v11260	Getriebe Schiebedach	baugruppe	e262172	Panorama-, Schiebedächer & Teile	<	seed	0	0	Seed+H3
v11266	Ladebordwand	baugruppe	e33647	Ladebordwände	=	seed	0	0	Seed
v11288	Karosserieboden	baugruppe	e262168	Weitere Karosseriebleche	<	seed	0	0	Seed+H4
v11290	Halterahmen, Scheibenreinigungsanlage	baugruppe	e14769	Sonstige	<	seed	0	0	Seed+H4
v11291	Karosserieboden Koffer-/Laderaum	baugruppe	e262168	Weitere Karosseriebleche	<	seed	0	0	Seed+H4
v11292	Halter für Kühlergitter	baugruppe	e14769	Sonstige	<	seed	0	0	Seed+H4
v11293	Hauptscheinwerfergehäuse	baugruppe	e33710	Frontscheinwerfer	<	seed	0	0	Seed+H3
v11294	Nebelscheinwerferrahmen	baugruppe	e174065	Sonstige	<	seed	0	0	Seed+H4
v11296	Reserveradwanne	baugruppe	e14769	Sonstige	<	seed	0	0	Seed+H4
v11297	Stoßfängerabdeckung für Anhängevorrichtung	baugruppe	e262146	Stoßstangeneinlagen & -abdeckungen	<	seed	0	0	Seed+H3
v11298	Trittbrettstufe für Anhängevorrichtung	baugruppe	e38790	Sonstige	<	seed	0	0	Seed+H4
v11299	Dachsäule	baugruppe	e262168	Weitere Karosseriebleche	<	seed	0	0	Seed+H4
v11300	Zier-/Schutzleistensatz für Stoßfänger	baugruppe	e33654	Schutz- & Zierleisten	<	seed	0	0	Seed+H3
v11301	Nebelscheinwerferkappe	baugruppe	e174065	Sonstige	<	seed	0	0	Seed+H4
v11302	Rückstrahler	baugruppe	e174062	Reflektoren	<	seed	0	0	Seed+H3
v11303	Leuchtenaufnahme	baugruppe	e14769	Sonstige	<	seed	0	0	Seed+H4
v11309	Abdeckung	baugruppe	e14769	Sonstige	<	seed	0	0	Seed+H4
v11310	Gitter	baugruppe	e14769	Sonstige	<	seed	0	0	Seed+H4
v11311	Haltersatz für Stoßfänger	baugruppe	e14769	Sonstige	<	seed	0	0	Seed+H4
v11313	Zier-/Schutzleistensatz für Kühlergitter	baugruppe	e33654	Schutz- & Zierleisten	<	seed	0	0	Seed+H3
v11314	Reflektor für Positions-/Begrenzungsleuchte	baugruppe	e174062	Reflektoren	<	seed	0	0	Seed+H3
v11315	Tagfahrleuchte	baugruppe	e262206	Tagfahrleuchten	<	seed	0	0	Seed+H3
v11316	Außenspiegelblende	baugruppe	e262162	Spiegelkomponenten	<	seed	0	0	Seed+H3
v11319	Kühlergittereinsatz	baugruppe	e14769	Sonstige	<	seed	0	0	Seed+H4
v11320	Tagfahrleuchtensatz	baugruppe	e262206	Tagfahrleuchten	<	seed	0	0	Seed+H3
v11324	Ersatzradhalter	baugruppe	e14769	Sonstige	<	seed	0	0	Seed+H4
v11325	Persening	baugruppe	e14769	Sonstige	<	seed	0	0	Seed+H4
v11326	Abbiegelicht	baugruppe	e174065	Sonstige	<	seed	0	0	Seed+H4
v11329	Stellmotor Tankklappe	baugruppe	e177708	Elektromotoren	<	seed	0	0	Seed+H3
v11334	Radmutternsatz	baugruppe	e33746	Sonstige	<	seed	0	0	Seed+H4
v11340	Überrollbügel	baugruppe	e14769	Sonstige	<	seed	0	0	Seed+H4
v11342	Dichtung für Heckklappe	baugruppe	e262150	Gasfedern, Verschlüsse, Scharniere & weitere Teile	<	seed	0	0	Seed+H3
v11344	Türblatt	baugruppe	e179850	Türen & Türenbleche	<	seed	0	0	Seed+H3
v11346	Abdeckkappe Türgriff	baugruppe	e14769	Sonstige	<	seed	0	0	Seed+H4
v11348	Abdeckung Frontschürze	baugruppe	e14769	Sonstige	<	seed	0	0	Seed+H4
v11349	Abdeckung Griffmulde	baugruppe	e14769	Sonstige	<	seed	0	0	Seed+H4
v11355	Anhängebock für Anhängevorrichtung	baugruppe	e38790	Sonstige	<	seed	0	0	Seed+H4
v11356	Anschlagpuffer für Fahrerhaus	baugruppe	e14769	Sonstige	<	seed	0	0	Seed+H4
v11357	Anschlussleitung für Außenspiegel	baugruppe	e262162	Spiegelkomponenten	<	seed	0	0	Seed+H3
v11360	Anschraubplatte für Anhängevorrichtung	baugruppe	e38790	Sonstige	<	seed	0	0	Seed+H4
v11361	Antennenkopf	baugruppe	e33639	Fahrzeugantennen	<	seed	0	0	Seed+H3
v11366	Be-/Entlüftungsventil für Kraftstoffbehälter	baugruppe	e14769	Sonstige	<	seed	0	0	Seed+H4
v11379	Clip für Zier-/Schutzleiste	baugruppe	e14769	Sonstige	<	seed	0	0	Seed+H4
v11390	Dichtung für Blinkleuchte	baugruppe	e14769	Sonstige	<	seed	0	0	Seed+H4
v11393	Dichtung für Faltdach	baugruppe	e14769	Sonstige	<	seed	0	0	Seed+H4
v11396	Dichtung für Hauptscheinwerfer	baugruppe	e14769	Sonstige	<	seed	0	0	Seed+H4
v11399	Dichtung für Kennzeichenleuchte	baugruppe	e14769	Sonstige	<	seed	0	0	Seed+H4
v11400	Dichtung für Kotflügel	baugruppe	e14769	Sonstige	<	seed	0	0	Seed+H4
v11401	Dichtung für Kraftstoffeinfüllstutzen	baugruppe	e14769	Sonstige	<	seed	0	0	Seed+H4
v11409	Dichtung für Rahmen Hauptscheinwerfer	baugruppe	e14769	Sonstige	<	seed	0	0	Seed+H4
v11410	Dichtung für Schiebedach	baugruppe	e262172	Panorama-, Schiebedächer & Teile	<	seed	0	0	Seed+H3
v11411	Dichtung für Schlussleuchte	baugruppe	e14769	Sonstige	<	seed	0	0	Seed+H4
v11413	Dichtung für Türscheibe	baugruppe	e14769	Sonstige	<	seed	0	0	Seed+H4
v11414	Dichtung für Türsicherungsleuchte	baugruppe	e14769	Sonstige	<	seed	0	0	Seed+H4
v11425	Domstrebe	baugruppe	e14769	Sonstige	<	seed	0	0	Seed+H4
v11433	Druckschalter für Bremshydraulik	baugruppe	e262088	Weitere Bremssensoren & -schalter	<	seed	0	0	Seed+H4
v11438	Einfüllstutzen für Kraftstoffbehälter	baugruppe	e42604	Sonstige	<	seed	0	0	Seed+H4
v11466	Führungsarm für Scheibenreinigung	baugruppe	e262179	Weitere Scheibenwischerteile	<	seed	0	0	Seed+H4
v11471	Gasfeder für Reserveradhalter	baugruppe	e14769	Sonstige	<	seed	0	0	Seed+H4
v11473	Gasfeder für Verdeck	baugruppe	e14769	Sonstige	<	seed	0	0	Seed+H4
v11475	Blinkergehäuse	baugruppe	e33717	Blinkleuchten	<	seed	0	0	Seed+H3
v11476	Rückfahrleuchtengehäuse	baugruppe	e33716	Rück- & Bremsleuchten	<	seed	0	0	Seed+H3
v11478	Rückleuchtengehäuse	baugruppe	e33716	Rück- & Bremsleuchten	<	seed	0	0	Seed+H3
v11481	Gleitbacke für Fensterheber	baugruppe	e14769	Sonstige	<	seed	0	0	Seed+H4
v11484	Glühlampe für Bremsleuchte	baugruppe	e33716	Rück- & Bremsleuchten	<	seed	0	0	Seed+H3
v11485	Glühlampe für Fernscheinwerfer	baugruppe	e33710	Frontscheinwerfer	<	seed	0	0	Seed+H3
v11486	Glühlampe für Kofferraumleuchte	baugruppe	e174065	Sonstige	<	seed	0	0	Seed+H4
v11487	Glühlampe für Positions-/Begrenzungsleuchte	baugruppe	e33715	Seitenmarkierungsleuchten	<	seed	0	0	Seed+H3
v11488	Glühlampe für Rückleuchte	baugruppe	e33716	Rück- & Bremsleuchten	<	seed	0	0	Seed+H3
v11489	Glühlampe für Tagfahrleuchte	baugruppe	e262206	Tagfahrleuchten	<	seed	0	0	Seed+H3
v11490	Glühlampe für Zusatzbremsleuchte	baugruppe	e262205	Dritte & Mittlere Bremsleuchten	<	seed	0	0	Seed+H3
v11499	Halter für Heckleuchte	baugruppe	e14769	Sonstige	<	seed	0	0	Seed+H4
v11512	Kabelsatz für Fernscheinwerfer	baugruppe	e179847	Kabel, Kabelbäume & Steckverbinder	<	seed	0	0	Seed+H3
v11513	Kabelsatz für Hauptscheinwerfer	baugruppe	e179847	Kabel, Kabelbäume & Steckverbinder	<	seed	0	0	Seed+H3
v11514	Kappe für Nebelscheinwerfer	baugruppe	e14769	Sonstige	<	seed	0	0	Seed+H4
v11515	Kappe für Wischarm	baugruppe	e14769	Sonstige	<	seed	0	0	Seed+H4
v11521	Koffer-/Laderaumwanne	baugruppe	e262168	Weitere Karosseriebleche	<	seed	0	0	Seed+H4
v11528	Kondenswasserablaufschlauch für Innenraumluftfiltergehäuse	baugruppe	e14769	Sonstige	<	seed	0	0	Seed+H4
v11535	Kupplungspedal	baugruppe	e33700	Pedale, Pedalkappen & Fußstützen	<	seed	0	0	Seed+ADJ
v11551	Lampenfassung für Hauptscheinwerfer	baugruppe	e33710	Frontscheinwerfer	<	seed	0	0	Seed+H3
v11555	Lichtscheibe für Hauptscheinwerfer	baugruppe	e33710	Frontscheinwerfer	<	seed	0	0	Seed+H3
v11556	Lichtscheibe für Kennzeichenleuchte	baugruppe	e262208	Kennzeichenbeleuchtung	<	seed	0	0	Seed+H3
v11557	Lichtscheibe für Positionsleuchte	baugruppe	e33715	Seitenmarkierungsleuchten	<	seed	0	0	Seed+H3
v11558	Lichtscheibe für Rückfahrleuchte	baugruppe	e33716	Rück- & Bremsleuchten	<	seed	0	0	Seed+H3
v11559	Lichtscheibe für Schlussleuchte	baugruppe	e33716	Rück- & Bremsleuchten	<	seed	0	0	Seed+H3
v11560	Lichtscheibe für Seitenmarkierungsleuchte	baugruppe	e33715	Seitenmarkierungsleuchten	<	seed	0	0	Seed+H3
v11576	Montagesatz für Kotflügel	baugruppe	e14769	Sonstige	<	seed	0	0	Seed+H4
v11581	Montagesatz für Stoßfänger	baugruppe	e14769	Sonstige	<	seed	0	0	Seed+H4
v11603	Rahmen für Hauptscheinwerfer	baugruppe	e14769	Sonstige	<	seed	0	0	Seed+H4
v11604	Rahmen für Nebelscheinwerfer	baugruppe	e14769	Sonstige	<	seed	0	0	Seed+H4
v11605	Reflektor für Blinkleuchte	baugruppe	e174062	Reflektoren	<	seed	0	0	Seed+H3
v11632	Rollenführung für Schiebetür	baugruppe	e262149	Schiebetüren	<	seed	0	0	Seed+H3
v11635	Schalter für Allradantrieb	baugruppe	e50459	Schalter, Kontrollelemente & Zündschlösser	<	seed	0	0	Seed+H3
v11636	Schalter für Bremsbetätigung	baugruppe	e50459	Schalter, Kontrollelemente & Zündschlösser	<	seed	0	0	Seed+H3
v11637	Schalter für Fahrstufe	baugruppe	e50459	Schalter, Kontrollelemente & Zündschlösser	<	seed	0	0	Seed+H3
v11638	Schalter für Handbremskontrollleuchte	baugruppe	e50459	Schalter, Kontrollelemente & Zündschlösser	<	seed	0	0	Seed+H3
v11639	Schalter für Hupe	baugruppe	e50459	Schalter, Kontrollelemente & Zündschlösser	<	seed	0	0	Seed+H3
v11640	Schalter für Kupplungsbetätigung	baugruppe	e50459	Schalter, Kontrollelemente & Zündschlösser	<	seed	0	0	Seed+H3
v11641	Schalter für Scheibenwischerintervall	baugruppe	e50459	Schalter, Kontrollelemente & Zündschlösser	<	seed	0	0	Seed+H3
v11642	Schalter für Türverriegelung	baugruppe	e50459	Schalter, Kontrollelemente & Zündschlösser	<	seed	0	0	Seed+H3
v11644	Tankklappenscharnier	baugruppe	e262072	Tankdeckel	<	seed	0	0	Seed+H3
v11646	Scheinwerferaufnahme für Beleuchtung	baugruppe	e14769	Sonstige	<	seed	0	0	Seed+H4
v11650	Schlosssatz für Schließanlage	baugruppe	e14769	Sonstige	<	seed	0	0	Seed+H4
v11658	Schwellerverkleidung	baugruppe	e33650	Einstiegsleisten	<	seed	0	0	Seed+H3
v11662	Seitenmarkierungsleuchte	baugruppe	e33715	Seitenmarkierungsleuchten	<	seed	0	0	Seed+H3
v11682	Spritzwand	baugruppe	e262168	Weitere Karosseriebleche	<	seed	0	0	Seed+H4
v11684	Spurverbreiterung	baugruppe	e14769	Sonstige	<	seed	0	0	Seed+H4
v11697	Stoßstangenabdeckung für Anhängevorrichtung	baugruppe	e262146	Stoßstangeneinlagen & -abdeckungen	<	seed	0	0	Seed+H3
v11698	Stoßstangenhalter für Anhängevorrichtung	baugruppe	e262146	Stoßstangeneinlagen & -abdeckungen	<	seed	0	0	Seed+H3
v11700	Stütze Kühlergitter	baugruppe	e14769	Sonstige	<	seed	0	0	Seed+H4
v11710	Türgriffrahmen	baugruppe	e262150	Gasfedern, Verschlüsse, Scharniere & weitere Teile	<	seed	0	0	Seed+H3
v11712	Umrüstsatz Stoßfänger	baugruppe	e14769	Sonstige	<	seed	0	0	Seed+H4
v11725	Verbindungsrohr für Heizungskanal	baugruppe	e46094	Sonstige	<	seed	0	0	Seed+H4
v11734	Vorschaltgerät für Gasentladungslampe	baugruppe	e262207	Scheinwerfer-Vorschaltgeräte & -Zündgeräte	<	seed	0	0	Seed+H3
v11738	Warmluftkanal	baugruppe	e46094	Sonstige	<	seed	0	0	Seed+H4
v11742	Wischerlager	baugruppe	e262179	Weitere Scheibenwischerteile	<	seed	0	0	Seed+H4
v11747	Zier-/Schutzleiste für Türscheibe	baugruppe	e33654	Schutz- & Zierleisten	<	seed	0	0	Seed+H3
v11755	Pritschenaufbau komplett	baugruppe	e262177	Pickup-Ladeflächen & -Bleche	=	seed	0	0	Seed
v11761	Schloss Hecktür	baugruppe	e262150	Gasfedern, Verschlüsse, Scharniere & weitere Teile	<	seed	0	0	Seed+H3
v11766	Scharniersäule	baugruppe	e262168	Weitere Karosseriebleche	<	seed	0	0	Seed+H4
v11770	Glühlampe Xenon	baugruppe	e33710	Frontscheinwerfer	<	seed	0	0	Seed+H3
v11780	Motor Schiebetür	baugruppe	e177708	Elektromotoren	<	seed	0	0	Seed+H3
v11783	Reserveradhalter	baugruppe	e14769	Sonstige	<	seed	0	0	Seed+H4
v11790	Antennenverstärker	baugruppe	e33639	Fahrzeugantennen	<	seed	0	0	Seed+H3
v11791	Spritzdüse für Scheinwerferreinigungsanlage	baugruppe	e262179	Weitere Scheibenwischerteile	<	seed	0	0	Seed+H4
v11794	Aktor Fussgängerschutz	baugruppe	e14769	Sonstige	<	seed	0	0	Seed+H4
v11805	Elektro-Seilwinde	baugruppe	e33578	Sonstige	<	seed	0	0	Seed+H4
v11809	Heckleiter	baugruppe	e262168	Weitere Karosseriebleche	<	seed	0	0	Seed+H4
v11811	Hydro-Seilwinde komplett	baugruppe	e33578	Sonstige	<	seed	0	0	Seed+H4
v11813	Konsole Seilwinde	baugruppe	e262168	Weitere Karosseriebleche	<	seed	0	0	Seed+H4
v11817	Lufthutze Deckel	baugruppe	e262168	Weitere Karosseriebleche	<	seed	0	0	Seed+H4
v11823	Schließzylinder Alarmanlage	baugruppe	e262150	Gasfedern, Verschlüsse, Scharniere & weitere Teile	<	seed	0	0	Hülle<-Seed+H3|Seed+H7
v11834	Türschlüssel	baugruppe	e262150	Gasfedern, Verschlüsse, Scharniere & weitere Teile	<	seed	0	0	Seed+H3
v11840	Zündgerät Scheinwerfer	baugruppe	e262207	Scheinwerfer-Vorschaltgeräte & -Zündgeräte	<	seed	0	0	Seed+H3
v11842	Hubzylinder für Scheinwerferreinigungsanlage	baugruppe	e174065	Sonstige	<	seed	0	0	Seed+H4
v11847	Rückleuchte in Stoßstange	baugruppe	e33716	Rück- & Bremsleuchten	<	seed	0	0	Seed+H3
v11848	Trennwand	baugruppe	e63690	Kofferraumnetze, -Organizer & Trenngitter	=	seed	0	0	Seed
v11865	Antrieb Kofferraumabdeckung	baugruppe	e174084	Kofferraumabdeckungen	=	seed	0	0	Seed
v11877	Elektrisches Heckklappenset	baugruppe	e262176	Scharniere, Verschlüsse & weitere Teile	=	seed	0	0	Seed
v11878	Radarsensor	baugruppe	e184616	Kameras, Überwachungsgeräte & Sensorsätze	<	seed	0	0	Seed+ADJ
v11880	Panoramadach	baugruppe	e262172	Panorama-, Schiebedächer & Teile	<	seed	0	0	Seed+H3
v11882	Einstiegleistenset	baugruppe	e33650	Einstiegsleisten	<	seed	0	0	Seed+H7|Hülle<-Seed+H3
v11883	Einstiegleiste	baugruppe	e33650	Einstiegsleisten	<	seed	0	0	Seed+H3
v11891	Aktuator Motorhaube	baugruppe	e262168	Weitere Karosseriebleche	<	seed	0	0	Seed+H4
v11895	Tür-Zuzieh-Hilfe	baugruppe	e262168	Weitere Karosseriebleche	<	seed	0	0	Seed+H4
v11897	Heckklappenscharnier	baugruppe	e262150	Gasfedern, Verschlüsse, Scharniere & weitere Teile	<	seed	0	0	Seed+H3
v11901	Blinker Dach	baugruppe	e33717	Blinkleuchten	<	seed	0	0	Hülle<-Seed+H3|Seed+H7
v11936	HV-Ladeanschluss	baugruppe	e179847	Kabel, Kabelbäume & Steckverbinder	<	seed	0	0	Seed+H3
v11944	Hardtop Ladefläche	baugruppe	e33655	Pickup-Ladeflächen-Zubehör	=	seed	0	0	Seed
v11945	Doppelrohrbügel	baugruppe	e262168	Weitere Karosseriebleche	<	seed	0	0	Seed+H4
v11947	Schwellerrohre	baugruppe	e262168	Weitere Karosseriebleche	<	seed	0	0	Seed+H4
v11958	Teilepaket Karosserie	baugruppe	e262168	Weitere Karosseriebleche	<	seed	0	0	Seed+H4
v12056	Markise	baugruppe	e14769	Sonstige	<	seed	0	0	Seed+H4
v12059	Blende Seitenblinker	baugruppe	e14769	Sonstige	<	seed	0	0	Seed+H4
v12060	Rahmenspitze	baugruppe	e14769	Sonstige	<	seed	0	0	Seed+H4
v12061	Kotflügelträger	baugruppe	e14769	Sonstige	<	seed	0	0	Seed+H4
v12065	Verdeckbezug	baugruppe	e262170	Cabrioverdecke & Teile	<	seed	0	0	Seed+H3
v12066	Verdeckschloss	baugruppe	e262170	Cabrioverdecke & Teile	<	seed	0	0	Seed+H3
v12068	Halter	baugruppe	e9887	Sonstige	<	seed	0	0	Seed+H4
v12070	Heckklappenleiste	baugruppe	e14769	Sonstige	<	seed	0	0	Seed+H4
v12071	Motor Heckspoiler	baugruppe	e33578	Sonstige	<	seed	0	0	Seed+H4
v12073	Heckscheibenöffner	baugruppe	e14769	Sonstige	<	seed	0	0	Seed+H4
v12074	Blende Heckleuchte	baugruppe	e14769	Sonstige	<	seed	0	0	Seed+H4
v12075	Beplankung	baugruppe	e14769	Sonstige	<	seed	0	0	Seed+H4
v12076	Abdeckung Schiebetürschienen	baugruppe	e9887	Sonstige	<	seed	0	0	Seed+H4
v12077	Motor Ausstellfenster	baugruppe	e33578	Sonstige	<	seed	0	0	Seed+H4
v12078	Motor Drallklappen	baugruppe	e33578	Sonstige	<	seed	0	0	Seed+H4
v12095	Abgasrohr Heizgerät	baugruppe	e46097	Sonstige	<	seed	0	0	Seed+H4
hg4	Innenraum	hauptgruppe	e174084	Kofferraumabdeckungen	>	derived	1	0	Hülle<-Seed
v10006	Antenne Dach	baugruppe	e33637	Karosserie-, Anbauteile & Zubehör	<	derived	0	1	Hülle<-Seed+H3
v10007	Aufprallträger	baugruppe	e262145	Stoßstangen & Teile	<	derived	0	1	Hülle<-Seed+H3
v10014	Behälter Heckwischer	baugruppe	e174111	Scheiben- & Scheinwerferreinigung	<	derived	0	1	Hülle<-Seed
v10023	Dämpfer Hecktür	baugruppe	e262147	Türen, Kofferraumdeckel & Klappen	<	derived	0	1	Hülle<-Seed+H3
v10037	Fanghaken Klappe	baugruppe	e33637	Karosserie-, Anbauteile & Zubehör	<	derived	0	1	Hülle<-Seed+H4
v10065	Kennzeichenverstärkung	baugruppe	e33637	Karosserie-, Anbauteile & Zubehör	<	derived	0	1	Hülle<-Seed+ADJ
v10066	Klappenscharnier	baugruppe	e262155	Motorhauben & Teile	<	derived	0	1	Hülle<-Seed+H3
v10067	Klappenschlosszug	baugruppe	e262155	Motorhauben & Teile	<	derived	0	1	Hülle<-Seed+H3
v10068	Klappenstützen	baugruppe	e33637	Karosserie-, Anbauteile & Zubehör	<	derived	0	1	Hülle<-Seed+H4
v10088	Kugelkopf Anhängerkupplung	baugruppe	e180143	Anhängerkupplungen & Abschleppteile	<	derived	0	1	Hülle<-Seed
v10109	Motorhaubenscharnier	baugruppe	e262155	Motorhauben & Teile	<	derived	0	1	Hülle<-Seed+H3
v10110	Motorhaubenzug	baugruppe	e262155	Motorhauben & Teile	<	derived	0	1	Hülle<-Seed+H3
v10124	Pralldämpfer	baugruppe	e262145	Stoßstangen & Teile	<	derived	0	1	Hülle<-Seed+H3
v10125	Querträger	baugruppe	e33637	Karosserie-, Anbauteile & Zubehör	<	derived	0	1	Hülle<-Seed+H4
v10131	Scheibenwaschdüse	baugruppe	e174111	Scheiben- & Scheinwerferreinigung	<	derived	0	1	Hülle<-Seed+H4
v10132	Scheinwerfertragrahmen	baugruppe	e33637	Karosserie-, Anbauteile & Zubehör	<	derived	0	1	Hülle<-Seed+H4
v10133	Schiebedach	baugruppe	e262169	Auto-, Cabrio-, Panorama- & Schiebedächer	<	derived	0	1	Hülle<-Seed+H3
v10134	Schiebedachdeckel	baugruppe	e262169	Auto-, Cabrio-, Panorama- & Schiebedächer	<	derived	0	1	Hülle<-Seed+H3
v10135	Schließbolzen	baugruppe	e262147	Türen, Kofferraumdeckel & Klappen	<	derived	0	1	Hülle<-Seed+H3
v10136	Schließplatte	baugruppe	e262147	Türen, Kofferraumdeckel & Klappen	<	derived	0	1	Hülle<-Seed+H3
v10137	Schließzylinder	baugruppe	e262147	Türen, Kofferraumdeckel & Klappen	<	derived	0	1	Hülle<-Seed+H3
v10138	Schließzylinder Heckdeckel	baugruppe	e262147	Türen, Kofferraumdeckel & Klappen	<	derived	0	1	Hülle<-Seed+H3
v10139	Schließzylinder Hecktür	baugruppe	e262147	Türen, Kofferraumdeckel & Klappen	<	derived	0	1	Hülle<-Seed+H3
v10140	Schließzylinder Satz	baugruppe	e262147	Türen, Kofferraumdeckel & Klappen	<	derived	0	1	Hülle<-Seed+H3|Hülle<-Seed+H7
v10141	Schließzylinder Schiebetür	baugruppe	e262147	Türen, Kofferraumdeckel & Klappen	<	derived	0	1	Hülle<-Seed+H3
v10142	Schloss Heckdeckel	baugruppe	e262147	Türen, Kofferraumdeckel & Klappen	<	derived	0	1	Hülle<-Seed+H3
v10143	Schloss Hecktür	baugruppe	e262147	Türen, Kofferraumdeckel & Klappen	<	derived	0	1	Hülle<-Seed+H3
v10144	Schloss Motorhaube	baugruppe	e262155	Motorhauben & Teile	<	derived	0	1	Hülle<-Seed+H3
v10145	Schlosszapfen	baugruppe	e33637	Karosserie-, Anbauteile & Zubehör	<	derived	0	1	Hülle<-Seed+H4
v10151	Spiegelglas	baugruppe	e262160	Außenspiegel & Teile	<	derived	0	1	Hülle<-Seed
v10152	Stellelement für Zentralverriegelung	baugruppe	e33637	Karosserie-, Anbauteile & Zubehör	<	derived	0	1	Hülle<-Seed+H4
v10154	Stütze Heckwischer	baugruppe	e33637	Karosserie-, Anbauteile & Zubehör	<	derived	0	1	Hülle<-Seed+H4
v10161	Tankklappe	baugruppe	e262165	Kotflügel, Seitenwände & Tankdeckel	<	derived	0	1	Hülle<-Seed+H3
v10162	Tankklappenzug	baugruppe	e262165	Kotflügel, Seitenwände & Tankdeckel	<	derived	0	1	Hülle<-Seed+H3
v10163	Tankverschluss	baugruppe	e33549	Luft- & Kraftstoffversorgung	<	derived	0	1	Hülle<-Seed+H3
v10167	Türbremse	baugruppe	e262147	Türen, Kofferraumdeckel & Klappen	<	derived	0	1	Hülle<-Seed+H3
v10168	Türfeststeller	baugruppe	e262147	Türen, Kofferraumdeckel & Klappen	<	derived	0	1	Hülle<-Seed+H3
v10169	Türschloss	baugruppe	e262147	Türen, Kofferraumdeckel & Klappen	<	derived	0	1	Hülle<-Seed+H3
v10179	Vorderwand	baugruppe	e262165	Kotflügel, Seitenwände & Tankdeckel	<	derived	0	1	Hülle<-Seed+H4
v10181	Wischerarm	baugruppe	e174111	Scheiben- & Scheinwerferreinigung	<	derived	0	1	Hülle<-Seed
v10182	Wischergetriebe	baugruppe	e174111	Scheiben- & Scheinwerferreinigung	<	derived	0	1	Hülle<-Seed+H4
v10191	Antenne elektrisch	baugruppe	e33637	Karosserie-, Anbauteile & Zubehör	<	derived	0	1	Hülle<-Seed+H3
v10192	Blinker	baugruppe	e33707	Beleuchtung	<	derived	0	1	Hülle<-Seed+H3
v10193	Blinker Außenspiegel	baugruppe	e33707	Beleuchtung	<	derived	0	1	Hülle<-Seed+H3|Hülle<-Seed+H7
v10194	Blinker Kotflügel	baugruppe	e33707	Beleuchtung	<	derived	0	1	Hülle<-Seed+H3
v10205	Fensterheber	baugruppe	e33694	Innenausstattung	<	derived	0	1	Hülle<-Seed+H3
v10206	Hauptfernscheinwerfer	baugruppe	e33707	Beleuchtung	<	derived	0	1	Hülle<-Seed+H3
v10207	Fernscheinwerfer	baugruppe	e33707	Beleuchtung	<	derived	0	1	Hülle<-Seed+H3
v10210	Hauptscheinwerfer	baugruppe	e33707	Beleuchtung	<	derived	0	1	Hülle<-Seed+H3
v10220	Kabel Tür	baugruppe	e33572	Autoelektrik	<	derived	0	1	Hülle<-Seed+H3
v10223	Kennzeichenleuchte	baugruppe	e33707	Beleuchtung	<	derived	0	1	Hülle<-Seed+H3
v10233	Motor Fensterheber	baugruppe	e33694	Innenausstattung	<	derived	0	1	Hülle<-Seed+H3
v10234	Motor Klappscheinwerfer	baugruppe	e262111	Elektromotoren & -teile	<	derived	0	1	Hülle<-Seed+H3
v10236	Motor Leuchtweitenregulierung	baugruppe	e262111	Elektromotoren & -teile	<	derived	0	1	Hülle<-Seed+H3
v10237	Motor Schiebedach	baugruppe	e262169	Auto-, Cabrio-, Panorama- & Schiebedächer	<	derived	0	1	Hülle<-Seed+H3
v10238	Motor Verdeck	baugruppe	e262111	Elektromotoren & -teile	<	derived	0	1	Hülle<-Seed+H3
v10240	Nebelscheinwerfer	baugruppe	e33707	Beleuchtung	<	derived	0	1	Hülle<-Seed+H3
v10241	Nebelschlussleuchte	baugruppe	e33707	Beleuchtung	<	derived	0	1	Hülle<-Seed+H3
v10247	Parkleuchte	baugruppe	e33707	Beleuchtung	<	derived	0	1	Hülle<-Seed+H4
v10260	Rückleuchte	baugruppe	e33707	Beleuchtung	<	derived	0	1	Hülle<-Seed+H3
v10261	Rückleuchte Leiterplatte	baugruppe	e33707	Beleuchtung	<	derived	0	1	Hülle<-Seed+H3
v10262	Rückleuchtenband	baugruppe	e33707	Beleuchtung	<	derived	0	1	Hülle<-Seed+H3
v10278	Scheinwerferglas	baugruppe	e33707	Beleuchtung	<	derived	0	1	Hülle<-Seed+H3
v10281	Stand-/Blinkleuchte	baugruppe	e33707	Beleuchtung	<	derived	0	1	Hülle<-Seed+H3
v10283	Standleuchte	baugruppe	e33707	Beleuchtung	<	derived	0	1	Hülle<-Seed+H3
v10294	Temperaturfühler	baugruppe	e33572	Autoelektrik	<	derived	0	1	Hülle<-Seed+H4
v10303	Wischermotor	baugruppe	e174111	Scheiben- & Scheinwerferreinigung	<	derived	0	1	Hülle<-Seed+H3
v10305	Zentralverriegelung	baugruppe	e33572	Autoelektrik	<	derived	0	1	Hülle<-Seed+H4
v10337	Abschlussblech	baugruppe	e262165	Kotflügel, Seitenwände & Tankdeckel	<	derived	0	1	Hülle<-Seed+H4
v10338	Auspuffblende	baugruppe	e33637	Karosserie-, Anbauteile & Zubehör	<	derived	0	1	Hülle<-Seed+H4
v10339	Ausstellscheibe	baugruppe	e33683	Fenster-, Heck- & Windschutzscheibenteile	<	derived	0	1	Hülle<-Seed+H4
v10340	Dach Cabrio	baugruppe	e262169	Auto-, Cabrio-, Panorama- & Schiebedächer	<	derived	0	1	Hülle<-Seed+H3
v10341	Dach mit Sonnendachausschnitt	baugruppe	e262169	Auto-, Cabrio-, Panorama- & Schiebedächer	<	derived	0	1	Hülle<-Seed+H3
v10342	Dach Targa	baugruppe	e262169	Auto-, Cabrio-, Panorama- & Schiebedächer	<	derived	0	1	Hülle<-Seed+H3
v10343	Dreieckscheibe	baugruppe	e33683	Fenster-, Heck- & Windschutzscheibenteile	<	derived	0	1	Hülle<-Seed+H4
v10344	Faltdach	baugruppe	e262169	Auto-, Cabrio-, Panorama- & Schiebedächer	<	derived	0	1	Hülle<-Seed+H3
v10345	Frontblech	baugruppe	e262165	Kotflügel, Seitenwände & Tankdeckel	<	derived	0	1	Hülle<-Seed+H4
v10346	Frontscheibe ohne Bandfilter	baugruppe	e33683	Fenster-, Heck- & Windschutzscheibenteile	<	derived	0	1	Hülle<-Seed+H4
v10347	Heckklappe / Heckdeckel	baugruppe	e262147	Türen, Kofferraumdeckel & Klappen	<	derived	0	1	Hülle<-Seed+H3
v10348	Heckscheibe	baugruppe	e33683	Fenster-, Heck- & Windschutzscheibenteile	<	derived	0	1	Hülle<-Seed+H4
v10349	Hecktür	baugruppe	e262147	Türen, Kofferraumdeckel & Klappen	<	derived	0	1	Hülle<-Seed+H3
v10350_65	Kotflügel mit Blinker mit Antennenloch, hinten links	position	e262165	Kotflügel, Seitenwände & Tankdeckel	<	derived	0	1	Hülle<-Seed+H5
v10350_66	Kotflügel mit Blinker mit Antennenloch, hinten rechts	position	e262165	Kotflügel, Seitenwände & Tankdeckel	<	derived	0	1	Hülle<-Seed+H5
v10351	Motorhaube	baugruppe	e262155	Motorhauben & Teile	<	derived	0	1	Hülle<-Seed
v10352	Schiebetür	baugruppe	e262147	Türen, Kofferraumdeckel & Klappen	<	derived	0	1	Hülle<-Seed+H3
v10353	Seitenscheibe	baugruppe	e33683	Fenster-, Heck- & Windschutzscheibenteile	<	derived	0	1	Hülle<-Seed+H4
v10354	Seitenscheibe Schiebetür	baugruppe	e33683	Fenster-, Heck- & Windschutzscheibenteile	<	derived	0	1	Hülle<-Seed+H4
v10355	Tür	baugruppe	e262147	Türen, Kofferraumdeckel & Klappen	<	derived	0	1	Hülle<-Seed+H3
v10356	Türscheibe	baugruppe	e33683	Fenster-, Heck- & Windschutzscheibenteile	<	derived	0	1	Hülle<-Seed+ADJ
v10357	Vorbau ohne Stirnwand	baugruppe	e262165	Kotflügel, Seitenwände & Tankdeckel	<	derived	0	1	Hülle<-Seed+H4
v10358	Abdeckung Abschlepphaken	baugruppe	e33637	Karosserie-, Anbauteile & Zubehör	<	derived	0	1	Hülle<-Seed+H4
v10359	Abdeckung Außenspiegel	baugruppe	e262160	Außenspiegel & Teile	<	derived	0	1	Hülle<-Seed+H3
v10360	Abschleppöse	baugruppe	e180143	Anhängerkupplungen & Abschleppteile	<	derived	0	1	Hülle<-Seed+H4
v10361	Anhängerkupplung mit E-Satz abnehmbar	baugruppe	e180143	Anhängerkupplungen & Abschleppteile	<	derived	0	1	Hülle<-Seed+H3
v10362	Außenspiegel elektrisch lackiert	baugruppe	e262160	Außenspiegel & Teile	<	derived	0	1	Hülle<-Seed+H7
v10363	Außenspiegelgehäuse	baugruppe	e262160	Außenspiegel & Teile	<	derived	0	1	Hülle<-Seed+H3
v10364	Außenspiegelglas	baugruppe	e262160	Außenspiegel & Teile	<	derived	0	1	Hülle<-Seed+H3
v10365	Blende Kotflügel	baugruppe	e262165	Kotflügel, Seitenwände & Tankdeckel	<	derived	0	1	Hülle<-Seed+H4
v10366	Blende Kühlergrill	baugruppe	e262165	Kotflügel, Seitenwände & Tankdeckel	<	derived	0	1	Hülle<-Seed+H4
v10367	Blende Nebelscheinwerfer	baugruppe	e262165	Kotflügel, Seitenwände & Tankdeckel	<	derived	0	1	Hülle<-Seed+H4
v10368	Blende Scheinwerfer	baugruppe	e262165	Kotflügel, Seitenwände & Tankdeckel	<	derived	0	1	Hülle<-Seed+H4
v10369	Blende Stoßstange	baugruppe	e262165	Kotflügel, Seitenwände & Tankdeckel	<	derived	0	1	Hülle<-Seed+H4
v10370	Dachreling	baugruppe	e33637	Karosserie-, Anbauteile & Zubehör	<	derived	0	1	Hülle<-Seed+H4
v10371	Dachzierleiste	baugruppe	e33637	Karosserie-, Anbauteile & Zubehör	<	derived	0	1	Hülle<-Seed+H3
v10372	Frontschürze	baugruppe	e262165	Kotflügel, Seitenwände & Tankdeckel	<	derived	0	1	Hülle<-Seed+H4
v10373	Frontverkleidung	baugruppe	e262165	Kotflügel, Seitenwände & Tankdeckel	<	derived	0	1	Hülle<-Seed+H4
v10374	Gepäckträger	baugruppe	e33637	Karosserie-, Anbauteile & Zubehör	<	derived	0	1	Hülle<-Seed+H4
v10375	Grill Windlauf	baugruppe	e33637	Karosserie-, Anbauteile & Zubehör	<	derived	0	1	Hülle<-Seed+H4
v10376	Heckblende	baugruppe	e262165	Kotflügel, Seitenwände & Tankdeckel	<	derived	0	1	Hülle<-Seed+H4
v10377	Heckklappendämpfer	baugruppe	e262147	Türen, Kofferraumdeckel & Klappen	<	derived	0	1	Hülle<-Seed+H3
v10378	Kotflügelverbreiterung	baugruppe	e262165	Kotflügel, Seitenwände & Tankdeckel	<	derived	0	1	Hülle<-Seed+H4
v10379	Kühlergrill	baugruppe	e33637	Karosserie-, Anbauteile & Zubehör	<	derived	0	1	Hülle<-Seed+H3
v10380	Kühlergrillrahmen	baugruppe	e33637	Karosserie-, Anbauteile & Zubehör	<	derived	0	1	Hülle<-Seed+H3
v10381	Radabdeckung	baugruppe	e262263	Radkappen, Nabendeckel & Stahlfelgenringe	<	derived	0	1	Hülle<-Seed
v10382	Schürze	baugruppe	e262165	Kotflügel, Seitenwände & Tankdeckel	<	derived	0	1	Hülle<-Seed+H4
v10383	Schutzleiste Kotflügel	baugruppe	e33637	Karosserie-, Anbauteile & Zubehör	<	derived	0	1	Hülle<-Seed+H3
v10384	Schutzleiste Seitenwand	baugruppe	e33637	Karosserie-, Anbauteile & Zubehör	<	derived	0	1	Hülle<-Seed+H3
v10385	Schutzleiste Tür	baugruppe	e33637	Karosserie-, Anbauteile & Zubehör	<	derived	0	1	Hülle<-Seed+H3
v10386	Schwellerleisten	baugruppe	e33637	Karosserie-, Anbauteile & Zubehör	<	derived	0	1	Hülle<-Seed+H3
v10387	Sonnendach	baugruppe	e262169	Auto-, Cabrio-, Panorama- & Schiebedächer	<	derived	0	1	Hülle<-Seed+H3|Hülle<-Seed+H7
v10388	Spoiler	baugruppe	e33637	Karosserie-, Anbauteile & Zubehör	<	derived	0	1	Hülle<-Seed+H3
v10389	Steinschlagschutz	baugruppe	e33637	Karosserie-, Anbauteile & Zubehör	<	derived	0	1	Hülle<-Seed+H3
v10390	Steinschlagschutz Stoßstange	baugruppe	e33637	Karosserie-, Anbauteile & Zubehör	<	derived	0	1	Hülle<-Seed+H3
v10391	Stoßstange Grundausführung für Kunststoff SW/Grau mit Nebelscheinwerfer mit Spoiler	baugruppe	e262145	Stoßstangen & Teile	<	derived	0	1	Hülle<-Seed+H3
v10392	Stoßstangenabdeckung	baugruppe	e262145	Stoßstangen & Teile	<	derived	0	1	Hülle<-Seed+H3
v10393	Stoßstangenbefestigung	baugruppe	e262145	Stoßstangen & Teile	<	derived	0	1	Hülle<-Seed+H3
v10394	Stoßstangenecke	baugruppe	e262145	Stoßstangen & Teile	<	derived	0	1	Hülle<-Seed+H3
v10395	Stoßstangenhalter	baugruppe	e262145	Stoßstangen & Teile	<	derived	0	1	Hülle<-Seed+H3
v10396	Stoßstangenträger	baugruppe	e33637	Karosserie-, Anbauteile & Zubehör	<	derived	0	1	Hülle<-Seed
v10397	Türgriff	baugruppe	e262147	Türen, Kofferraumdeckel & Klappen	<	derived	0	1	Hülle<-Seed
v10398	Türgummi	baugruppe	e262147	Türen, Kofferraumdeckel & Klappen	<	derived	0	1	Hülle<-Seed+H3
v10399	Türrahmen	baugruppe	e262147	Türen, Kofferraumdeckel & Klappen	<	derived	0	1	Hülle<-Seed+H3
v10400	Verkleidung Innenkotflügel	baugruppe	e262165	Kotflügel, Seitenwände & Tankdeckel	<	derived	0	1	Hülle<-Seed+H4
v10401	Verkleidung Scheinwerfer	baugruppe	e262165	Kotflügel, Seitenwände & Tankdeckel	<	derived	0	1	Hülle<-Seed+H4
v10402	Windabweiser Dach	baugruppe	e262153	Schutzvorrichtungen & Schmutzfänger	<	derived	0	1	Hülle<-Seed+H3
v10403	Windabweiser Fenster	baugruppe	e262153	Schutzvorrichtungen & Schmutzfänger	<	derived	0	1	Hülle<-Seed+H3
v10404	Windlauf	baugruppe	e262153	Schutzvorrichtungen & Schmutzfänger	<	derived	0	1	Hülle<-Seed+H3
v10405	Ziergitter	baugruppe	e33637	Karosserie-, Anbauteile & Zubehör	<	derived	0	1	Hülle<-Seed+H3
v10406	Zierleiste	baugruppe	e33637	Karosserie-, Anbauteile & Zubehör	<	derived	0	1	Hülle<-Seed+H3
v10489	Dichtung für Frontscheibe	baugruppe	e33637	Karosserie-, Anbauteile & Zubehör	<	derived	0	1	Hülle<-Seed+H4
v10490	Dichtung für Motorhaube	baugruppe	e33637	Karosserie-, Anbauteile & Zubehör	<	derived	0	1	Hülle<-Seed+H4
v10492	Dichtung für Heckscheibe	baugruppe	e33637	Karosserie-, Anbauteile & Zubehör	<	derived	0	1	Hülle<-Seed+H4
v10497	Emblem	baugruppe	e33637	Karosserie-, Anbauteile & Zubehör	<	derived	0	1	Hülle<-Seed
v10520	Schneeketten	baugruppe	e262264	Autoreifen-Zubehör	<	derived	0	1	Hülle<-Seed
v10523	Türdichtung	baugruppe	e262147	Türen, Kofferraumdeckel & Klappen	<	derived	0	1	Hülle<-Seed+H3
v10528	Wischerblatt	baugruppe	e174111	Scheiben- & Scheinwerferreinigung	<	derived	0	1	Hülle<-Seed
v10530	Hauptscheinwerfer höhenverstellbar	baugruppe	e33707	Beleuchtung	<	derived	0	1	Hülle<-Seed+H3
v10531	Hauptscheinwerfer nicht höhenverstellbar	baugruppe	e33707	Beleuchtung	<	derived	0	1	Hülle<-Seed+H3
v10532	Hecktür (1-türig) mit Fensterausschnitt	baugruppe	e262147	Türen, Kofferraumdeckel & Klappen	<	derived	0	1	Hülle<-Seed+H3
v10533	Hecktür (1-türig) geschlossen	baugruppe	e262147	Türen, Kofferraumdeckel & Klappen	<	derived	0	1	Hülle<-Seed+H3
v10534	Hecktür (2-türig) mit Fensterausschnitt	baugruppe	e262147	Türen, Kofferraumdeckel & Klappen	<	derived	0	1	Hülle<-Seed+H3
v10535	Hecktür (2-türig) geschlossen	baugruppe	e262147	Türen, Kofferraumdeckel & Klappen	<	derived	0	1	Hülle<-Seed+H3
v10554	Heckklappe mit Fensterausschnitt	baugruppe	e262147	Türen, Kofferraumdeckel & Klappen	<	derived	0	1	Hülle<-Seed+H3
v10555	Heckklappe geschlossen	baugruppe	e262147	Türen, Kofferraumdeckel & Klappen	<	derived	0	1	Hülle<-Seed+H3
v10556	Schiebetür mit Fensterausschnitt	baugruppe	e262147	Türen, Kofferraumdeckel & Klappen	<	derived	0	1	Hülle<-Seed+H3|Hülle<-Seed+H7
v10557	Schiebetür geschlossen	baugruppe	e262147	Türen, Kofferraumdeckel & Klappen	<	derived	0	1	Hülle<-Seed+H3|Hülle<-Seed+H7
v10561	Bremsleuchte	baugruppe	e33707	Beleuchtung	<	derived	0	1	Hülle<-Seed+H3
v10562	E-Satz (Anhängerkupplung)	baugruppe	e180143	Anhängerkupplungen & Abschleppteile	<	derived	0	1	Hülle<-Seed
v10564	Frontscheibe mit grünem Bandfilter	baugruppe	e33683	Fenster-, Heck- & Windschutzscheibenteile	<	derived	0	1	Hülle<-Seed+H4
v10565	Frontscheibe mit blauem Bandfilter	baugruppe	e33683	Fenster-, Heck- & Windschutzscheibenteile	<	derived	0	1	Hülle<-Seed+H4
v10566	Frontscheibe mit brozenem Bandfilter	baugruppe	e33683	Fenster-, Heck- & Windschutzscheibenteile	<	derived	0	1	Hülle<-Seed+H4
v10567_65	Kotflügel ohne Blinker mit Antennenloch, hinten links	position	e262165	Kotflügel, Seitenwände & Tankdeckel	<	derived	0	1	Hülle<-Seed+H5
v10567_66	Kotflügel ohne Blinker mit Antennenloch, hinten rechts	position	e262165	Kotflügel, Seitenwände & Tankdeckel	<	derived	0	1	Hülle<-Seed+H5
v10568_65	Kotflügel mit Blinker ohne Antennenloch, hinten links	position	e262165	Kotflügel, Seitenwände & Tankdeckel	<	derived	0	1	Hülle<-Seed+H5
v10568_66	Kotflügel mit Blinker ohne Antennenloch, hinten rechts	position	e262165	Kotflügel, Seitenwände & Tankdeckel	<	derived	0	1	Hülle<-Seed+H5
v10569_65	Kotflügel ohne Blinker ohne Antennenloch, hinten links	position	e262165	Kotflügel, Seitenwände & Tankdeckel	<	derived	0	1	Hülle<-Seed+H5
v10569_66	Kotflügel ohne Blinker ohne Antennenloch, hinten rechts	position	e262165	Kotflügel, Seitenwände & Tankdeckel	<	derived	0	1	Hülle<-Seed+H5
v10570	Stoßstange Grundausführung für Kunststoff SW/grau mit Nebelscheinwerfer ohne Spoiler	baugruppe	e262145	Stoßstangen & Teile	<	derived	0	1	Hülle<-Seed+H3
v10571	Stoßstange Grundausführung für Kunststoff SW/grau ohne Nebelscheinwerfer mit Spoiler	baugruppe	e262145	Stoßstangen & Teile	<	derived	0	1	Hülle<-Seed+H3
v10572	Stoßstange Grundausführung für Kunststoff SW/grau ohne Nebelscheinwerfer ohne Spoiler	baugruppe	e262145	Stoßstangen & Teile	<	derived	0	1	Hülle<-Seed+H3
v10573	Stoßstange teilgrundiert mit Nebelscheinwerfer mit Spoiler	baugruppe	e262145	Stoßstangen & Teile	<	derived	0	1	Hülle<-Seed+H3
v10574	Stoßstange teilgrundiert mit Nebelscheinwerfer ohne Spoiler	baugruppe	e262145	Stoßstangen & Teile	<	derived	0	1	Hülle<-Seed+H3
v10575	Stoßstange teilgrundiert ohne Nebelscheinwerfer mit Spoiler	baugruppe	e262145	Stoßstangen & Teile	<	derived	0	1	Hülle<-Seed+H3
v10576	Stoßstange teilgrundiert ohne Nebelscheinwerfer ohne Spoiler	baugruppe	e262145	Stoßstangen & Teile	<	derived	0	1	Hülle<-Seed+H3
v10577	Stoßstange teillackiert mit Nebelscheinwerfer mit Spoiler	baugruppe	e262145	Stoßstangen & Teile	<	derived	0	1	Hülle<-Seed+H3
v10578	Stoßstange teillackiert mit Nebelscheinwerfer ohne Spoiler	baugruppe	e262145	Stoßstangen & Teile	<	derived	0	1	Hülle<-Seed+H3
v10579	Stoßstange teillackiert ohne Nebelscheinwerfer mit Spoiler	baugruppe	e262145	Stoßstangen & Teile	<	derived	0	1	Hülle<-Seed+H3
v10580	Stoßstange teillackiert ohne Nebelscheinwerfer ohne Spoiler	baugruppe	e262145	Stoßstangen & Teile	<	derived	0	1	Hülle<-Seed+H3
v10584	Außenspiegel elektrisch teilgrundiert	baugruppe	e262160	Außenspiegel & Teile	<	derived	0	1	Hülle<-Seed+H7
v10585	Außenspiegel elektrisch grundiert	baugruppe	e262160	Außenspiegel & Teile	<	derived	0	1	Hülle<-Seed+H7
v10586	Außenspiegel elektrisch Standard	baugruppe	e262160	Außenspiegel & Teile	<	derived	0	1	Hülle<-Seed+H7
v10593	Anhängerkupplung mit E-Satz nicht abnehmbar	baugruppe	e180143	Anhängerkupplungen & Abschleppteile	<	derived	0	1	Hülle<-Seed+H3
v10594	Anhängerkupplung ohne E-Satz nicht abnehmbar	baugruppe	e180143	Anhängerkupplungen & Abschleppteile	<	derived	0	1	Hülle<-Seed+H3
v10602	Außenspiegel mechanisch lackiert	baugruppe	e262160	Außenspiegel & Teile	<	derived	0	1	Hülle<-Seed+H7
v10603	Außenspiegel mechanisch teilgrundiert	baugruppe	e262160	Außenspiegel & Teile	<	derived	0	1	Hülle<-Seed+H7
v10604	Außenspiegel mechanisch grundiert	baugruppe	e262160	Außenspiegel & Teile	<	derived	0	1	Hülle<-Seed+H7
v10605	Außenspiegel mechanisch Standard	baugruppe	e262160	Außenspiegel & Teile	<	derived	0	1	Hülle<-Seed+H7
v10609	Außenspiegel	baugruppe	e262160	Außenspiegel & Teile	<	derived	0	1	Hülle<-Seed
v10610_65	Kotflügel, hinten links	position	e262165	Kotflügel, Seitenwände & Tankdeckel	<	derived	0	1	Hülle<-Seed+H5
v10610_66	Kotflügel, hinten rechts	position	e262165	Kotflügel, Seitenwände & Tankdeckel	<	derived	0	1	Hülle<-Seed+H5
v10611	Stoßstange	baugruppe	e262145	Stoßstangen & Teile	<	derived	0	1	Hülle<-Seed+H3
v10612	Anhängerkupplung ohne E-Satz abnehmbar	baugruppe	e180143	Anhängerkupplungen & Abschleppteile	<	derived	0	1	Hülle<-Seed+H3
v10622	Wischergestänge	baugruppe	e174111	Scheiben- & Scheinwerferreinigung	<	derived	0	1	Hülle<-Seed+H3
v10634	Dach geschlossen	baugruppe	e33637	Karosserie-, Anbauteile & Zubehör	<	derived	0	1	Hülle<-Seed+H4
v10644	Deckel Verdeckkasten	baugruppe	e262169	Auto-, Cabrio-, Panorama- & Schiebedächer	<	derived	0	1	Hülle<-Seed+H3
v10646	Streuscheibe Hauptscheinwerfer	baugruppe	e33707	Beleuchtung	<	derived	0	1	Hülle<-Seed+H3
v10647	Streuscheibe Fernscheinwerfer	baugruppe	e33707	Beleuchtung	<	derived	0	1	Hülle<-Seed+H3
v10648	Kappe Hauptscheinwerfer	baugruppe	e33637	Karosserie-, Anbauteile & Zubehör	<	derived	0	1	Hülle<-Seed+H4
v10649	Streuscheibe Nebelscheinwerfer	baugruppe	e33707	Beleuchtung	<	derived	0	1	Hülle<-Seed+H3
v10650	Scheinwerfereinsatz Fernscheinwerfer	baugruppe	e33707	Beleuchtung	<	derived	0	1	Hülle<-Seed+H3
v10651	Scheinwerfereinsatz Hauptscheinwerfer	baugruppe	e33707	Beleuchtung	<	derived	0	1	Hülle<-Seed+H3
v10652	Scheinwerfereinsatz Nebelscheinwerfer	baugruppe	e33707	Beleuchtung	<	derived	0	1	Hülle<-Seed+H3
v10653	Lichtscheibe für Blinkleuchte	baugruppe	e33707	Beleuchtung	<	derived	0	1	Hülle<-Seed+H3
v10654	Lichtscheibe für Heckleuchte	baugruppe	e33707	Beleuchtung	<	derived	0	1	Hülle<-Seed+H3
v10655	Glühlampe Blinkleuchte	baugruppe	e33707	Beleuchtung	<	derived	0	1	Hülle<-Seed+H4
v10656	Glühlampe Hauptscheinwerfer	baugruppe	e33707	Beleuchtung	<	derived	0	1	Hülle<-Seed+H4
v10657	Glühlampe Kennzeichenleuchte	baugruppe	e33707	Beleuchtung	<	derived	0	1	Hülle<-Seed+H4
v10658	Glühlampe Nebelschlußleuchte	baugruppe	e33707	Beleuchtung	<	derived	0	1	Hülle<-Seed+H4
v10659	Einstiegblech	baugruppe	e33637	Karosserie-, Anbauteile & Zubehör	<	derived	0	1	Hülle<-Seed+H4
v10660	Frontscheibenrahmen	baugruppe	e33637	Karosserie-, Anbauteile & Zubehör	<	derived	0	1	Hülle<-Seed+H4
v10661	Rückfahrleuchte	baugruppe	e33707	Beleuchtung	<	derived	0	1	Hülle<-Seed+H4
v10662	Begrenzungsleuchte	baugruppe	e33707	Beleuchtung	<	derived	0	1	Hülle<-Seed+H3
v10663	Wischgummi	baugruppe	e174111	Scheiben- & Scheinwerferreinigung	<	derived	0	1	Hülle<-Seed+H4
v10664	Heckwand	baugruppe	e33637	Karosserie-, Anbauteile & Zubehör	<	derived	0	1	Hülle<-Seed+H4
v10665	Gehäuse Heckleuchte	baugruppe	e33707	Beleuchtung	<	derived	0	1	Hülle<-Seed+H3
v10666	Verbreiterungssatz Kotflügel	baugruppe	e262165	Kotflügel, Seitenwände & Tankdeckel	<	derived	0	1	Hülle<-Seed+H4
v10667	Lampenträger Blinkleuchte	baugruppe	e33707	Beleuchtung	<	derived	0	1	Hülle<-Seed+H3
v10668	Lampenträger Bremsleuchte	baugruppe	e33707	Beleuchtung	<	derived	0	1	Hülle<-Seed+H3
v10669	Lampenträger Heckleuchte	baugruppe	e33707	Beleuchtung	<	derived	0	1	Hülle<-Seed+H3
v10670	Lampenträger Schlußleuchte	baugruppe	e33707	Beleuchtung	<	derived	0	1	Hülle<-Seed+H3
v10671	Stellelement für Leuchtweiteregulierung	baugruppe	e262160	Außenspiegel & Teile	<	derived	0	1	Hülle<-Seed+H3
v10672	Stellelement für Außenspiegel	baugruppe	e262160	Außenspiegel & Teile	<	derived	0	1	Hülle<-Seed+H3
v10673	Halter Außenspiegel	baugruppe	e262160	Außenspiegel & Teile	<	derived	0	1	Hülle<-Seed+H3
v10674	Scheinwerferleiste	baugruppe	e262160	Außenspiegel & Teile	<	derived	0	1	Hülle<-Seed+H3
v10675	Seitenwand	baugruppe	e262165	Kotflügel, Seitenwände & Tankdeckel	<	derived	0	1	Hülle<-Seed
v10675_1	Seitenwand, links	position	e262166	Seitenwände & Kotflügel Hinten	<	derived	1	0	Hülle<-Seed
v10675_17	Seitenwand, vorne links	position	e262166	Seitenwände & Kotflügel Hinten	<	derived	1	0	Hülle<-Seed
v10675_18	Seitenwand, vorne rechts	position	e262166	Seitenwände & Kotflügel Hinten	<	derived	1	0	Hülle<-Seed
v10675_2	Seitenwand, rechts	position	e262166	Seitenwände & Kotflügel Hinten	<	derived	1	0	Hülle<-Seed
v10675_65	Seitenwand, hinten links	position	e262166	Seitenwände & Kotflügel Hinten	<	derived	1	0	Hülle<-Seed
v10675_66	Seitenwand, hinten rechts	position	e262166	Seitenwände & Kotflügel Hinten	<	derived	1	0	Hülle<-Seed
v10676	Karosserie	baugruppe	e33637	Karosserie-, Anbauteile & Zubehör	<	derived	0	1	Hülle<-Seed+H4
v10677	Umrißleuchte	baugruppe	e33707	Beleuchtung	<	derived	0	1	Hülle<-Seed+H3
v10678	Trittbrett	baugruppe	e33637	Karosserie-, Anbauteile & Zubehör	<	derived	0	1	Hülle<-Seed+H3
v10679	Umrüstsatz Scheinwerfer	baugruppe	e33707	Beleuchtung	<	derived	0	1	Hülle<-Seed+H3
v10684	Verkleidung Dachabschluss	baugruppe	e33637	Karosserie-, Anbauteile & Zubehör	<	derived	0	1	Hülle<-Seed+H4
v10685	Verkleidung Dachrahmen	baugruppe	e33637	Karosserie-, Anbauteile & Zubehör	<	derived	0	1	Hülle<-Seed+H4
v10686	Verkleidung Schweller	baugruppe	e33637	Karosserie-, Anbauteile & Zubehör	<	derived	0	1	Hülle<-Seed+H4
v10704	Dichtung für Koffer-/Laderaumklappe	baugruppe	e33637	Karosserie-, Anbauteile & Zubehör	<	derived	0	1	Hülle<-Seed+H4
v10748	Schutzleiste Schweller	baugruppe	e33637	Karosserie-, Anbauteile & Zubehör	<	derived	0	1	Hülle<-Seed+H3
v10749	Motor Heckklappe	baugruppe	e262111	Elektromotoren & -teile	<	derived	0	1	Hülle<-Seed+H3
v10752	Scheinwerfereinsatz für Suchscheinwerfer	baugruppe	e33707	Beleuchtung	<	derived	0	1	Hülle<-Seed+H3
v10757	Lüftungsgitter für Stoßfänger	baugruppe	e262145	Stoßstangen & Teile	<	derived	0	1	Hülle<-Seed
v10764	Waschwasserdüse für Scheibenreinigung	baugruppe	e174111	Scheiben- & Scheinwerferreinigung	<	derived	0	1	Hülle<-Seed+H4
v10776	Gasfeder für Motorhaube	baugruppe	e262155	Motorhauben & Teile	<	derived	0	1	Hülle<-Seed
v10801	Zier-/Schutzleiste für Frontverkleidung	baugruppe	e33637	Karosserie-, Anbauteile & Zubehör	<	derived	0	1	Hülle<-Seed+H3
v10812	Sensor für Außentemperatur	baugruppe	e33542	Klima- & Heizungsanlagen	<	derived	0	1	Hülle<-Seed+H3
v10816	Spoiler für Kühlergitter	baugruppe	e33637	Karosserie-, Anbauteile & Zubehör	<	derived	0	1	Hülle<-Seed+H3
v10845	Sensor für Außentemperatur	baugruppe	e33542	Klima- & Heizungsanlagen	<	derived	0	1	Hülle<-Seed+H3
v10859	Heckleuchtensatz	baugruppe	e33707	Beleuchtung	<	derived	0	1	Hülle<-Seed+H3
v10903	Schließzylinder für Zündschloß	baugruppe	e33694	Innenausstattung	<	derived	0	1	Hülle<-Seed+H4
v10903	Schließzylinder für Zündschloß	baugruppe	e262150	Gasfedern, Verschlüsse, Scharniere & weitere Teile	<	derived	1	0	Hülle<-Seed+H3
v10940	Fahrradträger Dach	baugruppe	e262215	Transportsysteme	<	derived	0	1	Hülle<-Seed+H3
v10941	Fahrradträger Heck	baugruppe	e262215	Transportsysteme	<	derived	0	1	Hülle<-Seed+H3
v10957	Schiebedach Glas	baugruppe	e262169	Auto-, Cabrio-, Panorama- & Schiebedächer	<	derived	0	1	Hülle<-Seed+H3|Hülle<-Seed+H7
v10958	Schiebedach Metall	baugruppe	e262169	Auto-, Cabrio-, Panorama- & Schiebedächer	<	derived	0	1	Hülle<-Seed+H3|Hülle<-Seed+H7
v11009	Clip für Stoßfänger	baugruppe	e33637	Karosserie-, Anbauteile & Zubehör	<	derived	0	1	Hülle<-Seed+H4
v11012	Dichtung für Heckscheibe	baugruppe	e33637	Karosserie-, Anbauteile & Zubehör	<	derived	0	1	Hülle<-Seed+H4
v11022	Dichtung für Seitenscheibe	baugruppe	e33637	Karosserie-, Anbauteile & Zubehör	<	derived	0	1	Hülle<-Seed+H4
v11047	Gasfeder für Heckscheibe	baugruppe	e33637	Karosserie-, Anbauteile & Zubehör	<	derived	0	1	Hülle<-Seed+H4
v11048	Gehäuse für Kennzeichenleuchte	baugruppe	e33707	Beleuchtung	<	derived	0	1	Hülle<-Seed+H3
v11052	Glühlampe für Brems-/Schlusslicht	baugruppe	e33707	Beleuchtung	<	derived	0	1	Hülle<-Seed+H3
v11053	Glühlampe für Hauptlichtschalter	baugruppe	e33707	Beleuchtung	<	derived	0	1	Hülle<-Seed+H4
v11058	Glühlampe für Nebelscheinwerfer	baugruppe	e33707	Beleuchtung	<	derived	0	1	Hülle<-Seed+H3
v11059	Glühlampe für Park-/Positionsleuchte	baugruppe	e33707	Beleuchtung	<	derived	0	1	Hülle<-Seed+H3
v11060	Glühlampe für Rückfahrleuchte	baugruppe	e33707	Beleuchtung	<	derived	0	1	Hülle<-Seed+H3
v11062	Halter für Hauptscheinwerfer	baugruppe	e33637	Karosserie-, Anbauteile & Zubehör	<	derived	0	1	Hülle<-Seed+H4
v11065	Heckklappengriff	baugruppe	e262147	Türen, Kofferraumdeckel & Klappen	<	derived	0	1	Hülle<-Seed+H3
v11070	Kofferraumleuchte	baugruppe	e33707	Beleuchtung	<	derived	0	1	Hülle<-Seed+H4
v11084	Nebelscheinwerfersatz	baugruppe	e33707	Beleuchtung	<	derived	0	1	Hülle<-Seed+H3|Hülle<-Seed+H7
v11090	Puffer für Motorhaube	baugruppe	e33637	Karosserie-, Anbauteile & Zubehör	<	derived	0	1	Hülle<-Seed+H4
v11134	Tankdeckelschloss	baugruppe	e33549	Luft- & Kraftstoffversorgung	<	derived	0	1	Hülle<-Seed+H3
v11136	Türgriffbetätigung	baugruppe	e262147	Türen, Kofferraumdeckel & Klappen	<	derived	0	1	Hülle<-Seed+H3
v11137	Türscharnier	baugruppe	e262147	Türen, Kofferraumdeckel & Klappen	<	derived	0	1	Hülle<-Seed+H3
v11148	Verriegelungsknopf	baugruppe	e33637	Karosserie-, Anbauteile & Zubehör	<	derived	0	1	Hülle<-Seed+H4
v11215	Teilepaket Front	baugruppe	e262165	Kotflügel, Seitenwände & Tankdeckel	<	derived	0	1	Hülle<-Seed+H4
v11216	Teilepaket Heck	baugruppe	e262165	Kotflügel, Seitenwände & Tankdeckel	<	derived	0	1	Hülle<-Seed+H4
v11223	Zusatzbremsleuchte	baugruppe	e33707	Beleuchtung	<	derived	0	1	Hülle<-Seed+H3
v11224	Heckscheibenrahmen	baugruppe	e33637	Karosserie-, Anbauteile & Zubehör	<	derived	0	1	Hülle<-Seed+H4
v11233	Frontscheibe	baugruppe	e33683	Fenster-, Heck- & Windschutzscheibenteile	<	derived	0	1	Hülle<-Seed+H4
v11234	Anhängerkupplung	baugruppe	e180143	Anhängerkupplungen & Abschleppteile	<	derived	0	1	Hülle<-Seed+H3
v11242	Verdeckgriff	baugruppe	e33637	Karosserie-, Anbauteile & Zubehör	<	derived	0	1	Hülle<-Seed+H4
v11246	Tankentlüftungsventil	baugruppe	e33637	Karosserie-, Anbauteile & Zubehör	<	derived	0	1	Hülle<-Seed+H4
v11248	Unterfahrschutz	baugruppe	e33637	Karosserie-, Anbauteile & Zubehör	<	derived	0	1	Hülle<-Seed+H4
v11259	Frontschutzbügel	baugruppe	e33637	Karosserie-, Anbauteile & Zubehör	<	derived	0	1	Hülle<-Seed+H4
v11260	Getriebe Schiebedach	baugruppe	e262169	Auto-, Cabrio-, Panorama- & Schiebedächer	<	derived	0	1	Hülle<-Seed+H3
v11266	Ladebordwand	baugruppe	e262147	Türen, Kofferraumdeckel & Klappen	<	derived	0	1	Hülle<-Seed
v11288	Karosserieboden	baugruppe	e262165	Kotflügel, Seitenwände & Tankdeckel	<	derived	0	1	Hülle<-Seed+H4
v11290	Halterahmen, Scheibenreinigungsanlage	baugruppe	e33637	Karosserie-, Anbauteile & Zubehör	<	derived	0	1	Hülle<-Seed+H4
v11291	Karosserieboden Koffer-/Laderaum	baugruppe	e262165	Kotflügel, Seitenwände & Tankdeckel	<	derived	0	1	Hülle<-Seed+H4
v11292	Halter für Kühlergitter	baugruppe	e33637	Karosserie-, Anbauteile & Zubehör	<	derived	0	1	Hülle<-Seed+H4
v11293	Hauptscheinwerfergehäuse	baugruppe	e33707	Beleuchtung	<	derived	0	1	Hülle<-Seed+H3
v11294	Nebelscheinwerferrahmen	baugruppe	e33707	Beleuchtung	<	derived	0	1	Hülle<-Seed+H4
v11296	Reserveradwanne	baugruppe	e33637	Karosserie-, Anbauteile & Zubehör	<	derived	0	1	Hülle<-Seed+H4
v11297	Stoßfängerabdeckung für Anhängevorrichtung	baugruppe	e262145	Stoßstangen & Teile	<	derived	0	1	Hülle<-Seed+H3
v11298	Trittbrettstufe für Anhängevorrichtung	baugruppe	e180143	Anhängerkupplungen & Abschleppteile	<	derived	0	1	Hülle<-Seed+H4
v11299	Dachsäule	baugruppe	e262165	Kotflügel, Seitenwände & Tankdeckel	<	derived	0	1	Hülle<-Seed+H4
v11300	Zier-/Schutzleistensatz für Stoßfänger	baugruppe	e33637	Karosserie-, Anbauteile & Zubehör	<	derived	0	1	Hülle<-Seed+H3
v11301	Nebelscheinwerferkappe	baugruppe	e33707	Beleuchtung	<	derived	0	1	Hülle<-Seed+H4
v11302	Rückstrahler	baugruppe	e33707	Beleuchtung	<	derived	0	1	Hülle<-Seed+H3
v11303	Leuchtenaufnahme	baugruppe	e33637	Karosserie-, Anbauteile & Zubehör	<	derived	0	1	Hülle<-Seed+H4
v11309	Abdeckung	baugruppe	e33637	Karosserie-, Anbauteile & Zubehör	<	derived	0	1	Hülle<-Seed+H4
v11310	Gitter	baugruppe	e33637	Karosserie-, Anbauteile & Zubehör	<	derived	0	1	Hülle<-Seed+H4
v11311	Haltersatz für Stoßfänger	baugruppe	e33637	Karosserie-, Anbauteile & Zubehör	<	derived	0	1	Hülle<-Seed+H4
v11313	Zier-/Schutzleistensatz für Kühlergitter	baugruppe	e33637	Karosserie-, Anbauteile & Zubehör	<	derived	0	1	Hülle<-Seed+H3
v11314	Reflektor für Positions-/Begrenzungsleuchte	baugruppe	e33707	Beleuchtung	<	derived	0	1	Hülle<-Seed+H3
v11315	Tagfahrleuchte	baugruppe	e33707	Beleuchtung	<	derived	0	1	Hülle<-Seed+H3
v11316	Außenspiegelblende	baugruppe	e262160	Außenspiegel & Teile	<	derived	0	1	Hülle<-Seed+H3
v11319	Kühlergittereinsatz	baugruppe	e33637	Karosserie-, Anbauteile & Zubehör	<	derived	0	1	Hülle<-Seed+H4
v11320	Tagfahrleuchtensatz	baugruppe	e33707	Beleuchtung	<	derived	0	1	Hülle<-Seed+H3
v11324	Ersatzradhalter	baugruppe	e33637	Karosserie-, Anbauteile & Zubehör	<	derived	0	1	Hülle<-Seed+H4
v11325	Persening	baugruppe	e33637	Karosserie-, Anbauteile & Zubehör	<	derived	0	1	Hülle<-Seed+H4
v11326	Abbiegelicht	baugruppe	e33707	Beleuchtung	<	derived	0	1	Hülle<-Seed+H4
v11329	Stellmotor Tankklappe	baugruppe	e262111	Elektromotoren & -teile	<	derived	0	1	Hülle<-Seed+H3
v11334	Radmutternsatz	baugruppe	e262264	Autoreifen-Zubehör	<	derived	0	1	Hülle<-Seed+H4
v11340	Überrollbügel	baugruppe	e33637	Karosserie-, Anbauteile & Zubehör	<	derived	0	1	Hülle<-Seed+H4
v11342	Dichtung für Heckklappe	baugruppe	e262147	Türen, Kofferraumdeckel & Klappen	<	derived	0	1	Hülle<-Seed+H3
v11344	Türblatt	baugruppe	e262147	Türen, Kofferraumdeckel & Klappen	<	derived	0	1	Hülle<-Seed+H3
v11346	Abdeckkappe Türgriff	baugruppe	e33637	Karosserie-, Anbauteile & Zubehör	<	derived	0	1	Hülle<-Seed+H4
v11348	Abdeckung Frontschürze	baugruppe	e33637	Karosserie-, Anbauteile & Zubehör	<	derived	0	1	Hülle<-Seed+H4
v11349	Abdeckung Griffmulde	baugruppe	e33637	Karosserie-, Anbauteile & Zubehör	<	derived	0	1	Hülle<-Seed+H4
v11355	Anhängebock für Anhängevorrichtung	baugruppe	e180143	Anhängerkupplungen & Abschleppteile	<	derived	0	1	Hülle<-Seed+H4
v11356	Anschlagpuffer für Fahrerhaus	baugruppe	e33637	Karosserie-, Anbauteile & Zubehör	<	derived	0	1	Hülle<-Seed+H4
v11357	Anschlussleitung für Außenspiegel	baugruppe	e262160	Außenspiegel & Teile	<	derived	0	1	Hülle<-Seed+H3
v11360	Anschraubplatte für Anhängevorrichtung	baugruppe	e180143	Anhängerkupplungen & Abschleppteile	<	derived	0	1	Hülle<-Seed+H4
v11361	Antennenkopf	baugruppe	e33637	Karosserie-, Anbauteile & Zubehör	<	derived	0	1	Hülle<-Seed+H3
v11366	Be-/Entlüftungsventil für Kraftstoffbehälter	baugruppe	e33637	Karosserie-, Anbauteile & Zubehör	<	derived	0	1	Hülle<-Seed+H4
v11379	Clip für Zier-/Schutzleiste	baugruppe	e33637	Karosserie-, Anbauteile & Zubehör	<	derived	0	1	Hülle<-Seed+H4
v11390	Dichtung für Blinkleuchte	baugruppe	e33637	Karosserie-, Anbauteile & Zubehör	<	derived	0	1	Hülle<-Seed+H4
v11393	Dichtung für Faltdach	baugruppe	e33637	Karosserie-, Anbauteile & Zubehör	<	derived	0	1	Hülle<-Seed+H4
v11396	Dichtung für Hauptscheinwerfer	baugruppe	e33637	Karosserie-, Anbauteile & Zubehör	<	derived	0	1	Hülle<-Seed+H4
v11399	Dichtung für Kennzeichenleuchte	baugruppe	e33637	Karosserie-, Anbauteile & Zubehör	<	derived	0	1	Hülle<-Seed+H4
v11400	Dichtung für Kotflügel	baugruppe	e33637	Karosserie-, Anbauteile & Zubehör	<	derived	0	1	Hülle<-Seed+H4
v11401	Dichtung für Kraftstoffeinfüllstutzen	baugruppe	e33637	Karosserie-, Anbauteile & Zubehör	<	derived	0	1	Hülle<-Seed+H4
v11409	Dichtung für Rahmen Hauptscheinwerfer	baugruppe	e33637	Karosserie-, Anbauteile & Zubehör	<	derived	0	1	Hülle<-Seed+H4
v11410	Dichtung für Schiebedach	baugruppe	e262169	Auto-, Cabrio-, Panorama- & Schiebedächer	<	derived	0	1	Hülle<-Seed+H3
v11411	Dichtung für Schlussleuchte	baugruppe	e33637	Karosserie-, Anbauteile & Zubehör	<	derived	0	1	Hülle<-Seed+H4
v11413	Dichtung für Türscheibe	baugruppe	e33637	Karosserie-, Anbauteile & Zubehör	<	derived	0	1	Hülle<-Seed+H4
v11414	Dichtung für Türsicherungsleuchte	baugruppe	e33637	Karosserie-, Anbauteile & Zubehör	<	derived	0	1	Hülle<-Seed+H4
v11425	Domstrebe	baugruppe	e33637	Karosserie-, Anbauteile & Zubehör	<	derived	0	1	Hülle<-Seed+H4
v11433	Druckschalter für Bremshydraulik	baugruppe	e33559	Bremsen & Bremsenteile	<	derived	0	1	Hülle<-Seed+H4
v11438	Einfüllstutzen für Kraftstoffbehälter	baugruppe	e33549	Luft- & Kraftstoffversorgung	<	derived	0	1	Hülle<-Seed+H4
v11466	Führungsarm für Scheibenreinigung	baugruppe	e174111	Scheiben- & Scheinwerferreinigung	<	derived	0	1	Hülle<-Seed+H4
v11471	Gasfeder für Reserveradhalter	baugruppe	e33637	Karosserie-, Anbauteile & Zubehör	<	derived	0	1	Hülle<-Seed+H4
v11473	Gasfeder für Verdeck	baugruppe	e33637	Karosserie-, Anbauteile & Zubehör	<	derived	0	1	Hülle<-Seed+H4
v11475	Blinkergehäuse	baugruppe	e33707	Beleuchtung	<	derived	0	1	Hülle<-Seed+H3
v11476	Rückfahrleuchtengehäuse	baugruppe	e33707	Beleuchtung	<	derived	0	1	Hülle<-Seed+H3
v11478	Rückleuchtengehäuse	baugruppe	e33707	Beleuchtung	<	derived	0	1	Hülle<-Seed+H3
v11481	Gleitbacke für Fensterheber	baugruppe	e33637	Karosserie-, Anbauteile & Zubehör	<	derived	0	1	Hülle<-Seed+H4
v11484	Glühlampe für Bremsleuchte	baugruppe	e33707	Beleuchtung	<	derived	0	1	Hülle<-Seed+H3
v11485	Glühlampe für Fernscheinwerfer	baugruppe	e33707	Beleuchtung	<	derived	0	1	Hülle<-Seed+H3
v11486	Glühlampe für Kofferraumleuchte	baugruppe	e33707	Beleuchtung	<	derived	0	1	Hülle<-Seed+H4
v11487	Glühlampe für Positions-/Begrenzungsleuchte	baugruppe	e33707	Beleuchtung	<	derived	0	1	Hülle<-Seed+H3
v11488	Glühlampe für Rückleuchte	baugruppe	e33707	Beleuchtung	<	derived	0	1	Hülle<-Seed+H3
v11489	Glühlampe für Tagfahrleuchte	baugruppe	e33707	Beleuchtung	<	derived	0	1	Hülle<-Seed+H3
v11490	Glühlampe für Zusatzbremsleuchte	baugruppe	e33707	Beleuchtung	<	derived	0	1	Hülle<-Seed+H3
v11499	Halter für Heckleuchte	baugruppe	e33637	Karosserie-, Anbauteile & Zubehör	<	derived	0	1	Hülle<-Seed+H4
v11512	Kabelsatz für Fernscheinwerfer	baugruppe	e33572	Autoelektrik	<	derived	0	1	Hülle<-Seed+H3
v11513	Kabelsatz für Hauptscheinwerfer	baugruppe	e33572	Autoelektrik	<	derived	0	1	Hülle<-Seed+H3
v11514	Kappe für Nebelscheinwerfer	baugruppe	e33637	Karosserie-, Anbauteile & Zubehör	<	derived	0	1	Hülle<-Seed+H4
v11515	Kappe für Wischarm	baugruppe	e33637	Karosserie-, Anbauteile & Zubehör	<	derived	0	1	Hülle<-Seed+H4
v11521	Koffer-/Laderaumwanne	baugruppe	e262165	Kotflügel, Seitenwände & Tankdeckel	<	derived	0	1	Hülle<-Seed+H4
v11528	Kondenswasserablaufschlauch für Innenraumluftfiltergehäuse	baugruppe	e33637	Karosserie-, Anbauteile & Zubehör	<	derived	0	1	Hülle<-Seed+H4
v11535	Kupplungspedal	baugruppe	e33694	Innenausstattung	<	derived	0	1	Hülle<-Seed+ADJ
v11551	Lampenfassung für Hauptscheinwerfer	baugruppe	e33707	Beleuchtung	<	derived	0	1	Hülle<-Seed+H3
v11555	Lichtscheibe für Hauptscheinwerfer	baugruppe	e33707	Beleuchtung	<	derived	0	1	Hülle<-Seed+H3
v11556	Lichtscheibe für Kennzeichenleuchte	baugruppe	e33707	Beleuchtung	<	derived	0	1	Hülle<-Seed+H3
v11557	Lichtscheibe für Positionsleuchte	baugruppe	e33707	Beleuchtung	<	derived	0	1	Hülle<-Seed+H3
v11558	Lichtscheibe für Rückfahrleuchte	baugruppe	e33707	Beleuchtung	<	derived	0	1	Hülle<-Seed+H3
v11559	Lichtscheibe für Schlussleuchte	baugruppe	e33707	Beleuchtung	<	derived	0	1	Hülle<-Seed+H3
v11560	Lichtscheibe für Seitenmarkierungsleuchte	baugruppe	e33707	Beleuchtung	<	derived	0	1	Hülle<-Seed+H3
v11576	Montagesatz für Kotflügel	baugruppe	e33637	Karosserie-, Anbauteile & Zubehör	<	derived	0	1	Hülle<-Seed+H4
v11581	Montagesatz für Stoßfänger	baugruppe	e33637	Karosserie-, Anbauteile & Zubehör	<	derived	0	1	Hülle<-Seed+H4
v11603	Rahmen für Hauptscheinwerfer	baugruppe	e33637	Karosserie-, Anbauteile & Zubehör	<	derived	0	1	Hülle<-Seed+H4
v11604	Rahmen für Nebelscheinwerfer	baugruppe	e33637	Karosserie-, Anbauteile & Zubehör	<	derived	0	1	Hülle<-Seed+H4
v11605	Reflektor für Blinkleuchte	baugruppe	e33707	Beleuchtung	<	derived	0	1	Hülle<-Seed+H3
v11632	Rollenführung für Schiebetür	baugruppe	e262147	Türen, Kofferraumdeckel & Klappen	<	derived	0	1	Hülle<-Seed+H3
v11635	Schalter für Allradantrieb	baugruppe	e33694	Innenausstattung	<	derived	0	1	Hülle<-Seed+H3
v11636	Schalter für Bremsbetätigung	baugruppe	e33694	Innenausstattung	<	derived	0	1	Hülle<-Seed+H3
v11637	Schalter für Fahrstufe	baugruppe	e33694	Innenausstattung	<	derived	0	1	Hülle<-Seed+H3
v11638	Schalter für Handbremskontrollleuchte	baugruppe	e33694	Innenausstattung	<	derived	0	1	Hülle<-Seed+H3
v11639	Schalter für Hupe	baugruppe	e33694	Innenausstattung	<	derived	0	1	Hülle<-Seed+H3
v11640	Schalter für Kupplungsbetätigung	baugruppe	e33694	Innenausstattung	<	derived	0	1	Hülle<-Seed+H3
v11641	Schalter für Scheibenwischerintervall	baugruppe	e33694	Innenausstattung	<	derived	0	1	Hülle<-Seed+H3
v11642	Schalter für Türverriegelung	baugruppe	e33694	Innenausstattung	<	derived	0	1	Hülle<-Seed+H3
v11644	Tankklappenscharnier	baugruppe	e33549	Luft- & Kraftstoffversorgung	<	derived	0	1	Hülle<-Seed+H3
v11646	Scheinwerferaufnahme für Beleuchtung	baugruppe	e33637	Karosserie-, Anbauteile & Zubehör	<	derived	0	1	Hülle<-Seed+H4
v11650	Schlosssatz für Schließanlage	baugruppe	e33637	Karosserie-, Anbauteile & Zubehör	<	derived	0	1	Hülle<-Seed+H4
v11658	Schwellerverkleidung	baugruppe	e33637	Karosserie-, Anbauteile & Zubehör	<	derived	0	1	Hülle<-Seed+H3
v11662	Seitenmarkierungsleuchte	baugruppe	e33707	Beleuchtung	<	derived	0	1	Hülle<-Seed+H3
v11682	Spritzwand	baugruppe	e262165	Kotflügel, Seitenwände & Tankdeckel	<	derived	0	1	Hülle<-Seed+H4
v11684	Spurverbreiterung	baugruppe	e33637	Karosserie-, Anbauteile & Zubehör	<	derived	0	1	Hülle<-Seed+H4
v11697	Stoßstangenabdeckung für Anhängevorrichtung	baugruppe	e262145	Stoßstangen & Teile	<	derived	0	1	Hülle<-Seed+H3
v11698	Stoßstangenhalter für Anhängevorrichtung	baugruppe	e262145	Stoßstangen & Teile	<	derived	0	1	Hülle<-Seed+H3
v11700	Stütze Kühlergitter	baugruppe	e33637	Karosserie-, Anbauteile & Zubehör	<	derived	0	1	Hülle<-Seed+H4
v11710	Türgriffrahmen	baugruppe	e262147	Türen, Kofferraumdeckel & Klappen	<	derived	0	1	Hülle<-Seed+H3
v11712	Umrüstsatz Stoßfänger	baugruppe	e33637	Karosserie-, Anbauteile & Zubehör	<	derived	0	1	Hülle<-Seed+H4
v11725	Verbindungsrohr für Heizungskanal	baugruppe	e33542	Klima- & Heizungsanlagen	<	derived	0	1	Hülle<-Seed+H4
v11734	Vorschaltgerät für Gasentladungslampe	baugruppe	e33707	Beleuchtung	<	derived	0	1	Hülle<-Seed+H3
v11738	Warmluftkanal	baugruppe	e33542	Klima- & Heizungsanlagen	<	derived	0	1	Hülle<-Seed+H4
v11742	Wischerlager	baugruppe	e174111	Scheiben- & Scheinwerferreinigung	<	derived	0	1	Hülle<-Seed+H4
v11747	Zier-/Schutzleiste für Türscheibe	baugruppe	e33637	Karosserie-, Anbauteile & Zubehör	<	derived	0	1	Hülle<-Seed+H3
v11755	Pritschenaufbau komplett	baugruppe	e262175	Pickup-Ladeflächen & Teile	<	derived	0	1	Hülle<-Seed
v11761	Schloss Hecktür	baugruppe	e262147	Türen, Kofferraumdeckel & Klappen	<	derived	0	1	Hülle<-Seed+H3
v11766	Scharniersäule	baugruppe	e262165	Kotflügel, Seitenwände & Tankdeckel	<	derived	0	1	Hülle<-Seed+H4
v11770	Glühlampe Xenon	baugruppe	e33707	Beleuchtung	<	derived	0	1	Hülle<-Seed+H3
v11780	Motor Schiebetür	baugruppe	e262111	Elektromotoren & -teile	<	derived	0	1	Hülle<-Seed+H3
v11783	Reserveradhalter	baugruppe	e33637	Karosserie-, Anbauteile & Zubehör	<	derived	0	1	Hülle<-Seed+H4
v11790	Antennenverstärker	baugruppe	e33637	Karosserie-, Anbauteile & Zubehör	<	derived	0	1	Hülle<-Seed+H3
v11791	Spritzdüse für Scheinwerferreinigungsanlage	baugruppe	e174111	Scheiben- & Scheinwerferreinigung	<	derived	0	1	Hülle<-Seed+H4
v11794	Aktor Fussgängerschutz	baugruppe	e33637	Karosserie-, Anbauteile & Zubehör	<	derived	0	1	Hülle<-Seed+H4
v11805	Elektro-Seilwinde	baugruppe	e33572	Autoelektrik	<	derived	0	1	Hülle<-Seed+H4
v11809	Heckleiter	baugruppe	e262165	Kotflügel, Seitenwände & Tankdeckel	<	derived	0	1	Hülle<-Seed+H4
v11811	Hydro-Seilwinde komplett	baugruppe	e33572	Autoelektrik	<	derived	0	1	Hülle<-Seed+H4
v11813	Konsole Seilwinde	baugruppe	e262165	Kotflügel, Seitenwände & Tankdeckel	<	derived	0	1	Hülle<-Seed+H4
v11817	Lufthutze Deckel	baugruppe	e262165	Kotflügel, Seitenwände & Tankdeckel	<	derived	0	1	Hülle<-Seed+H4
v11823	Schließzylinder Alarmanlage	baugruppe	e262147	Türen, Kofferraumdeckel & Klappen	<	derived	0	1	Hülle<-Seed+H3|Hülle<-Seed+H7
v11834	Türschlüssel	baugruppe	e262147	Türen, Kofferraumdeckel & Klappen	<	derived	0	1	Hülle<-Seed+H3
v11840	Zündgerät Scheinwerfer	baugruppe	e33707	Beleuchtung	<	derived	0	1	Hülle<-Seed+H3
v11842	Hubzylinder für Scheinwerferreinigungsanlage	baugruppe	e33707	Beleuchtung	<	derived	0	1	Hülle<-Seed+H4
v11847	Rückleuchte in Stoßstange	baugruppe	e33707	Beleuchtung	<	derived	0	1	Hülle<-Seed+H3
v11848	Trennwand	baugruppe	e262202	Aufbewahrung & Organisation	<	derived	0	1	Hülle<-Seed
v11865	Antrieb Kofferraumabdeckung	baugruppe	e33694	Innenausstattung	<	derived	0	1	Hülle<-Seed
v11877	Elektrisches Heckklappenset	baugruppe	e262175	Pickup-Ladeflächen & Teile	<	derived	0	1	Hülle<-Seed
v11878	Radarsensor	baugruppe	e258037	Einparkhilfen	<	derived	0	1	Hülle<-Seed+ADJ
v11880	Panoramadach	baugruppe	e262169	Auto-, Cabrio-, Panorama- & Schiebedächer	<	derived	0	1	Hülle<-Seed+H3
v11882	Einstiegleistenset	baugruppe	e33637	Karosserie-, Anbauteile & Zubehör	<	derived	0	1	Hülle<-Seed+H7|Hülle<-Seed+H3
v11883	Einstiegleiste	baugruppe	e33637	Karosserie-, Anbauteile & Zubehör	<	derived	0	1	Hülle<-Seed+H3
v11891	Aktuator Motorhaube	baugruppe	e262165	Kotflügel, Seitenwände & Tankdeckel	<	derived	0	1	Hülle<-Seed+H4
v11895	Tür-Zuzieh-Hilfe	baugruppe	e262165	Kotflügel, Seitenwände & Tankdeckel	<	derived	0	1	Hülle<-Seed+H4
v11897	Heckklappenscharnier	baugruppe	e262147	Türen, Kofferraumdeckel & Klappen	<	derived	0	1	Hülle<-Seed+H3
v11901	Blinker Dach	baugruppe	e33707	Beleuchtung	<	derived	0	1	Hülle<-Seed+H3|Hülle<-Seed+H7
v11936	HV-Ladeanschluss	baugruppe	e33572	Autoelektrik	<	derived	0	1	Hülle<-Seed+H3
v11944	Hardtop Ladefläche	baugruppe	e262175	Pickup-Ladeflächen & Teile	<	derived	0	1	Hülle<-Seed
v11945	Doppelrohrbügel	baugruppe	e262165	Kotflügel, Seitenwände & Tankdeckel	<	derived	0	1	Hülle<-Seed+H4
v11947	Schwellerrohre	baugruppe	e262165	Kotflügel, Seitenwände & Tankdeckel	<	derived	0	1	Hülle<-Seed+H4
v11958	Teilepaket Karosserie	baugruppe	e262165	Kotflügel, Seitenwände & Tankdeckel	<	derived	0	1	Hülle<-Seed+H4
v12056	Markise	baugruppe	e33637	Karosserie-, Anbauteile & Zubehör	<	derived	0	1	Hülle<-Seed+H4
v12059	Blende Seitenblinker	baugruppe	e33637	Karosserie-, Anbauteile & Zubehör	<	derived	0	1	Hülle<-Seed+H4
v12060	Rahmenspitze	baugruppe	e33637	Karosserie-, Anbauteile & Zubehör	<	derived	0	1	Hülle<-Seed+H4
v12061	Kotflügelträger	baugruppe	e33637	Karosserie-, Anbauteile & Zubehör	<	derived	0	1	Hülle<-Seed+H4
v12065	Verdeckbezug	baugruppe	e262169	Auto-, Cabrio-, Panorama- & Schiebedächer	<	derived	0	1	Hülle<-Seed+H3
v12066	Verdeckschloss	baugruppe	e262169	Auto-, Cabrio-, Panorama- & Schiebedächer	<	derived	0	1	Hülle<-Seed+H3
v12068	Halter	baugruppe	e33694	Innenausstattung	<	derived	0	1	Hülle<-Seed+H4
v12070	Heckklappenleiste	baugruppe	e33637	Karosserie-, Anbauteile & Zubehör	<	derived	0	1	Hülle<-Seed+H4
v12071	Motor Heckspoiler	baugruppe	e33572	Autoelektrik	<	derived	0	1	Hülle<-Seed+H4
v12073	Heckscheibenöffner	baugruppe	e33637	Karosserie-, Anbauteile & Zubehör	<	derived	0	1	Hülle<-Seed+H4
v12074	Blende Heckleuchte	baugruppe	e33637	Karosserie-, Anbauteile & Zubehör	<	derived	0	1	Hülle<-Seed+H4
v12075	Beplankung	baugruppe	e33637	Karosserie-, Anbauteile & Zubehör	<	derived	0	1	Hülle<-Seed+H4
v12076	Abdeckung Schiebetürschienen	baugruppe	e33694	Innenausstattung	<	derived	0	1	Hülle<-Seed+H4
v12077	Motor Ausstellfenster	baugruppe	e33572	Autoelektrik	<	derived	0	1	Hülle<-Seed+H4
v12078	Motor Drallklappen	baugruppe	e33572	Autoelektrik	<	derived	0	1	Hülle<-Seed+H4
v12095	Abgasrohr Heizgerät	baugruppe	e33605	Auspuff- & Abgassysteme	<	derived	0	1	Hülle<-Seed+H4
v20000	Stossfänger vorne / hinten	kategorie	e262152	Rahmenlängsträger & Hilfsträger	>	derived	1	0	Hülle<-Seed
v20001	Karosserie vorne Aussen	kategorie	e33644	Kotflügel Vorn	>	derived	1	0	Hülle<-Seed+H6|Hülle<-Seed+H6
v20001	Karosserie vorne Aussen	kategorie	e33646	Motorhauben	>	derived	1	0	Hülle<-Seed
v20009	Türen	kategorie	e179851	Türgriffe	>	derived	1	0	Hülle<-Seed
v21006	Außenspiegel & Spiegelkomponenten	kategorie	e262161	Außenspiegel	>	derived	1	0	Hülle<-Seed
v21006	Außenspiegel & Spiegelkomponenten	kategorie	e262163	Spiegelglas	>	derived	1	0	Hülle<-Seed
v21008	Anbau- & Mechanikteile für Türen und Klappen	kategorie	e262158	Gasfedern & Haubendämpfer	>	derived	1	0	Hülle<-Seed
v21008	Anbau- & Mechanikteile für Türen und Klappen	kategorie	e262176	Scharniere, Verschlüsse & weitere Teile	>	derived	1	0	Hülle<-Seed
v21011	Wisch- & Waschanlage	kategorie	e174112	Wischwasserbehälter, -pumpen & -düsen	>	derived	1	0	Hülle<-Seed
v21011	Wisch- & Waschanlage	kategorie	e174113	Wischerarme	>	derived	1	0	Hülle<-Seed
v21011	Wisch- & Waschanlage	kategorie	e179852	Wischerblätter & -gummi	>	derived	1	0	Hülle<-Seed
v21013	Karosserie-Blech- & Außenhautteile	kategorie	e262166	Seitenwände & Kotflügel Hinten	>	derived	1	0	Hülle<-Seed
v21016	Zier- & Schutzleisten, Blenden, Embleme	kategorie	e33643	Embleme & Ornamente	>	derived	1	0	Hülle<-Seed
v21017	Kühlergrill, Gitter & Luftführungen	kategorie	e38658	Lufteinlässe	>	derived	1	0	Hülle<-Seed
v21022	Anhängevorrichtung & Zubehör	kategorie	e38789	Elektrosätze	>	derived	1	0	Hülle<-Seed
v21022	Anhängevorrichtung & Zubehör	kategorie	e180145	Kugelköpfe	>	derived	1	0	Hülle<-Seed
v21024	Räder & Bereifung	kategorie	e180090	Schnee-, Anti-Rutsch-Ketten & Schneesocken	>	derived	1	0	Hülle<-Seed
v21026	Nutzfahrzeug-Aufbauten & Anbaugeräte	kategorie	e33647	Ladebordwände	>	derived	1	0	Hülle<-Seed
v21026	Nutzfahrzeug-Aufbauten & Anbaugeräte	kategorie	e33655	Pickup-Ladeflächen-Zubehör	>	derived	1	0	Hülle<-Seed
v21026	Nutzfahrzeug-Aufbauten & Anbaugeräte	kategorie	e63690	Kofferraumnetze, -Organizer & Trenngitter	>	derived	1	0	Hülle<-Seed
v21026	Nutzfahrzeug-Aufbauten & Anbaugeräte	kategorie	e262177	Pickup-Ladeflächen & -Bleche	>	derived	1	0	Hülle<-Seed
v21027	Außenverkleidungen & Abdeckungen	kategorie	e33744	Radkappen & Stahlfelgenringe	>	derived	1	0	Hülle<-Seed
hg1	Unterboden	hauptgruppe	e180090	Schnee-, Anti-Rutsch-Ketten & Schneesocken	>	derived	2	0	Hülle<-Seed
hg3	Karosserie	hauptgruppe	e33643	Embleme & Ornamente	>	derived	2	0	Hülle<-Seed
hg3	Karosserie	hauptgruppe	e33644	Kotflügel Vorn	>	derived	2	0	Hülle<-Seed+H6|Hülle<-Seed+H6
hg3	Karosserie	hauptgruppe	e33646	Motorhauben	>	derived	2	0	Hülle<-Seed
hg3	Karosserie	hauptgruppe	e33647	Ladebordwände	>	derived	2	0	Hülle<-Seed
hg3	Karosserie	hauptgruppe	e33655	Pickup-Ladeflächen-Zubehör	>	derived	2	0	Hülle<-Seed
hg3	Karosserie	hauptgruppe	e33744	Radkappen & Stahlfelgenringe	>	derived	2	0	Hülle<-Seed
hg3	Karosserie	hauptgruppe	e38658	Lufteinlässe	>	derived	2	0	Hülle<-Seed
hg3	Karosserie	hauptgruppe	e38789	Elektrosätze	>	derived	2	0	Hülle<-Seed
hg3	Karosserie	hauptgruppe	e63690	Kofferraumnetze, -Organizer & Trenngitter	>	derived	2	0	Hülle<-Seed
hg3	Karosserie	hauptgruppe	e174112	Wischwasserbehälter, -pumpen & -düsen	>	derived	2	0	Hülle<-Seed
hg3	Karosserie	hauptgruppe	e174113	Wischerarme	>	derived	2	0	Hülle<-Seed
hg3	Karosserie	hauptgruppe	e179851	Türgriffe	>	derived	2	0	Hülle<-Seed
hg3	Karosserie	hauptgruppe	e179852	Wischerblätter & -gummi	>	derived	2	0	Hülle<-Seed
hg3	Karosserie	hauptgruppe	e180145	Kugelköpfe	>	derived	2	0	Hülle<-Seed
hg3	Karosserie	hauptgruppe	e262152	Rahmenlängsträger & Hilfsträger	>	derived	2	0	Hülle<-Seed
hg3	Karosserie	hauptgruppe	e262158	Gasfedern & Haubendämpfer	>	derived	2	0	Hülle<-Seed
hg3	Karosserie	hauptgruppe	e262161	Außenspiegel	>	derived	2	0	Hülle<-Seed
hg3	Karosserie	hauptgruppe	e262163	Spiegelglas	>	derived	2	0	Hülle<-Seed
hg3	Karosserie	hauptgruppe	e262166	Seitenwände & Kotflügel Hinten	>	derived	2	0	Hülle<-Seed
hg3	Karosserie	hauptgruppe	e262176	Scharniere, Verschlüsse & weitere Teile	>	derived	2	0	Hülle<-Seed
hg3	Karosserie	hauptgruppe	e262177	Pickup-Ladeflächen & -Bleche	>	derived	2	0	Hülle<-Seed
v10006	Antenne Dach	baugruppe	e6030	Autoteile & Zubehör	<	derived	0	2	Hülle<-Seed+H3
v10007	Aufprallträger	baugruppe	e33637	Karosserie-, Anbauteile & Zubehör	<	derived	0	2	Hülle<-Seed+H3
v10014	Behälter Heckwischer	baugruppe	e6030	Autoteile & Zubehör	<	derived	0	2	Hülle<-Seed
v10023	Dämpfer Hecktür	baugruppe	e33637	Karosserie-, Anbauteile & Zubehör	<	derived	0	2	Hülle<-Seed+H3
v10037	Fanghaken Klappe	baugruppe	e6030	Autoteile & Zubehör	<	derived	0	2	Hülle<-Seed+H4
v10065	Kennzeichenverstärkung	baugruppe	e6030	Autoteile & Zubehör	<	derived	0	2	Hülle<-Seed+ADJ
v10066	Klappenscharnier	baugruppe	e33637	Karosserie-, Anbauteile & Zubehör	<	derived	0	2	Hülle<-Seed+H3
v10067	Klappenschlosszug	baugruppe	e33637	Karosserie-, Anbauteile & Zubehör	<	derived	0	2	Hülle<-Seed+H3
v10068	Klappenstützen	baugruppe	e6030	Autoteile & Zubehör	<	derived	0	2	Hülle<-Seed+H4
v10088	Kugelkopf Anhängerkupplung	baugruppe	e6030	Autoteile & Zubehör	<	derived	0	2	Hülle<-Seed
v10109	Motorhaubenscharnier	baugruppe	e33637	Karosserie-, Anbauteile & Zubehör	<	derived	0	2	Hülle<-Seed+H3
v10110	Motorhaubenzug	baugruppe	e33637	Karosserie-, Anbauteile & Zubehör	<	derived	0	2	Hülle<-Seed+H3
v10124	Pralldämpfer	baugruppe	e33637	Karosserie-, Anbauteile & Zubehör	<	derived	0	2	Hülle<-Seed+H3
v10125	Querträger	baugruppe	e6030	Autoteile & Zubehör	<	derived	0	2	Hülle<-Seed+H4
v10131	Scheibenwaschdüse	baugruppe	e6030	Autoteile & Zubehör	<	derived	0	2	Hülle<-Seed+H4
v10132	Scheinwerfertragrahmen	baugruppe	e6030	Autoteile & Zubehör	<	derived	0	2	Hülle<-Seed+H4
v10133	Schiebedach	baugruppe	e33637	Karosserie-, Anbauteile & Zubehör	<	derived	0	2	Hülle<-Seed+H3
v10134	Schiebedachdeckel	baugruppe	e33637	Karosserie-, Anbauteile & Zubehör	<	derived	0	2	Hülle<-Seed+H3
v10135	Schließbolzen	baugruppe	e33637	Karosserie-, Anbauteile & Zubehör	<	derived	0	2	Hülle<-Seed+H3
v10136	Schließplatte	baugruppe	e33637	Karosserie-, Anbauteile & Zubehör	<	derived	0	2	Hülle<-Seed+H3
v10137	Schließzylinder	baugruppe	e33637	Karosserie-, Anbauteile & Zubehör	<	derived	0	2	Hülle<-Seed+H3
v10138	Schließzylinder Heckdeckel	baugruppe	e33637	Karosserie-, Anbauteile & Zubehör	<	derived	0	2	Hülle<-Seed+H3
v10139	Schließzylinder Hecktür	baugruppe	e33637	Karosserie-, Anbauteile & Zubehör	<	derived	0	2	Hülle<-Seed+H3
v10140	Schließzylinder Satz	baugruppe	e33637	Karosserie-, Anbauteile & Zubehör	<	derived	0	2	Hülle<-Seed+H3|Hülle<-Seed+H7
v10141	Schließzylinder Schiebetür	baugruppe	e33637	Karosserie-, Anbauteile & Zubehör	<	derived	0	2	Hülle<-Seed+H3
v10142	Schloss Heckdeckel	baugruppe	e33637	Karosserie-, Anbauteile & Zubehör	<	derived	0	2	Hülle<-Seed+H3
v10143	Schloss Hecktür	baugruppe	e33637	Karosserie-, Anbauteile & Zubehör	<	derived	0	2	Hülle<-Seed+H3
v10144	Schloss Motorhaube	baugruppe	e33637	Karosserie-, Anbauteile & Zubehör	<	derived	0	2	Hülle<-Seed+H3
v10145	Schlosszapfen	baugruppe	e6030	Autoteile & Zubehör	<	derived	0	2	Hülle<-Seed+H4
v10151	Spiegelglas	baugruppe	e33637	Karosserie-, Anbauteile & Zubehör	<	derived	0	2	Hülle<-Seed
v10152	Stellelement für Zentralverriegelung	baugruppe	e6030	Autoteile & Zubehör	<	derived	0	2	Hülle<-Seed+H4
v10154	Stütze Heckwischer	baugruppe	e6030	Autoteile & Zubehör	<	derived	0	2	Hülle<-Seed+H4
v10161	Tankklappe	baugruppe	e33637	Karosserie-, Anbauteile & Zubehör	<	derived	0	2	Hülle<-Seed+H3
v10162	Tankklappenzug	baugruppe	e33637	Karosserie-, Anbauteile & Zubehör	<	derived	0	2	Hülle<-Seed+H3
v10163	Tankverschluss	baugruppe	e6030	Autoteile & Zubehör	<	derived	0	2	Hülle<-Seed+H3
v10167	Türbremse	baugruppe	e33637	Karosserie-, Anbauteile & Zubehör	<	derived	0	2	Hülle<-Seed+H3
v10168	Türfeststeller	baugruppe	e33637	Karosserie-, Anbauteile & Zubehör	<	derived	0	2	Hülle<-Seed+H3
v10169	Türschloss	baugruppe	e33637	Karosserie-, Anbauteile & Zubehör	<	derived	0	2	Hülle<-Seed+H3
v10179	Vorderwand	baugruppe	e33637	Karosserie-, Anbauteile & Zubehör	<	derived	0	2	Hülle<-Seed+H4
v10181	Wischerarm	baugruppe	e6030	Autoteile & Zubehör	<	derived	0	2	Hülle<-Seed
v10182	Wischergetriebe	baugruppe	e6030	Autoteile & Zubehör	<	derived	0	2	Hülle<-Seed+H4
v10191	Antenne elektrisch	baugruppe	e6030	Autoteile & Zubehör	<	derived	0	2	Hülle<-Seed+H3
v10192	Blinker	baugruppe	e6030	Autoteile & Zubehör	<	derived	0	2	Hülle<-Seed+H3
v10193	Blinker Außenspiegel	baugruppe	e6030	Autoteile & Zubehör	<	derived	0	2	Hülle<-Seed+H3|Hülle<-Seed+H7
v10194	Blinker Kotflügel	baugruppe	e6030	Autoteile & Zubehör	<	derived	0	2	Hülle<-Seed+H3
v10205	Fensterheber	baugruppe	e6030	Autoteile & Zubehör	<	derived	0	2	Hülle<-Seed+H3
v10206	Hauptfernscheinwerfer	baugruppe	e6030	Autoteile & Zubehör	<	derived	0	2	Hülle<-Seed+H3
v10207	Fernscheinwerfer	baugruppe	e6030	Autoteile & Zubehör	<	derived	0	2	Hülle<-Seed+H3
v10210	Hauptscheinwerfer	baugruppe	e6030	Autoteile & Zubehör	<	derived	0	2	Hülle<-Seed+H3
v10220	Kabel Tür	baugruppe	e6030	Autoteile & Zubehör	<	derived	0	2	Hülle<-Seed+H3
v10223	Kennzeichenleuchte	baugruppe	e6030	Autoteile & Zubehör	<	derived	0	2	Hülle<-Seed+H3
v10233	Motor Fensterheber	baugruppe	e6030	Autoteile & Zubehör	<	derived	0	2	Hülle<-Seed+H3
v10234	Motor Klappscheinwerfer	baugruppe	e177701	Elektro- & Hybridautoteile	<	derived	0	2	Hülle<-Seed+H3
v10236	Motor Leuchtweitenregulierung	baugruppe	e177701	Elektro- & Hybridautoteile	<	derived	0	2	Hülle<-Seed+H3
v10237	Motor Schiebedach	baugruppe	e33637	Karosserie-, Anbauteile & Zubehör	<	derived	0	2	Hülle<-Seed+H3
v10238	Motor Verdeck	baugruppe	e177701	Elektro- & Hybridautoteile	<	derived	0	2	Hülle<-Seed+H3
v10240	Nebelscheinwerfer	baugruppe	e6030	Autoteile & Zubehör	<	derived	0	2	Hülle<-Seed+H3
v10241	Nebelschlussleuchte	baugruppe	e6030	Autoteile & Zubehör	<	derived	0	2	Hülle<-Seed+H3
v10247	Parkleuchte	baugruppe	e6030	Autoteile & Zubehör	<	derived	0	2	Hülle<-Seed+H4
v10260	Rückleuchte	baugruppe	e6030	Autoteile & Zubehör	<	derived	0	2	Hülle<-Seed+H3
v10261	Rückleuchte Leiterplatte	baugruppe	e6030	Autoteile & Zubehör	<	derived	0	2	Hülle<-Seed+H3
v10262	Rückleuchtenband	baugruppe	e6030	Autoteile & Zubehör	<	derived	0	2	Hülle<-Seed+H3
v10278	Scheinwerferglas	baugruppe	e6030	Autoteile & Zubehör	<	derived	0	2	Hülle<-Seed+H3
v10281	Stand-/Blinkleuchte	baugruppe	e6030	Autoteile & Zubehör	<	derived	0	2	Hülle<-Seed+H3
v10283	Standleuchte	baugruppe	e6030	Autoteile & Zubehör	<	derived	0	2	Hülle<-Seed+H3
v10294	Temperaturfühler	baugruppe	e6030	Autoteile & Zubehör	<	derived	0	2	Hülle<-Seed+H4
v10303	Wischermotor	baugruppe	e6030	Autoteile & Zubehör	<	derived	0	2	Hülle<-Seed+H3
v10305	Zentralverriegelung	baugruppe	e6030	Autoteile & Zubehör	<	derived	0	2	Hülle<-Seed+H4
v10337	Abschlussblech	baugruppe	e33637	Karosserie-, Anbauteile & Zubehör	<	derived	0	2	Hülle<-Seed+H4
v10338	Auspuffblende	baugruppe	e6030	Autoteile & Zubehör	<	derived	0	2	Hülle<-Seed+H4
v10339	Ausstellscheibe	baugruppe	e33637	Karosserie-, Anbauteile & Zubehör	<	derived	0	2	Hülle<-Seed+H4
v10340	Dach Cabrio	baugruppe	e33637	Karosserie-, Anbauteile & Zubehör	<	derived	0	2	Hülle<-Seed+H3
v10341	Dach mit Sonnendachausschnitt	baugruppe	e33637	Karosserie-, Anbauteile & Zubehör	<	derived	0	2	Hülle<-Seed+H3
v10342	Dach Targa	baugruppe	e33637	Karosserie-, Anbauteile & Zubehör	<	derived	0	2	Hülle<-Seed+H3
v10343	Dreieckscheibe	baugruppe	e33637	Karosserie-, Anbauteile & Zubehör	<	derived	0	2	Hülle<-Seed+H4
v10344	Faltdach	baugruppe	e33637	Karosserie-, Anbauteile & Zubehör	<	derived	0	2	Hülle<-Seed+H3
v10345	Frontblech	baugruppe	e33637	Karosserie-, Anbauteile & Zubehör	<	derived	0	2	Hülle<-Seed+H4
v10346	Frontscheibe ohne Bandfilter	baugruppe	e33637	Karosserie-, Anbauteile & Zubehör	<	derived	0	2	Hülle<-Seed+H4
v10347	Heckklappe / Heckdeckel	baugruppe	e33637	Karosserie-, Anbauteile & Zubehör	<	derived	0	2	Hülle<-Seed+H3
v10348	Heckscheibe	baugruppe	e33637	Karosserie-, Anbauteile & Zubehör	<	derived	0	2	Hülle<-Seed+H4
v10349	Hecktür	baugruppe	e33637	Karosserie-, Anbauteile & Zubehör	<	derived	0	2	Hülle<-Seed+H3
v10350_65	Kotflügel mit Blinker mit Antennenloch, hinten links	position	e33637	Karosserie-, Anbauteile & Zubehör	<	derived	0	2	Hülle<-Seed+H5
v10350_66	Kotflügel mit Blinker mit Antennenloch, hinten rechts	position	e33637	Karosserie-, Anbauteile & Zubehör	<	derived	0	2	Hülle<-Seed+H5
v10351	Motorhaube	baugruppe	e33637	Karosserie-, Anbauteile & Zubehör	<	derived	0	2	Hülle<-Seed
v10352	Schiebetür	baugruppe	e33637	Karosserie-, Anbauteile & Zubehör	<	derived	0	2	Hülle<-Seed+H3
v10353	Seitenscheibe	baugruppe	e33637	Karosserie-, Anbauteile & Zubehör	<	derived	0	2	Hülle<-Seed+H4
v10354	Seitenscheibe Schiebetür	baugruppe	e33637	Karosserie-, Anbauteile & Zubehör	<	derived	0	2	Hülle<-Seed+H4
v10355	Tür	baugruppe	e33637	Karosserie-, Anbauteile & Zubehör	<	derived	0	2	Hülle<-Seed+H3
v10356	Türscheibe	baugruppe	e33637	Karosserie-, Anbauteile & Zubehör	<	derived	0	2	Hülle<-Seed+ADJ
v10357	Vorbau ohne Stirnwand	baugruppe	e33637	Karosserie-, Anbauteile & Zubehör	<	derived	0	2	Hülle<-Seed+H4
v10358	Abdeckung Abschlepphaken	baugruppe	e6030	Autoteile & Zubehör	<	derived	0	2	Hülle<-Seed+H4
v10359	Abdeckung Außenspiegel	baugruppe	e33637	Karosserie-, Anbauteile & Zubehör	<	derived	0	2	Hülle<-Seed+H3
v10360	Abschleppöse	baugruppe	e6030	Autoteile & Zubehör	<	derived	0	2	Hülle<-Seed+H4
v10361	Anhängerkupplung mit E-Satz abnehmbar	baugruppe	e6030	Autoteile & Zubehör	<	derived	0	2	Hülle<-Seed+H3
v10362	Außenspiegel elektrisch lackiert	baugruppe	e33637	Karosserie-, Anbauteile & Zubehör	<	derived	0	2	Hülle<-Seed+H7
v10363	Außenspiegelgehäuse	baugruppe	e33637	Karosserie-, Anbauteile & Zubehör	<	derived	0	2	Hülle<-Seed+H3
v10364	Außenspiegelglas	baugruppe	e33637	Karosserie-, Anbauteile & Zubehör	<	derived	0	2	Hülle<-Seed+H3
v10365	Blende Kotflügel	baugruppe	e33637	Karosserie-, Anbauteile & Zubehör	<	derived	0	2	Hülle<-Seed+H4
v10366	Blende Kühlergrill	baugruppe	e33637	Karosserie-, Anbauteile & Zubehör	<	derived	0	2	Hülle<-Seed+H4
v10367	Blende Nebelscheinwerfer	baugruppe	e33637	Karosserie-, Anbauteile & Zubehör	<	derived	0	2	Hülle<-Seed+H4
v10368	Blende Scheinwerfer	baugruppe	e33637	Karosserie-, Anbauteile & Zubehör	<	derived	0	2	Hülle<-Seed+H4
v10369	Blende Stoßstange	baugruppe	e33637	Karosserie-, Anbauteile & Zubehör	<	derived	0	2	Hülle<-Seed+H4
v10370	Dachreling	baugruppe	e6030	Autoteile & Zubehör	<	derived	0	2	Hülle<-Seed+H4
v10371	Dachzierleiste	baugruppe	e6030	Autoteile & Zubehör	<	derived	0	2	Hülle<-Seed+H3
v10372	Frontschürze	baugruppe	e33637	Karosserie-, Anbauteile & Zubehör	<	derived	0	2	Hülle<-Seed+H4
v10373	Frontverkleidung	baugruppe	e33637	Karosserie-, Anbauteile & Zubehör	<	derived	0	2	Hülle<-Seed+H4
v10374	Gepäckträger	baugruppe	e6030	Autoteile & Zubehör	<	derived	0	2	Hülle<-Seed+H4
v10375	Grill Windlauf	baugruppe	e6030	Autoteile & Zubehör	<	derived	0	2	Hülle<-Seed+H4
v10376	Heckblende	baugruppe	e33637	Karosserie-, Anbauteile & Zubehör	<	derived	0	2	Hülle<-Seed+H4
v10377	Heckklappendämpfer	baugruppe	e33637	Karosserie-, Anbauteile & Zubehör	<	derived	0	2	Hülle<-Seed+H3
v10378	Kotflügelverbreiterung	baugruppe	e33637	Karosserie-, Anbauteile & Zubehör	<	derived	0	2	Hülle<-Seed+H4
v10379	Kühlergrill	baugruppe	e6030	Autoteile & Zubehör	<	derived	0	2	Hülle<-Seed+H3
v10380	Kühlergrillrahmen	baugruppe	e6030	Autoteile & Zubehör	<	derived	0	2	Hülle<-Seed+H3
v10381	Radabdeckung	baugruppe	e33743	Autoreifen & Felgen	<	derived	0	2	Hülle<-Seed
v10382	Schürze	baugruppe	e33637	Karosserie-, Anbauteile & Zubehör	<	derived	0	2	Hülle<-Seed+H4
v10383	Schutzleiste Kotflügel	baugruppe	e6030	Autoteile & Zubehör	<	derived	0	2	Hülle<-Seed+H3
v10384	Schutzleiste Seitenwand	baugruppe	e6030	Autoteile & Zubehör	<	derived	0	2	Hülle<-Seed+H3
v10385	Schutzleiste Tür	baugruppe	e6030	Autoteile & Zubehör	<	derived	0	2	Hülle<-Seed+H3
v10386	Schwellerleisten	baugruppe	e6030	Autoteile & Zubehör	<	derived	0	2	Hülle<-Seed+H3
v10387	Sonnendach	baugruppe	e33637	Karosserie-, Anbauteile & Zubehör	<	derived	0	2	Hülle<-Seed+H3|Hülle<-Seed+H7
v10388	Spoiler	baugruppe	e6030	Autoteile & Zubehör	<	derived	0	2	Hülle<-Seed+H3
v10389	Steinschlagschutz	baugruppe	e6030	Autoteile & Zubehör	<	derived	0	2	Hülle<-Seed+H3
v10390	Steinschlagschutz Stoßstange	baugruppe	e6030	Autoteile & Zubehör	<	derived	0	2	Hülle<-Seed+H3
v10391	Stoßstange Grundausführung für Kunststoff SW/Grau mit Nebelscheinwerfer mit Spoiler	baugruppe	e33637	Karosserie-, Anbauteile & Zubehör	<	derived	0	2	Hülle<-Seed+H3
v10392	Stoßstangenabdeckung	baugruppe	e33637	Karosserie-, Anbauteile & Zubehör	<	derived	0	2	Hülle<-Seed+H3
v10393	Stoßstangenbefestigung	baugruppe	e33637	Karosserie-, Anbauteile & Zubehör	<	derived	0	2	Hülle<-Seed+H3
v10394	Stoßstangenecke	baugruppe	e33637	Karosserie-, Anbauteile & Zubehör	<	derived	0	2	Hülle<-Seed+H3
v10395	Stoßstangenhalter	baugruppe	e33637	Karosserie-, Anbauteile & Zubehör	<	derived	0	2	Hülle<-Seed+H3
v10396	Stoßstangenträger	baugruppe	e6030	Autoteile & Zubehör	<	derived	0	2	Hülle<-Seed
v10397	Türgriff	baugruppe	e33637	Karosserie-, Anbauteile & Zubehör	<	derived	0	2	Hülle<-Seed
v10398	Türgummi	baugruppe	e33637	Karosserie-, Anbauteile & Zubehör	<	derived	0	2	Hülle<-Seed+H3
v10399	Türrahmen	baugruppe	e33637	Karosserie-, Anbauteile & Zubehör	<	derived	0	2	Hülle<-Seed+H3
v10400	Verkleidung Innenkotflügel	baugruppe	e33637	Karosserie-, Anbauteile & Zubehör	<	derived	0	2	Hülle<-Seed+H4
v10401	Verkleidung Scheinwerfer	baugruppe	e33637	Karosserie-, Anbauteile & Zubehör	<	derived	0	2	Hülle<-Seed+H4
v10402	Windabweiser Dach	baugruppe	e33637	Karosserie-, Anbauteile & Zubehör	<	derived	0	2	Hülle<-Seed+H3
v10403	Windabweiser Fenster	baugruppe	e33637	Karosserie-, Anbauteile & Zubehör	<	derived	0	2	Hülle<-Seed+H3
v10404	Windlauf	baugruppe	e33637	Karosserie-, Anbauteile & Zubehör	<	derived	0	2	Hülle<-Seed+H3
v10405	Ziergitter	baugruppe	e6030	Autoteile & Zubehör	<	derived	0	2	Hülle<-Seed+H3
v10406	Zierleiste	baugruppe	e6030	Autoteile & Zubehör	<	derived	0	2	Hülle<-Seed+H3
v10489	Dichtung für Frontscheibe	baugruppe	e6030	Autoteile & Zubehör	<	derived	0	2	Hülle<-Seed+H4
v10490	Dichtung für Motorhaube	baugruppe	e6030	Autoteile & Zubehör	<	derived	0	2	Hülle<-Seed+H4
v10492	Dichtung für Heckscheibe	baugruppe	e6030	Autoteile & Zubehör	<	derived	0	2	Hülle<-Seed+H4
v10497	Emblem	baugruppe	e6030	Autoteile & Zubehör	<	derived	0	2	Hülle<-Seed
v10520	Schneeketten	baugruppe	e33743	Autoreifen & Felgen	<	derived	0	2	Hülle<-Seed
v10523	Türdichtung	baugruppe	e33637	Karosserie-, Anbauteile & Zubehör	<	derived	0	2	Hülle<-Seed+H3
v10528	Wischerblatt	baugruppe	e6030	Autoteile & Zubehör	<	derived	0	2	Hülle<-Seed
v10530	Hauptscheinwerfer höhenverstellbar	baugruppe	e6030	Autoteile & Zubehör	<	derived	0	2	Hülle<-Seed+H3
v10531	Hauptscheinwerfer nicht höhenverstellbar	baugruppe	e6030	Autoteile & Zubehör	<	derived	0	2	Hülle<-Seed+H3
v10532	Hecktür (1-türig) mit Fensterausschnitt	baugruppe	e33637	Karosserie-, Anbauteile & Zubehör	<	derived	0	2	Hülle<-Seed+H3
v10533	Hecktür (1-türig) geschlossen	baugruppe	e33637	Karosserie-, Anbauteile & Zubehör	<	derived	0	2	Hülle<-Seed+H3
v10534	Hecktür (2-türig) mit Fensterausschnitt	baugruppe	e33637	Karosserie-, Anbauteile & Zubehör	<	derived	0	2	Hülle<-Seed+H3
v10535	Hecktür (2-türig) geschlossen	baugruppe	e33637	Karosserie-, Anbauteile & Zubehör	<	derived	0	2	Hülle<-Seed+H3
v10554	Heckklappe mit Fensterausschnitt	baugruppe	e33637	Karosserie-, Anbauteile & Zubehör	<	derived	0	2	Hülle<-Seed+H3
v10555	Heckklappe geschlossen	baugruppe	e33637	Karosserie-, Anbauteile & Zubehör	<	derived	0	2	Hülle<-Seed+H3
v10556	Schiebetür mit Fensterausschnitt	baugruppe	e33637	Karosserie-, Anbauteile & Zubehör	<	derived	0	2	Hülle<-Seed+H3|Hülle<-Seed+H7
v10557	Schiebetür geschlossen	baugruppe	e33637	Karosserie-, Anbauteile & Zubehör	<	derived	0	2	Hülle<-Seed+H3|Hülle<-Seed+H7
v10561	Bremsleuchte	baugruppe	e6030	Autoteile & Zubehör	<	derived	0	2	Hülle<-Seed+H3
v10562	E-Satz (Anhängerkupplung)	baugruppe	e6030	Autoteile & Zubehör	<	derived	0	2	Hülle<-Seed
v10564	Frontscheibe mit grünem Bandfilter	baugruppe	e33637	Karosserie-, Anbauteile & Zubehör	<	derived	0	2	Hülle<-Seed+H4
v10565	Frontscheibe mit blauem Bandfilter	baugruppe	e33637	Karosserie-, Anbauteile & Zubehör	<	derived	0	2	Hülle<-Seed+H4
v10566	Frontscheibe mit brozenem Bandfilter	baugruppe	e33637	Karosserie-, Anbauteile & Zubehör	<	derived	0	2	Hülle<-Seed+H4
v10567_65	Kotflügel ohne Blinker mit Antennenloch, hinten links	position	e33637	Karosserie-, Anbauteile & Zubehör	<	derived	0	2	Hülle<-Seed+H5
v10567_66	Kotflügel ohne Blinker mit Antennenloch, hinten rechts	position	e33637	Karosserie-, Anbauteile & Zubehör	<	derived	0	2	Hülle<-Seed+H5
v10568_65	Kotflügel mit Blinker ohne Antennenloch, hinten links	position	e33637	Karosserie-, Anbauteile & Zubehör	<	derived	0	2	Hülle<-Seed+H5
v10568_66	Kotflügel mit Blinker ohne Antennenloch, hinten rechts	position	e33637	Karosserie-, Anbauteile & Zubehör	<	derived	0	2	Hülle<-Seed+H5
v10569_65	Kotflügel ohne Blinker ohne Antennenloch, hinten links	position	e33637	Karosserie-, Anbauteile & Zubehör	<	derived	0	2	Hülle<-Seed+H5
v10569_66	Kotflügel ohne Blinker ohne Antennenloch, hinten rechts	position	e33637	Karosserie-, Anbauteile & Zubehör	<	derived	0	2	Hülle<-Seed+H5
v10570	Stoßstange Grundausführung für Kunststoff SW/grau mit Nebelscheinwerfer ohne Spoiler	baugruppe	e33637	Karosserie-, Anbauteile & Zubehör	<	derived	0	2	Hülle<-Seed+H3
v10571	Stoßstange Grundausführung für Kunststoff SW/grau ohne Nebelscheinwerfer mit Spoiler	baugruppe	e33637	Karosserie-, Anbauteile & Zubehör	<	derived	0	2	Hülle<-Seed+H3
v10572	Stoßstange Grundausführung für Kunststoff SW/grau ohne Nebelscheinwerfer ohne Spoiler	baugruppe	e33637	Karosserie-, Anbauteile & Zubehör	<	derived	0	2	Hülle<-Seed+H3
v10573	Stoßstange teilgrundiert mit Nebelscheinwerfer mit Spoiler	baugruppe	e33637	Karosserie-, Anbauteile & Zubehör	<	derived	0	2	Hülle<-Seed+H3
v10574	Stoßstange teilgrundiert mit Nebelscheinwerfer ohne Spoiler	baugruppe	e33637	Karosserie-, Anbauteile & Zubehör	<	derived	0	2	Hülle<-Seed+H3
v10575	Stoßstange teilgrundiert ohne Nebelscheinwerfer mit Spoiler	baugruppe	e33637	Karosserie-, Anbauteile & Zubehör	<	derived	0	2	Hülle<-Seed+H3
v10576	Stoßstange teilgrundiert ohne Nebelscheinwerfer ohne Spoiler	baugruppe	e33637	Karosserie-, Anbauteile & Zubehör	<	derived	0	2	Hülle<-Seed+H3
v10577	Stoßstange teillackiert mit Nebelscheinwerfer mit Spoiler	baugruppe	e33637	Karosserie-, Anbauteile & Zubehör	<	derived	0	2	Hülle<-Seed+H3
v10578	Stoßstange teillackiert mit Nebelscheinwerfer ohne Spoiler	baugruppe	e33637	Karosserie-, Anbauteile & Zubehör	<	derived	0	2	Hülle<-Seed+H3
v10579	Stoßstange teillackiert ohne Nebelscheinwerfer mit Spoiler	baugruppe	e33637	Karosserie-, Anbauteile & Zubehör	<	derived	0	2	Hülle<-Seed+H3
v10580	Stoßstange teillackiert ohne Nebelscheinwerfer ohne Spoiler	baugruppe	e33637	Karosserie-, Anbauteile & Zubehör	<	derived	0	2	Hülle<-Seed+H3
v10584	Außenspiegel elektrisch teilgrundiert	baugruppe	e33637	Karosserie-, Anbauteile & Zubehör	<	derived	0	2	Hülle<-Seed+H7
v10585	Außenspiegel elektrisch grundiert	baugruppe	e33637	Karosserie-, Anbauteile & Zubehör	<	derived	0	2	Hülle<-Seed+H7
v10586	Außenspiegel elektrisch Standard	baugruppe	e33637	Karosserie-, Anbauteile & Zubehör	<	derived	0	2	Hülle<-Seed+H7
v10593	Anhängerkupplung mit E-Satz nicht abnehmbar	baugruppe	e6030	Autoteile & Zubehör	<	derived	0	2	Hülle<-Seed+H3
v10594	Anhängerkupplung ohne E-Satz nicht abnehmbar	baugruppe	e6030	Autoteile & Zubehör	<	derived	0	2	Hülle<-Seed+H3
v10602	Außenspiegel mechanisch lackiert	baugruppe	e33637	Karosserie-, Anbauteile & Zubehör	<	derived	0	2	Hülle<-Seed+H7
v10603	Außenspiegel mechanisch teilgrundiert	baugruppe	e33637	Karosserie-, Anbauteile & Zubehör	<	derived	0	2	Hülle<-Seed+H7
v10604	Außenspiegel mechanisch grundiert	baugruppe	e33637	Karosserie-, Anbauteile & Zubehör	<	derived	0	2	Hülle<-Seed+H7
v10605	Außenspiegel mechanisch Standard	baugruppe	e33637	Karosserie-, Anbauteile & Zubehör	<	derived	0	2	Hülle<-Seed+H7
v10609	Außenspiegel	baugruppe	e33637	Karosserie-, Anbauteile & Zubehör	<	derived	0	2	Hülle<-Seed
v10610_65	Kotflügel, hinten links	position	e33637	Karosserie-, Anbauteile & Zubehör	<	derived	0	2	Hülle<-Seed+H5
v10610_66	Kotflügel, hinten rechts	position	e33637	Karosserie-, Anbauteile & Zubehör	<	derived	0	2	Hülle<-Seed+H5
v10611	Stoßstange	baugruppe	e33637	Karosserie-, Anbauteile & Zubehör	<	derived	0	2	Hülle<-Seed+H3
v10612	Anhängerkupplung ohne E-Satz abnehmbar	baugruppe	e6030	Autoteile & Zubehör	<	derived	0	2	Hülle<-Seed+H3
v10622	Wischergestänge	baugruppe	e6030	Autoteile & Zubehör	<	derived	0	2	Hülle<-Seed+H3
v10634	Dach geschlossen	baugruppe	e6030	Autoteile & Zubehör	<	derived	0	2	Hülle<-Seed+H4
v10644	Deckel Verdeckkasten	baugruppe	e33637	Karosserie-, Anbauteile & Zubehör	<	derived	0	2	Hülle<-Seed+H3
v10646	Streuscheibe Hauptscheinwerfer	baugruppe	e6030	Autoteile & Zubehör	<	derived	0	2	Hülle<-Seed+H3
v10647	Streuscheibe Fernscheinwerfer	baugruppe	e6030	Autoteile & Zubehör	<	derived	0	2	Hülle<-Seed+H3
v10648	Kappe Hauptscheinwerfer	baugruppe	e6030	Autoteile & Zubehör	<	derived	0	2	Hülle<-Seed+H4
v10649	Streuscheibe Nebelscheinwerfer	baugruppe	e6030	Autoteile & Zubehör	<	derived	0	2	Hülle<-Seed+H3
v10650	Scheinwerfereinsatz Fernscheinwerfer	baugruppe	e6030	Autoteile & Zubehör	<	derived	0	2	Hülle<-Seed+H3
v10651	Scheinwerfereinsatz Hauptscheinwerfer	baugruppe	e6030	Autoteile & Zubehör	<	derived	0	2	Hülle<-Seed+H3
v10652	Scheinwerfereinsatz Nebelscheinwerfer	baugruppe	e6030	Autoteile & Zubehör	<	derived	0	2	Hülle<-Seed+H3
v10653	Lichtscheibe für Blinkleuchte	baugruppe	e6030	Autoteile & Zubehör	<	derived	0	2	Hülle<-Seed+H3
v10654	Lichtscheibe für Heckleuchte	baugruppe	e6030	Autoteile & Zubehör	<	derived	0	2	Hülle<-Seed+H3
v10655	Glühlampe Blinkleuchte	baugruppe	e6030	Autoteile & Zubehör	<	derived	0	2	Hülle<-Seed+H4
v10656	Glühlampe Hauptscheinwerfer	baugruppe	e6030	Autoteile & Zubehör	<	derived	0	2	Hülle<-Seed+H4
v10657	Glühlampe Kennzeichenleuchte	baugruppe	e6030	Autoteile & Zubehör	<	derived	0	2	Hülle<-Seed+H4
v10658	Glühlampe Nebelschlußleuchte	baugruppe	e6030	Autoteile & Zubehör	<	derived	0	2	Hülle<-Seed+H4
v10659	Einstiegblech	baugruppe	e6030	Autoteile & Zubehör	<	derived	0	2	Hülle<-Seed+H4
v10660	Frontscheibenrahmen	baugruppe	e6030	Autoteile & Zubehör	<	derived	0	2	Hülle<-Seed+H4
v10661	Rückfahrleuchte	baugruppe	e6030	Autoteile & Zubehör	<	derived	0	2	Hülle<-Seed+H4
v10662	Begrenzungsleuchte	baugruppe	e6030	Autoteile & Zubehör	<	derived	0	2	Hülle<-Seed+H3
v10663	Wischgummi	baugruppe	e6030	Autoteile & Zubehör	<	derived	0	2	Hülle<-Seed+H4
v10664	Heckwand	baugruppe	e6030	Autoteile & Zubehör	<	derived	0	2	Hülle<-Seed+H4
v10665	Gehäuse Heckleuchte	baugruppe	e6030	Autoteile & Zubehör	<	derived	0	2	Hülle<-Seed+H3
v10666	Verbreiterungssatz Kotflügel	baugruppe	e33637	Karosserie-, Anbauteile & Zubehör	<	derived	0	2	Hülle<-Seed+H4
v10667	Lampenträger Blinkleuchte	baugruppe	e6030	Autoteile & Zubehör	<	derived	0	2	Hülle<-Seed+H3
v10668	Lampenträger Bremsleuchte	baugruppe	e6030	Autoteile & Zubehör	<	derived	0	2	Hülle<-Seed+H3
v10669	Lampenträger Heckleuchte	baugruppe	e6030	Autoteile & Zubehör	<	derived	0	2	Hülle<-Seed+H3
v10670	Lampenträger Schlußleuchte	baugruppe	e6030	Autoteile & Zubehör	<	derived	0	2	Hülle<-Seed+H3
v10671	Stellelement für Leuchtweiteregulierung	baugruppe	e33637	Karosserie-, Anbauteile & Zubehör	<	derived	0	2	Hülle<-Seed+H3
v10672	Stellelement für Außenspiegel	baugruppe	e33637	Karosserie-, Anbauteile & Zubehör	<	derived	0	2	Hülle<-Seed+H3
v10673	Halter Außenspiegel	baugruppe	e33637	Karosserie-, Anbauteile & Zubehör	<	derived	0	2	Hülle<-Seed+H3
v10674	Scheinwerferleiste	baugruppe	e33637	Karosserie-, Anbauteile & Zubehör	<	derived	0	2	Hülle<-Seed+H3
v10675	Seitenwand	baugruppe	e33637	Karosserie-, Anbauteile & Zubehör	<	derived	0	2	Hülle<-Seed
v10675_1	Seitenwand, links	position	e262165	Kotflügel, Seitenwände & Tankdeckel	<	derived	1	1	Hülle<-Seed
v10675_17	Seitenwand, vorne links	position	e262165	Kotflügel, Seitenwände & Tankdeckel	<	derived	1	1	Hülle<-Seed
v10675_18	Seitenwand, vorne rechts	position	e262165	Kotflügel, Seitenwände & Tankdeckel	<	derived	1	1	Hülle<-Seed
v10675_2	Seitenwand, rechts	position	e262165	Kotflügel, Seitenwände & Tankdeckel	<	derived	1	1	Hülle<-Seed
v10675_65	Seitenwand, hinten links	position	e262165	Kotflügel, Seitenwände & Tankdeckel	<	derived	1	1	Hülle<-Seed
v10675_66	Seitenwand, hinten rechts	position	e262165	Kotflügel, Seitenwände & Tankdeckel	<	derived	1	1	Hülle<-Seed
v10676	Karosserie	baugruppe	e6030	Autoteile & Zubehör	<	derived	0	2	Hülle<-Seed+H4
v10677	Umrißleuchte	baugruppe	e6030	Autoteile & Zubehör	<	derived	0	2	Hülle<-Seed+H3
v10678	Trittbrett	baugruppe	e6030	Autoteile & Zubehör	<	derived	0	2	Hülle<-Seed+H3
v10679	Umrüstsatz Scheinwerfer	baugruppe	e6030	Autoteile & Zubehör	<	derived	0	2	Hülle<-Seed+H3
v10684	Verkleidung Dachabschluss	baugruppe	e6030	Autoteile & Zubehör	<	derived	0	2	Hülle<-Seed+H4
v10685	Verkleidung Dachrahmen	baugruppe	e6030	Autoteile & Zubehör	<	derived	0	2	Hülle<-Seed+H4
v10686	Verkleidung Schweller	baugruppe	e6030	Autoteile & Zubehör	<	derived	0	2	Hülle<-Seed+H4
v10704	Dichtung für Koffer-/Laderaumklappe	baugruppe	e6030	Autoteile & Zubehör	<	derived	0	2	Hülle<-Seed+H4
v10748	Schutzleiste Schweller	baugruppe	e6030	Autoteile & Zubehör	<	derived	0	2	Hülle<-Seed+H3
v10749	Motor Heckklappe	baugruppe	e177701	Elektro- & Hybridautoteile	<	derived	0	2	Hülle<-Seed+H3
v10752	Scheinwerfereinsatz für Suchscheinwerfer	baugruppe	e6030	Autoteile & Zubehör	<	derived	0	2	Hülle<-Seed+H3
v10757	Lüftungsgitter für Stoßfänger	baugruppe	e33637	Karosserie-, Anbauteile & Zubehör	<	derived	0	2	Hülle<-Seed
v10764	Waschwasserdüse für Scheibenreinigung	baugruppe	e6030	Autoteile & Zubehör	<	derived	0	2	Hülle<-Seed+H4
v10776	Gasfeder für Motorhaube	baugruppe	e33637	Karosserie-, Anbauteile & Zubehör	<	derived	0	2	Hülle<-Seed
v10801	Zier-/Schutzleiste für Frontverkleidung	baugruppe	e6030	Autoteile & Zubehör	<	derived	0	2	Hülle<-Seed+H3
v10812	Sensor für Außentemperatur	baugruppe	e6030	Autoteile & Zubehör	<	derived	0	2	Hülle<-Seed+H3
v10816	Spoiler für Kühlergitter	baugruppe	e6030	Autoteile & Zubehör	<	derived	0	2	Hülle<-Seed+H3
v10845	Sensor für Außentemperatur	baugruppe	e6030	Autoteile & Zubehör	<	derived	0	2	Hülle<-Seed+H3
v10859	Heckleuchtensatz	baugruppe	e6030	Autoteile & Zubehör	<	derived	0	2	Hülle<-Seed+H3
v10903	Schließzylinder für Zündschloß	baugruppe	e6030	Autoteile & Zubehör	<	derived	0	2	Hülle<-Seed+H3|Hülle<-Seed+H4
v10903	Schließzylinder für Zündschloß	baugruppe	e262147	Türen, Kofferraumdeckel & Klappen	<	derived	1	1	Hülle<-Seed+H3
v10940	Fahrradträger Dach	baugruppe	e6030	Autoteile & Zubehör	<	derived	0	2	Hülle<-Seed+H3
v10941	Fahrradträger Heck	baugruppe	e6030	Autoteile & Zubehör	<	derived	0	2	Hülle<-Seed+H3
v10957	Schiebedach Glas	baugruppe	e33637	Karosserie-, Anbauteile & Zubehör	<	derived	0	2	Hülle<-Seed+H3|Hülle<-Seed+H7
v10958	Schiebedach Metall	baugruppe	e33637	Karosserie-, Anbauteile & Zubehör	<	derived	0	2	Hülle<-Seed+H3|Hülle<-Seed+H7
v11009	Clip für Stoßfänger	baugruppe	e6030	Autoteile & Zubehör	<	derived	0	2	Hülle<-Seed+H4
v11012	Dichtung für Heckscheibe	baugruppe	e6030	Autoteile & Zubehör	<	derived	0	2	Hülle<-Seed+H4
v11022	Dichtung für Seitenscheibe	baugruppe	e6030	Autoteile & Zubehör	<	derived	0	2	Hülle<-Seed+H4
v11047	Gasfeder für Heckscheibe	baugruppe	e6030	Autoteile & Zubehör	<	derived	0	2	Hülle<-Seed+H4
v11048	Gehäuse für Kennzeichenleuchte	baugruppe	e6030	Autoteile & Zubehör	<	derived	0	2	Hülle<-Seed+H3
v11052	Glühlampe für Brems-/Schlusslicht	baugruppe	e6030	Autoteile & Zubehör	<	derived	0	2	Hülle<-Seed+H3
v11053	Glühlampe für Hauptlichtschalter	baugruppe	e6030	Autoteile & Zubehör	<	derived	0	2	Hülle<-Seed+H4
v11058	Glühlampe für Nebelscheinwerfer	baugruppe	e6030	Autoteile & Zubehör	<	derived	0	2	Hülle<-Seed+H3
v11059	Glühlampe für Park-/Positionsleuchte	baugruppe	e6030	Autoteile & Zubehör	<	derived	0	2	Hülle<-Seed+H3
v11060	Glühlampe für Rückfahrleuchte	baugruppe	e6030	Autoteile & Zubehör	<	derived	0	2	Hülle<-Seed+H3
v11062	Halter für Hauptscheinwerfer	baugruppe	e6030	Autoteile & Zubehör	<	derived	0	2	Hülle<-Seed+H4
v11065	Heckklappengriff	baugruppe	e33637	Karosserie-, Anbauteile & Zubehör	<	derived	0	2	Hülle<-Seed+H3
v11070	Kofferraumleuchte	baugruppe	e6030	Autoteile & Zubehör	<	derived	0	2	Hülle<-Seed+H4
v11084	Nebelscheinwerfersatz	baugruppe	e6030	Autoteile & Zubehör	<	derived	0	2	Hülle<-Seed+H3|Hülle<-Seed+H7
v11090	Puffer für Motorhaube	baugruppe	e6030	Autoteile & Zubehör	<	derived	0	2	Hülle<-Seed+H4
v11134	Tankdeckelschloss	baugruppe	e6030	Autoteile & Zubehör	<	derived	0	2	Hülle<-Seed+H3
v11136	Türgriffbetätigung	baugruppe	e33637	Karosserie-, Anbauteile & Zubehör	<	derived	0	2	Hülle<-Seed+H3
v11137	Türscharnier	baugruppe	e33637	Karosserie-, Anbauteile & Zubehör	<	derived	0	2	Hülle<-Seed+H3
v11148	Verriegelungsknopf	baugruppe	e6030	Autoteile & Zubehör	<	derived	0	2	Hülle<-Seed+H4
v11215	Teilepaket Front	baugruppe	e33637	Karosserie-, Anbauteile & Zubehör	<	derived	0	2	Hülle<-Seed+H4
v11216	Teilepaket Heck	baugruppe	e33637	Karosserie-, Anbauteile & Zubehör	<	derived	0	2	Hülle<-Seed+H4
v11223	Zusatzbremsleuchte	baugruppe	e6030	Autoteile & Zubehör	<	derived	0	2	Hülle<-Seed+H3
v11224	Heckscheibenrahmen	baugruppe	e6030	Autoteile & Zubehör	<	derived	0	2	Hülle<-Seed+H4
v11233	Frontscheibe	baugruppe	e33637	Karosserie-, Anbauteile & Zubehör	<	derived	0	2	Hülle<-Seed+H4
v11234	Anhängerkupplung	baugruppe	e6030	Autoteile & Zubehör	<	derived	0	2	Hülle<-Seed+H3
v11242	Verdeckgriff	baugruppe	e6030	Autoteile & Zubehör	<	derived	0	2	Hülle<-Seed+H4
v11246	Tankentlüftungsventil	baugruppe	e6030	Autoteile & Zubehör	<	derived	0	2	Hülle<-Seed+H4
v11248	Unterfahrschutz	baugruppe	e6030	Autoteile & Zubehör	<	derived	0	2	Hülle<-Seed+H4
v11259	Frontschutzbügel	baugruppe	e6030	Autoteile & Zubehör	<	derived	0	2	Hülle<-Seed+H4
v11260	Getriebe Schiebedach	baugruppe	e33637	Karosserie-, Anbauteile & Zubehör	<	derived	0	2	Hülle<-Seed+H3
v11266	Ladebordwand	baugruppe	e33637	Karosserie-, Anbauteile & Zubehör	<	derived	0	2	Hülle<-Seed
v11288	Karosserieboden	baugruppe	e33637	Karosserie-, Anbauteile & Zubehör	<	derived	0	2	Hülle<-Seed+H4
v11290	Halterahmen, Scheibenreinigungsanlage	baugruppe	e6030	Autoteile & Zubehör	<	derived	0	2	Hülle<-Seed+H4
v11291	Karosserieboden Koffer-/Laderaum	baugruppe	e33637	Karosserie-, Anbauteile & Zubehör	<	derived	0	2	Hülle<-Seed+H4
v11292	Halter für Kühlergitter	baugruppe	e6030	Autoteile & Zubehör	<	derived	0	2	Hülle<-Seed+H4
v11293	Hauptscheinwerfergehäuse	baugruppe	e6030	Autoteile & Zubehör	<	derived	0	2	Hülle<-Seed+H3
v11294	Nebelscheinwerferrahmen	baugruppe	e6030	Autoteile & Zubehör	<	derived	0	2	Hülle<-Seed+H4
v11296	Reserveradwanne	baugruppe	e6030	Autoteile & Zubehör	<	derived	0	2	Hülle<-Seed+H4
v11297	Stoßfängerabdeckung für Anhängevorrichtung	baugruppe	e33637	Karosserie-, Anbauteile & Zubehör	<	derived	0	2	Hülle<-Seed+H3
v11298	Trittbrettstufe für Anhängevorrichtung	baugruppe	e6030	Autoteile & Zubehör	<	derived	0	2	Hülle<-Seed+H4
v11299	Dachsäule	baugruppe	e33637	Karosserie-, Anbauteile & Zubehör	<	derived	0	2	Hülle<-Seed+H4
v11300	Zier-/Schutzleistensatz für Stoßfänger	baugruppe	e6030	Autoteile & Zubehör	<	derived	0	2	Hülle<-Seed+H3
v11301	Nebelscheinwerferkappe	baugruppe	e6030	Autoteile & Zubehör	<	derived	0	2	Hülle<-Seed+H4
v11302	Rückstrahler	baugruppe	e6030	Autoteile & Zubehör	<	derived	0	2	Hülle<-Seed+H3
v11303	Leuchtenaufnahme	baugruppe	e6030	Autoteile & Zubehör	<	derived	0	2	Hülle<-Seed+H4
v11309	Abdeckung	baugruppe	e6030	Autoteile & Zubehör	<	derived	0	2	Hülle<-Seed+H4
v11310	Gitter	baugruppe	e6030	Autoteile & Zubehör	<	derived	0	2	Hülle<-Seed+H4
v11311	Haltersatz für Stoßfänger	baugruppe	e6030	Autoteile & Zubehör	<	derived	0	2	Hülle<-Seed+H4
v11313	Zier-/Schutzleistensatz für Kühlergitter	baugruppe	e6030	Autoteile & Zubehör	<	derived	0	2	Hülle<-Seed+H3
v11314	Reflektor für Positions-/Begrenzungsleuchte	baugruppe	e6030	Autoteile & Zubehör	<	derived	0	2	Hülle<-Seed+H3
v11315	Tagfahrleuchte	baugruppe	e6030	Autoteile & Zubehör	<	derived	0	2	Hülle<-Seed+H3
v11316	Außenspiegelblende	baugruppe	e33637	Karosserie-, Anbauteile & Zubehör	<	derived	0	2	Hülle<-Seed+H3
v11319	Kühlergittereinsatz	baugruppe	e6030	Autoteile & Zubehör	<	derived	0	2	Hülle<-Seed+H4
v11320	Tagfahrleuchtensatz	baugruppe	e6030	Autoteile & Zubehör	<	derived	0	2	Hülle<-Seed+H3
v11324	Ersatzradhalter	baugruppe	e6030	Autoteile & Zubehör	<	derived	0	2	Hülle<-Seed+H4
v11325	Persening	baugruppe	e6030	Autoteile & Zubehör	<	derived	0	2	Hülle<-Seed+H4
v11326	Abbiegelicht	baugruppe	e6030	Autoteile & Zubehör	<	derived	0	2	Hülle<-Seed+H4
v11329	Stellmotor Tankklappe	baugruppe	e177701	Elektro- & Hybridautoteile	<	derived	0	2	Hülle<-Seed+H3
v11334	Radmutternsatz	baugruppe	e33743	Autoreifen & Felgen	<	derived	0	2	Hülle<-Seed+H4
v11340	Überrollbügel	baugruppe	e6030	Autoteile & Zubehör	<	derived	0	2	Hülle<-Seed+H4
v11342	Dichtung für Heckklappe	baugruppe	e33637	Karosserie-, Anbauteile & Zubehör	<	derived	0	2	Hülle<-Seed+H3
v11344	Türblatt	baugruppe	e33637	Karosserie-, Anbauteile & Zubehör	<	derived	0	2	Hülle<-Seed+H3
v11346	Abdeckkappe Türgriff	baugruppe	e6030	Autoteile & Zubehör	<	derived	0	2	Hülle<-Seed+H4
v11348	Abdeckung Frontschürze	baugruppe	e6030	Autoteile & Zubehör	<	derived	0	2	Hülle<-Seed+H4
v11349	Abdeckung Griffmulde	baugruppe	e6030	Autoteile & Zubehör	<	derived	0	2	Hülle<-Seed+H4
v11355	Anhängebock für Anhängevorrichtung	baugruppe	e6030	Autoteile & Zubehör	<	derived	0	2	Hülle<-Seed+H4
v11356	Anschlagpuffer für Fahrerhaus	baugruppe	e6030	Autoteile & Zubehör	<	derived	0	2	Hülle<-Seed+H4
v11357	Anschlussleitung für Außenspiegel	baugruppe	e33637	Karosserie-, Anbauteile & Zubehör	<	derived	0	2	Hülle<-Seed+H3
v11360	Anschraubplatte für Anhängevorrichtung	baugruppe	e6030	Autoteile & Zubehör	<	derived	0	2	Hülle<-Seed+H4
v11361	Antennenkopf	baugruppe	e6030	Autoteile & Zubehör	<	derived	0	2	Hülle<-Seed+H3
v11366	Be-/Entlüftungsventil für Kraftstoffbehälter	baugruppe	e6030	Autoteile & Zubehör	<	derived	0	2	Hülle<-Seed+H4
v11379	Clip für Zier-/Schutzleiste	baugruppe	e6030	Autoteile & Zubehör	<	derived	0	2	Hülle<-Seed+H4
v11390	Dichtung für Blinkleuchte	baugruppe	e6030	Autoteile & Zubehör	<	derived	0	2	Hülle<-Seed+H4
v11393	Dichtung für Faltdach	baugruppe	e6030	Autoteile & Zubehör	<	derived	0	2	Hülle<-Seed+H4
v11396	Dichtung für Hauptscheinwerfer	baugruppe	e6030	Autoteile & Zubehör	<	derived	0	2	Hülle<-Seed+H4
v11399	Dichtung für Kennzeichenleuchte	baugruppe	e6030	Autoteile & Zubehör	<	derived	0	2	Hülle<-Seed+H4
v11400	Dichtung für Kotflügel	baugruppe	e6030	Autoteile & Zubehör	<	derived	0	2	Hülle<-Seed+H4
v11401	Dichtung für Kraftstoffeinfüllstutzen	baugruppe	e6030	Autoteile & Zubehör	<	derived	0	2	Hülle<-Seed+H4
v11409	Dichtung für Rahmen Hauptscheinwerfer	baugruppe	e6030	Autoteile & Zubehör	<	derived	0	2	Hülle<-Seed+H4
v11410	Dichtung für Schiebedach	baugruppe	e33637	Karosserie-, Anbauteile & Zubehör	<	derived	0	2	Hülle<-Seed+H3
v11411	Dichtung für Schlussleuchte	baugruppe	e6030	Autoteile & Zubehör	<	derived	0	2	Hülle<-Seed+H4
v11413	Dichtung für Türscheibe	baugruppe	e6030	Autoteile & Zubehör	<	derived	0	2	Hülle<-Seed+H4
v11414	Dichtung für Türsicherungsleuchte	baugruppe	e6030	Autoteile & Zubehör	<	derived	0	2	Hülle<-Seed+H4
v11425	Domstrebe	baugruppe	e6030	Autoteile & Zubehör	<	derived	0	2	Hülle<-Seed+H4
v11433	Druckschalter für Bremshydraulik	baugruppe	e6030	Autoteile & Zubehör	<	derived	0	2	Hülle<-Seed+H4
v11438	Einfüllstutzen für Kraftstoffbehälter	baugruppe	e6030	Autoteile & Zubehör	<	derived	0	2	Hülle<-Seed+H4
v11466	Führungsarm für Scheibenreinigung	baugruppe	e6030	Autoteile & Zubehör	<	derived	0	2	Hülle<-Seed+H4
v11471	Gasfeder für Reserveradhalter	baugruppe	e6030	Autoteile & Zubehör	<	derived	0	2	Hülle<-Seed+H4
v11473	Gasfeder für Verdeck	baugruppe	e6030	Autoteile & Zubehör	<	derived	0	2	Hülle<-Seed+H4
v11475	Blinkergehäuse	baugruppe	e6030	Autoteile & Zubehör	<	derived	0	2	Hülle<-Seed+H3
v11476	Rückfahrleuchtengehäuse	baugruppe	e6030	Autoteile & Zubehör	<	derived	0	2	Hülle<-Seed+H3
v11478	Rückleuchtengehäuse	baugruppe	e6030	Autoteile & Zubehör	<	derived	0	2	Hülle<-Seed+H3
v11481	Gleitbacke für Fensterheber	baugruppe	e6030	Autoteile & Zubehör	<	derived	0	2	Hülle<-Seed+H4
v11484	Glühlampe für Bremsleuchte	baugruppe	e6030	Autoteile & Zubehör	<	derived	0	2	Hülle<-Seed+H3
v11485	Glühlampe für Fernscheinwerfer	baugruppe	e6030	Autoteile & Zubehör	<	derived	0	2	Hülle<-Seed+H3
v11486	Glühlampe für Kofferraumleuchte	baugruppe	e6030	Autoteile & Zubehör	<	derived	0	2	Hülle<-Seed+H4
v11487	Glühlampe für Positions-/Begrenzungsleuchte	baugruppe	e6030	Autoteile & Zubehör	<	derived	0	2	Hülle<-Seed+H3
v11488	Glühlampe für Rückleuchte	baugruppe	e6030	Autoteile & Zubehör	<	derived	0	2	Hülle<-Seed+H3
v11489	Glühlampe für Tagfahrleuchte	baugruppe	e6030	Autoteile & Zubehör	<	derived	0	2	Hülle<-Seed+H3
v11490	Glühlampe für Zusatzbremsleuchte	baugruppe	e6030	Autoteile & Zubehör	<	derived	0	2	Hülle<-Seed+H3
v11499	Halter für Heckleuchte	baugruppe	e6030	Autoteile & Zubehör	<	derived	0	2	Hülle<-Seed+H4
v11512	Kabelsatz für Fernscheinwerfer	baugruppe	e6030	Autoteile & Zubehör	<	derived	0	2	Hülle<-Seed+H3
v11513	Kabelsatz für Hauptscheinwerfer	baugruppe	e6030	Autoteile & Zubehör	<	derived	0	2	Hülle<-Seed+H3
v11514	Kappe für Nebelscheinwerfer	baugruppe	e6030	Autoteile & Zubehör	<	derived	0	2	Hülle<-Seed+H4
v11515	Kappe für Wischarm	baugruppe	e6030	Autoteile & Zubehör	<	derived	0	2	Hülle<-Seed+H4
v11521	Koffer-/Laderaumwanne	baugruppe	e33637	Karosserie-, Anbauteile & Zubehör	<	derived	0	2	Hülle<-Seed+H4
v11528	Kondenswasserablaufschlauch für Innenraumluftfiltergehäuse	baugruppe	e6030	Autoteile & Zubehör	<	derived	0	2	Hülle<-Seed+H4
v11535	Kupplungspedal	baugruppe	e6030	Autoteile & Zubehör	<	derived	0	2	Hülle<-Seed+ADJ
v11551	Lampenfassung für Hauptscheinwerfer	baugruppe	e6030	Autoteile & Zubehör	<	derived	0	2	Hülle<-Seed+H3
v11555	Lichtscheibe für Hauptscheinwerfer	baugruppe	e6030	Autoteile & Zubehör	<	derived	0	2	Hülle<-Seed+H3
v11556	Lichtscheibe für Kennzeichenleuchte	baugruppe	e6030	Autoteile & Zubehör	<	derived	0	2	Hülle<-Seed+H3
v11557	Lichtscheibe für Positionsleuchte	baugruppe	e6030	Autoteile & Zubehör	<	derived	0	2	Hülle<-Seed+H3
v11558	Lichtscheibe für Rückfahrleuchte	baugruppe	e6030	Autoteile & Zubehör	<	derived	0	2	Hülle<-Seed+H3
v11559	Lichtscheibe für Schlussleuchte	baugruppe	e6030	Autoteile & Zubehör	<	derived	0	2	Hülle<-Seed+H3
v11560	Lichtscheibe für Seitenmarkierungsleuchte	baugruppe	e6030	Autoteile & Zubehör	<	derived	0	2	Hülle<-Seed+H3
v11576	Montagesatz für Kotflügel	baugruppe	e6030	Autoteile & Zubehör	<	derived	0	2	Hülle<-Seed+H4
v11581	Montagesatz für Stoßfänger	baugruppe	e6030	Autoteile & Zubehör	<	derived	0	2	Hülle<-Seed+H4
v11603	Rahmen für Hauptscheinwerfer	baugruppe	e6030	Autoteile & Zubehör	<	derived	0	2	Hülle<-Seed+H4
v11604	Rahmen für Nebelscheinwerfer	baugruppe	e6030	Autoteile & Zubehör	<	derived	0	2	Hülle<-Seed+H4
v11605	Reflektor für Blinkleuchte	baugruppe	e6030	Autoteile & Zubehör	<	derived	0	2	Hülle<-Seed+H3
v11632	Rollenführung für Schiebetür	baugruppe	e33637	Karosserie-, Anbauteile & Zubehör	<	derived	0	2	Hülle<-Seed+H3
v11635	Schalter für Allradantrieb	baugruppe	e6030	Autoteile & Zubehör	<	derived	0	2	Hülle<-Seed+H3
v11636	Schalter für Bremsbetätigung	baugruppe	e6030	Autoteile & Zubehör	<	derived	0	2	Hülle<-Seed+H3
v11637	Schalter für Fahrstufe	baugruppe	e6030	Autoteile & Zubehör	<	derived	0	2	Hülle<-Seed+H3
v11638	Schalter für Handbremskontrollleuchte	baugruppe	e6030	Autoteile & Zubehör	<	derived	0	2	Hülle<-Seed+H3
v11639	Schalter für Hupe	baugruppe	e6030	Autoteile & Zubehör	<	derived	0	2	Hülle<-Seed+H3
v11640	Schalter für Kupplungsbetätigung	baugruppe	e6030	Autoteile & Zubehör	<	derived	0	2	Hülle<-Seed+H3
v11641	Schalter für Scheibenwischerintervall	baugruppe	e6030	Autoteile & Zubehör	<	derived	0	2	Hülle<-Seed+H3
v11642	Schalter für Türverriegelung	baugruppe	e6030	Autoteile & Zubehör	<	derived	0	2	Hülle<-Seed+H3
v11644	Tankklappenscharnier	baugruppe	e6030	Autoteile & Zubehör	<	derived	0	2	Hülle<-Seed+H3
v11646	Scheinwerferaufnahme für Beleuchtung	baugruppe	e6030	Autoteile & Zubehör	<	derived	0	2	Hülle<-Seed+H4
v11650	Schlosssatz für Schließanlage	baugruppe	e6030	Autoteile & Zubehör	<	derived	0	2	Hülle<-Seed+H4
v11658	Schwellerverkleidung	baugruppe	e6030	Autoteile & Zubehör	<	derived	0	2	Hülle<-Seed+H3
v11662	Seitenmarkierungsleuchte	baugruppe	e6030	Autoteile & Zubehör	<	derived	0	2	Hülle<-Seed+H3
v11682	Spritzwand	baugruppe	e33637	Karosserie-, Anbauteile & Zubehör	<	derived	0	2	Hülle<-Seed+H4
v11684	Spurverbreiterung	baugruppe	e6030	Autoteile & Zubehör	<	derived	0	2	Hülle<-Seed+H4
v11697	Stoßstangenabdeckung für Anhängevorrichtung	baugruppe	e33637	Karosserie-, Anbauteile & Zubehör	<	derived	0	2	Hülle<-Seed+H3
v11698	Stoßstangenhalter für Anhängevorrichtung	baugruppe	e33637	Karosserie-, Anbauteile & Zubehör	<	derived	0	2	Hülle<-Seed+H3
v11700	Stütze Kühlergitter	baugruppe	e6030	Autoteile & Zubehör	<	derived	0	2	Hülle<-Seed+H4
v11710	Türgriffrahmen	baugruppe	e33637	Karosserie-, Anbauteile & Zubehör	<	derived	0	2	Hülle<-Seed+H3
v11712	Umrüstsatz Stoßfänger	baugruppe	e6030	Autoteile & Zubehör	<	derived	0	2	Hülle<-Seed+H4
v11725	Verbindungsrohr für Heizungskanal	baugruppe	e6030	Autoteile & Zubehör	<	derived	0	2	Hülle<-Seed+H4
v11734	Vorschaltgerät für Gasentladungslampe	baugruppe	e6030	Autoteile & Zubehör	<	derived	0	2	Hülle<-Seed+H3
v11738	Warmluftkanal	baugruppe	e6030	Autoteile & Zubehör	<	derived	0	2	Hülle<-Seed+H4
v11742	Wischerlager	baugruppe	e6030	Autoteile & Zubehör	<	derived	0	2	Hülle<-Seed+H4
v11747	Zier-/Schutzleiste für Türscheibe	baugruppe	e6030	Autoteile & Zubehör	<	derived	0	2	Hülle<-Seed+H3
v11755	Pritschenaufbau komplett	baugruppe	e33637	Karosserie-, Anbauteile & Zubehör	<	derived	0	2	Hülle<-Seed
v11761	Schloss Hecktür	baugruppe	e33637	Karosserie-, Anbauteile & Zubehör	<	derived	0	2	Hülle<-Seed+H3
v11766	Scharniersäule	baugruppe	e33637	Karosserie-, Anbauteile & Zubehör	<	derived	0	2	Hülle<-Seed+H4
v11770	Glühlampe Xenon	baugruppe	e6030	Autoteile & Zubehör	<	derived	0	2	Hülle<-Seed+H3
v11780	Motor Schiebetür	baugruppe	e177701	Elektro- & Hybridautoteile	<	derived	0	2	Hülle<-Seed+H3
v11783	Reserveradhalter	baugruppe	e6030	Autoteile & Zubehör	<	derived	0	2	Hülle<-Seed+H4
v11790	Antennenverstärker	baugruppe	e6030	Autoteile & Zubehör	<	derived	0	2	Hülle<-Seed+H3
v11791	Spritzdüse für Scheinwerferreinigungsanlage	baugruppe	e6030	Autoteile & Zubehör	<	derived	0	2	Hülle<-Seed+H4
v11794	Aktor Fussgängerschutz	baugruppe	e6030	Autoteile & Zubehör	<	derived	0	2	Hülle<-Seed+H4
v11805	Elektro-Seilwinde	baugruppe	e6030	Autoteile & Zubehör	<	derived	0	2	Hülle<-Seed+H4
v11809	Heckleiter	baugruppe	e33637	Karosserie-, Anbauteile & Zubehör	<	derived	0	2	Hülle<-Seed+H4
v11811	Hydro-Seilwinde komplett	baugruppe	e6030	Autoteile & Zubehör	<	derived	0	2	Hülle<-Seed+H4
v11813	Konsole Seilwinde	baugruppe	e33637	Karosserie-, Anbauteile & Zubehör	<	derived	0	2	Hülle<-Seed+H4
v11817	Lufthutze Deckel	baugruppe	e33637	Karosserie-, Anbauteile & Zubehör	<	derived	0	2	Hülle<-Seed+H4
v11823	Schließzylinder Alarmanlage	baugruppe	e33637	Karosserie-, Anbauteile & Zubehör	<	derived	0	2	Hülle<-Seed+H3|Hülle<-Seed+H7
v11834	Türschlüssel	baugruppe	e33637	Karosserie-, Anbauteile & Zubehör	<	derived	0	2	Hülle<-Seed+H3
v11840	Zündgerät Scheinwerfer	baugruppe	e6030	Autoteile & Zubehör	<	derived	0	2	Hülle<-Seed+H3
v11842	Hubzylinder für Scheinwerferreinigungsanlage	baugruppe	e6030	Autoteile & Zubehör	<	derived	0	2	Hülle<-Seed+H4
v11847	Rückleuchte in Stoßstange	baugruppe	e6030	Autoteile & Zubehör	<	derived	0	2	Hülle<-Seed+H3
v11848	Trennwand	baugruppe	e33694	Innenausstattung	<	derived	0	2	Hülle<-Seed
v11865	Antrieb Kofferraumabdeckung	baugruppe	e6030	Autoteile & Zubehör	<	derived	0	2	Hülle<-Seed
v11877	Elektrisches Heckklappenset	baugruppe	e33637	Karosserie-, Anbauteile & Zubehör	<	derived	0	2	Hülle<-Seed
v11878	Radarsensor	baugruppe	e262064	Fahrerassistenzsysteme	<	derived	0	2	Hülle<-Seed+ADJ
v11880	Panoramadach	baugruppe	e33637	Karosserie-, Anbauteile & Zubehör	<	derived	0	2	Hülle<-Seed+H3
v11882	Einstiegleistenset	baugruppe	e6030	Autoteile & Zubehör	<	derived	0	2	Hülle<-Seed+H7|Hülle<-Seed+H3
v11883	Einstiegleiste	baugruppe	e6030	Autoteile & Zubehör	<	derived	0	2	Hülle<-Seed+H3
v11891	Aktuator Motorhaube	baugruppe	e33637	Karosserie-, Anbauteile & Zubehör	<	derived	0	2	Hülle<-Seed+H4
v11895	Tür-Zuzieh-Hilfe	baugruppe	e33637	Karosserie-, Anbauteile & Zubehör	<	derived	0	2	Hülle<-Seed+H4
v11897	Heckklappenscharnier	baugruppe	e33637	Karosserie-, Anbauteile & Zubehör	<	derived	0	2	Hülle<-Seed+H3
v11901	Blinker Dach	baugruppe	e6030	Autoteile & Zubehör	<	derived	0	2	Hülle<-Seed+H3|Hülle<-Seed+H7
v11936	HV-Ladeanschluss	baugruppe	e6030	Autoteile & Zubehör	<	derived	0	2	Hülle<-Seed+H3
v11944	Hardtop Ladefläche	baugruppe	e33637	Karosserie-, Anbauteile & Zubehör	<	derived	0	2	Hülle<-Seed
v11945	Doppelrohrbügel	baugruppe	e33637	Karosserie-, Anbauteile & Zubehör	<	derived	0	2	Hülle<-Seed+H4
v11947	Schwellerrohre	baugruppe	e33637	Karosserie-, Anbauteile & Zubehör	<	derived	0	2	Hülle<-Seed+H4
v11958	Teilepaket Karosserie	baugruppe	e33637	Karosserie-, Anbauteile & Zubehör	<	derived	0	2	Hülle<-Seed+H4
v12056	Markise	baugruppe	e6030	Autoteile & Zubehör	<	derived	0	2	Hülle<-Seed+H4
v12059	Blende Seitenblinker	baugruppe	e6030	Autoteile & Zubehör	<	derived	0	2	Hülle<-Seed+H4
v12060	Rahmenspitze	baugruppe	e6030	Autoteile & Zubehör	<	derived	0	2	Hülle<-Seed+H4
v12061	Kotflügelträger	baugruppe	e6030	Autoteile & Zubehör	<	derived	0	2	Hülle<-Seed+H4
v12065	Verdeckbezug	baugruppe	e33637	Karosserie-, Anbauteile & Zubehör	<	derived	0	2	Hülle<-Seed+H3
v12066	Verdeckschloss	baugruppe	e33637	Karosserie-, Anbauteile & Zubehör	<	derived	0	2	Hülle<-Seed+H3
v12068	Halter	baugruppe	e6030	Autoteile & Zubehör	<	derived	0	2	Hülle<-Seed+H4
v12070	Heckklappenleiste	baugruppe	e6030	Autoteile & Zubehör	<	derived	0	2	Hülle<-Seed+H4
v12071	Motor Heckspoiler	baugruppe	e6030	Autoteile & Zubehör	<	derived	0	2	Hülle<-Seed+H4
v12073	Heckscheibenöffner	baugruppe	e6030	Autoteile & Zubehör	<	derived	0	2	Hülle<-Seed+H4
v12074	Blende Heckleuchte	baugruppe	e6030	Autoteile & Zubehör	<	derived	0	2	Hülle<-Seed+H4
v12075	Beplankung	baugruppe	e6030	Autoteile & Zubehör	<	derived	0	2	Hülle<-Seed+H4
v12076	Abdeckung Schiebetürschienen	baugruppe	e6030	Autoteile & Zubehör	<	derived	0	2	Hülle<-Seed+H4
v12077	Motor Ausstellfenster	baugruppe	e6030	Autoteile & Zubehör	<	derived	0	2	Hülle<-Seed+H4
v12078	Motor Drallklappen	baugruppe	e6030	Autoteile & Zubehör	<	derived	0	2	Hülle<-Seed+H4
v12095	Abgasrohr Heizgerät	baugruppe	e6030	Autoteile & Zubehör	<	derived	0	2	Hülle<-Seed+H4
v10006	Antenne Dach	baugruppe	e131090	Auto & Motorrad: Teile	<	derived	0	3	Hülle<-Seed+H3
v10007	Aufprallträger	baugruppe	e6030	Autoteile & Zubehör	<	derived	0	3	Hülle<-Seed+H3
v10014	Behälter Heckwischer	baugruppe	e131090	Auto & Motorrad: Teile	<	derived	0	3	Hülle<-Seed
v10023	Dämpfer Hecktür	baugruppe	e6030	Autoteile & Zubehör	<	derived	0	3	Hülle<-Seed+H3
v10037	Fanghaken Klappe	baugruppe	e131090	Auto & Motorrad: Teile	<	derived	0	3	Hülle<-Seed+H4
v10065	Kennzeichenverstärkung	baugruppe	e131090	Auto & Motorrad: Teile	<	derived	0	3	Hülle<-Seed+ADJ
v10066	Klappenscharnier	baugruppe	e6030	Autoteile & Zubehör	<	derived	0	3	Hülle<-Seed+H3
v10067	Klappenschlosszug	baugruppe	e6030	Autoteile & Zubehör	<	derived	0	3	Hülle<-Seed+H3
v10068	Klappenstützen	baugruppe	e131090	Auto & Motorrad: Teile	<	derived	0	3	Hülle<-Seed+H4
v10088	Kugelkopf Anhängerkupplung	baugruppe	e131090	Auto & Motorrad: Teile	<	derived	0	3	Hülle<-Seed
v10109	Motorhaubenscharnier	baugruppe	e6030	Autoteile & Zubehör	<	derived	0	3	Hülle<-Seed+H3
v10110	Motorhaubenzug	baugruppe	e6030	Autoteile & Zubehör	<	derived	0	3	Hülle<-Seed+H3
v10124	Pralldämpfer	baugruppe	e6030	Autoteile & Zubehör	<	derived	0	3	Hülle<-Seed+H3
v10125	Querträger	baugruppe	e131090	Auto & Motorrad: Teile	<	derived	0	3	Hülle<-Seed+H4
v10131	Scheibenwaschdüse	baugruppe	e131090	Auto & Motorrad: Teile	<	derived	0	3	Hülle<-Seed+H4
v10132	Scheinwerfertragrahmen	baugruppe	e131090	Auto & Motorrad: Teile	<	derived	0	3	Hülle<-Seed+H4
v10133	Schiebedach	baugruppe	e6030	Autoteile & Zubehör	<	derived	0	3	Hülle<-Seed+H3
v10134	Schiebedachdeckel	baugruppe	e6030	Autoteile & Zubehör	<	derived	0	3	Hülle<-Seed+H3
v10135	Schließbolzen	baugruppe	e6030	Autoteile & Zubehör	<	derived	0	3	Hülle<-Seed+H3
v10136	Schließplatte	baugruppe	e6030	Autoteile & Zubehör	<	derived	0	3	Hülle<-Seed+H3
v10137	Schließzylinder	baugruppe	e6030	Autoteile & Zubehör	<	derived	0	3	Hülle<-Seed+H3
v10138	Schließzylinder Heckdeckel	baugruppe	e6030	Autoteile & Zubehör	<	derived	0	3	Hülle<-Seed+H3
v10139	Schließzylinder Hecktür	baugruppe	e6030	Autoteile & Zubehör	<	derived	0	3	Hülle<-Seed+H3
v10140	Schließzylinder Satz	baugruppe	e6030	Autoteile & Zubehör	<	derived	0	3	Hülle<-Seed+H3|Hülle<-Seed+H7
v10141	Schließzylinder Schiebetür	baugruppe	e6030	Autoteile & Zubehör	<	derived	0	3	Hülle<-Seed+H3
v10142	Schloss Heckdeckel	baugruppe	e6030	Autoteile & Zubehör	<	derived	0	3	Hülle<-Seed+H3
v10143	Schloss Hecktür	baugruppe	e6030	Autoteile & Zubehör	<	derived	0	3	Hülle<-Seed+H3
v10144	Schloss Motorhaube	baugruppe	e6030	Autoteile & Zubehör	<	derived	0	3	Hülle<-Seed+H3
v10145	Schlosszapfen	baugruppe	e131090	Auto & Motorrad: Teile	<	derived	0	3	Hülle<-Seed+H4
v10151	Spiegelglas	baugruppe	e6030	Autoteile & Zubehör	<	derived	0	3	Hülle<-Seed
v10152	Stellelement für Zentralverriegelung	baugruppe	e131090	Auto & Motorrad: Teile	<	derived	0	3	Hülle<-Seed+H4
v10154	Stütze Heckwischer	baugruppe	e131090	Auto & Motorrad: Teile	<	derived	0	3	Hülle<-Seed+H4
v10161	Tankklappe	baugruppe	e6030	Autoteile & Zubehör	<	derived	0	3	Hülle<-Seed+H3
v10162	Tankklappenzug	baugruppe	e6030	Autoteile & Zubehör	<	derived	0	3	Hülle<-Seed+H3
v10163	Tankverschluss	baugruppe	e131090	Auto & Motorrad: Teile	<	derived	0	3	Hülle<-Seed+H3
v10167	Türbremse	baugruppe	e6030	Autoteile & Zubehör	<	derived	0	3	Hülle<-Seed+H3
v10168	Türfeststeller	baugruppe	e6030	Autoteile & Zubehör	<	derived	0	3	Hülle<-Seed+H3
v10169	Türschloss	baugruppe	e6030	Autoteile & Zubehör	<	derived	0	3	Hülle<-Seed+H3
v10179	Vorderwand	baugruppe	e6030	Autoteile & Zubehör	<	derived	0	3	Hülle<-Seed+H4
v10181	Wischerarm	baugruppe	e131090	Auto & Motorrad: Teile	<	derived	0	3	Hülle<-Seed
v10182	Wischergetriebe	baugruppe	e131090	Auto & Motorrad: Teile	<	derived	0	3	Hülle<-Seed+H4
v10191	Antenne elektrisch	baugruppe	e131090	Auto & Motorrad: Teile	<	derived	0	3	Hülle<-Seed+H3
v10192	Blinker	baugruppe	e131090	Auto & Motorrad: Teile	<	derived	0	3	Hülle<-Seed+H3
v10193	Blinker Außenspiegel	baugruppe	e131090	Auto & Motorrad: Teile	<	derived	0	3	Hülle<-Seed+H3|Hülle<-Seed+H7
v10194	Blinker Kotflügel	baugruppe	e131090	Auto & Motorrad: Teile	<	derived	0	3	Hülle<-Seed+H3
v10205	Fensterheber	baugruppe	e131090	Auto & Motorrad: Teile	<	derived	0	3	Hülle<-Seed+H3
v10206	Hauptfernscheinwerfer	baugruppe	e131090	Auto & Motorrad: Teile	<	derived	0	3	Hülle<-Seed+H3
v10207	Fernscheinwerfer	baugruppe	e131090	Auto & Motorrad: Teile	<	derived	0	3	Hülle<-Seed+H3
v10210	Hauptscheinwerfer	baugruppe	e131090	Auto & Motorrad: Teile	<	derived	0	3	Hülle<-Seed+H3
v10220	Kabel Tür	baugruppe	e131090	Auto & Motorrad: Teile	<	derived	0	3	Hülle<-Seed+H3
v10223	Kennzeichenleuchte	baugruppe	e131090	Auto & Motorrad: Teile	<	derived	0	3	Hülle<-Seed+H3
v10233	Motor Fensterheber	baugruppe	e131090	Auto & Motorrad: Teile	<	derived	0	3	Hülle<-Seed+H3
v10234	Motor Klappscheinwerfer	baugruppe	e6030	Autoteile & Zubehör	<	derived	0	3	Hülle<-Seed+H3
v10236	Motor Leuchtweitenregulierung	baugruppe	e6030	Autoteile & Zubehör	<	derived	0	3	Hülle<-Seed+H3
v10237	Motor Schiebedach	baugruppe	e6030	Autoteile & Zubehör	<	derived	0	3	Hülle<-Seed+H3
v10238	Motor Verdeck	baugruppe	e6030	Autoteile & Zubehör	<	derived	0	3	Hülle<-Seed+H3
v10240	Nebelscheinwerfer	baugruppe	e131090	Auto & Motorrad: Teile	<	derived	0	3	Hülle<-Seed+H3
v10241	Nebelschlussleuchte	baugruppe	e131090	Auto & Motorrad: Teile	<	derived	0	3	Hülle<-Seed+H3
v10247	Parkleuchte	baugruppe	e131090	Auto & Motorrad: Teile	<	derived	0	3	Hülle<-Seed+H4
v10260	Rückleuchte	baugruppe	e131090	Auto & Motorrad: Teile	<	derived	0	3	Hülle<-Seed+H3
v10261	Rückleuchte Leiterplatte	baugruppe	e131090	Auto & Motorrad: Teile	<	derived	0	3	Hülle<-Seed+H3
v10262	Rückleuchtenband	baugruppe	e131090	Auto & Motorrad: Teile	<	derived	0	3	Hülle<-Seed+H3
v10278	Scheinwerferglas	baugruppe	e131090	Auto & Motorrad: Teile	<	derived	0	3	Hülle<-Seed+H3
v10281	Stand-/Blinkleuchte	baugruppe	e131090	Auto & Motorrad: Teile	<	derived	0	3	Hülle<-Seed+H3
v10283	Standleuchte	baugruppe	e131090	Auto & Motorrad: Teile	<	derived	0	3	Hülle<-Seed+H3
v10294	Temperaturfühler	baugruppe	e131090	Auto & Motorrad: Teile	<	derived	0	3	Hülle<-Seed+H4
v10303	Wischermotor	baugruppe	e131090	Auto & Motorrad: Teile	<	derived	0	3	Hülle<-Seed+H3
v10305	Zentralverriegelung	baugruppe	e131090	Auto & Motorrad: Teile	<	derived	0	3	Hülle<-Seed+H4
v10337	Abschlussblech	baugruppe	e6030	Autoteile & Zubehör	<	derived	0	3	Hülle<-Seed+H4
v10338	Auspuffblende	baugruppe	e131090	Auto & Motorrad: Teile	<	derived	0	3	Hülle<-Seed+H4
v10339	Ausstellscheibe	baugruppe	e6030	Autoteile & Zubehör	<	derived	0	3	Hülle<-Seed+H4
v10340	Dach Cabrio	baugruppe	e6030	Autoteile & Zubehör	<	derived	0	3	Hülle<-Seed+H3
v10341	Dach mit Sonnendachausschnitt	baugruppe	e6030	Autoteile & Zubehör	<	derived	0	3	Hülle<-Seed+H3
v10342	Dach Targa	baugruppe	e6030	Autoteile & Zubehör	<	derived	0	3	Hülle<-Seed+H3
v10343	Dreieckscheibe	baugruppe	e6030	Autoteile & Zubehör	<	derived	0	3	Hülle<-Seed+H4
v10344	Faltdach	baugruppe	e6030	Autoteile & Zubehör	<	derived	0	3	Hülle<-Seed+H3
v10345	Frontblech	baugruppe	e6030	Autoteile & Zubehör	<	derived	0	3	Hülle<-Seed+H4
v10346	Frontscheibe ohne Bandfilter	baugruppe	e6030	Autoteile & Zubehör	<	derived	0	3	Hülle<-Seed+H4
v10347	Heckklappe / Heckdeckel	baugruppe	e6030	Autoteile & Zubehör	<	derived	0	3	Hülle<-Seed+H3
v10348	Heckscheibe	baugruppe	e6030	Autoteile & Zubehör	<	derived	0	3	Hülle<-Seed+H4
v10349	Hecktür	baugruppe	e6030	Autoteile & Zubehör	<	derived	0	3	Hülle<-Seed+H3
v10350_65	Kotflügel mit Blinker mit Antennenloch, hinten links	position	e6030	Autoteile & Zubehör	<	derived	0	3	Hülle<-Seed+H5
v10350_66	Kotflügel mit Blinker mit Antennenloch, hinten rechts	position	e6030	Autoteile & Zubehör	<	derived	0	3	Hülle<-Seed+H5
v10351	Motorhaube	baugruppe	e6030	Autoteile & Zubehör	<	derived	0	3	Hülle<-Seed
v10352	Schiebetür	baugruppe	e6030	Autoteile & Zubehör	<	derived	0	3	Hülle<-Seed+H3
v10353	Seitenscheibe	baugruppe	e6030	Autoteile & Zubehör	<	derived	0	3	Hülle<-Seed+H4
v10354	Seitenscheibe Schiebetür	baugruppe	e6030	Autoteile & Zubehör	<	derived	0	3	Hülle<-Seed+H4
v10355	Tür	baugruppe	e6030	Autoteile & Zubehör	<	derived	0	3	Hülle<-Seed+H3
v10356	Türscheibe	baugruppe	e6030	Autoteile & Zubehör	<	derived	0	3	Hülle<-Seed+ADJ
v10357	Vorbau ohne Stirnwand	baugruppe	e6030	Autoteile & Zubehör	<	derived	0	3	Hülle<-Seed+H4
v10358	Abdeckung Abschlepphaken	baugruppe	e131090	Auto & Motorrad: Teile	<	derived	0	3	Hülle<-Seed+H4
v10359	Abdeckung Außenspiegel	baugruppe	e6030	Autoteile & Zubehör	<	derived	0	3	Hülle<-Seed+H3
v10360	Abschleppöse	baugruppe	e131090	Auto & Motorrad: Teile	<	derived	0	3	Hülle<-Seed+H4
v10361	Anhängerkupplung mit E-Satz abnehmbar	baugruppe	e131090	Auto & Motorrad: Teile	<	derived	0	3	Hülle<-Seed+H3
v10362	Außenspiegel elektrisch lackiert	baugruppe	e6030	Autoteile & Zubehör	<	derived	0	3	Hülle<-Seed+H7
v10363	Außenspiegelgehäuse	baugruppe	e6030	Autoteile & Zubehör	<	derived	0	3	Hülle<-Seed+H3
v10364	Außenspiegelglas	baugruppe	e6030	Autoteile & Zubehör	<	derived	0	3	Hülle<-Seed+H3
v10365	Blende Kotflügel	baugruppe	e6030	Autoteile & Zubehör	<	derived	0	3	Hülle<-Seed+H4
v10366	Blende Kühlergrill	baugruppe	e6030	Autoteile & Zubehör	<	derived	0	3	Hülle<-Seed+H4
v10367	Blende Nebelscheinwerfer	baugruppe	e6030	Autoteile & Zubehör	<	derived	0	3	Hülle<-Seed+H4
v10368	Blende Scheinwerfer	baugruppe	e6030	Autoteile & Zubehör	<	derived	0	3	Hülle<-Seed+H4
v10369	Blende Stoßstange	baugruppe	e6030	Autoteile & Zubehör	<	derived	0	3	Hülle<-Seed+H4
v10370	Dachreling	baugruppe	e131090	Auto & Motorrad: Teile	<	derived	0	3	Hülle<-Seed+H4
v10371	Dachzierleiste	baugruppe	e131090	Auto & Motorrad: Teile	<	derived	0	3	Hülle<-Seed+H3
v10372	Frontschürze	baugruppe	e6030	Autoteile & Zubehör	<	derived	0	3	Hülle<-Seed+H4
v10373	Frontverkleidung	baugruppe	e6030	Autoteile & Zubehör	<	derived	0	3	Hülle<-Seed+H4
v10374	Gepäckträger	baugruppe	e131090	Auto & Motorrad: Teile	<	derived	0	3	Hülle<-Seed+H4
v10375	Grill Windlauf	baugruppe	e131090	Auto & Motorrad: Teile	<	derived	0	3	Hülle<-Seed+H4
v10376	Heckblende	baugruppe	e6030	Autoteile & Zubehör	<	derived	0	3	Hülle<-Seed+H4
v10377	Heckklappendämpfer	baugruppe	e6030	Autoteile & Zubehör	<	derived	0	3	Hülle<-Seed+H3
v10378	Kotflügelverbreiterung	baugruppe	e6030	Autoteile & Zubehör	<	derived	0	3	Hülle<-Seed+H4
v10379	Kühlergrill	baugruppe	e131090	Auto & Motorrad: Teile	<	derived	0	3	Hülle<-Seed+H3
v10380	Kühlergrillrahmen	baugruppe	e131090	Auto & Motorrad: Teile	<	derived	0	3	Hülle<-Seed+H3
v10381	Radabdeckung	baugruppe	e6030	Autoteile & Zubehör	<	derived	0	3	Hülle<-Seed
v10382	Schürze	baugruppe	e6030	Autoteile & Zubehör	<	derived	0	3	Hülle<-Seed+H4
v10383	Schutzleiste Kotflügel	baugruppe	e131090	Auto & Motorrad: Teile	<	derived	0	3	Hülle<-Seed+H3
v10384	Schutzleiste Seitenwand	baugruppe	e131090	Auto & Motorrad: Teile	<	derived	0	3	Hülle<-Seed+H3
v10385	Schutzleiste Tür	baugruppe	e131090	Auto & Motorrad: Teile	<	derived	0	3	Hülle<-Seed+H3
v10386	Schwellerleisten	baugruppe	e131090	Auto & Motorrad: Teile	<	derived	0	3	Hülle<-Seed+H3
v10387	Sonnendach	baugruppe	e6030	Autoteile & Zubehör	<	derived	0	3	Hülle<-Seed+H3|Hülle<-Seed+H7
v10388	Spoiler	baugruppe	e131090	Auto & Motorrad: Teile	<	derived	0	3	Hülle<-Seed+H3
v10389	Steinschlagschutz	baugruppe	e131090	Auto & Motorrad: Teile	<	derived	0	3	Hülle<-Seed+H3
v10390	Steinschlagschutz Stoßstange	baugruppe	e131090	Auto & Motorrad: Teile	<	derived	0	3	Hülle<-Seed+H3
v10391	Stoßstange Grundausführung für Kunststoff SW/Grau mit Nebelscheinwerfer mit Spoiler	baugruppe	e6030	Autoteile & Zubehör	<	derived	0	3	Hülle<-Seed+H3
v10392	Stoßstangenabdeckung	baugruppe	e6030	Autoteile & Zubehör	<	derived	0	3	Hülle<-Seed+H3
v10393	Stoßstangenbefestigung	baugruppe	e6030	Autoteile & Zubehör	<	derived	0	3	Hülle<-Seed+H3
v10394	Stoßstangenecke	baugruppe	e6030	Autoteile & Zubehör	<	derived	0	3	Hülle<-Seed+H3
v10395	Stoßstangenhalter	baugruppe	e6030	Autoteile & Zubehör	<	derived	0	3	Hülle<-Seed+H3
v10396	Stoßstangenträger	baugruppe	e131090	Auto & Motorrad: Teile	<	derived	0	3	Hülle<-Seed
v10397	Türgriff	baugruppe	e6030	Autoteile & Zubehör	<	derived	0	3	Hülle<-Seed
v10398	Türgummi	baugruppe	e6030	Autoteile & Zubehör	<	derived	0	3	Hülle<-Seed+H3
v10399	Türrahmen	baugruppe	e6030	Autoteile & Zubehör	<	derived	0	3	Hülle<-Seed+H3
v10400	Verkleidung Innenkotflügel	baugruppe	e6030	Autoteile & Zubehör	<	derived	0	3	Hülle<-Seed+H4
v10401	Verkleidung Scheinwerfer	baugruppe	e6030	Autoteile & Zubehör	<	derived	0	3	Hülle<-Seed+H4
v10402	Windabweiser Dach	baugruppe	e6030	Autoteile & Zubehör	<	derived	0	3	Hülle<-Seed+H3
v10403	Windabweiser Fenster	baugruppe	e6030	Autoteile & Zubehör	<	derived	0	3	Hülle<-Seed+H3
v10404	Windlauf	baugruppe	e6030	Autoteile & Zubehör	<	derived	0	3	Hülle<-Seed+H3
v10405	Ziergitter	baugruppe	e131090	Auto & Motorrad: Teile	<	derived	0	3	Hülle<-Seed+H3
v10406	Zierleiste	baugruppe	e131090	Auto & Motorrad: Teile	<	derived	0	3	Hülle<-Seed+H3
v10489	Dichtung für Frontscheibe	baugruppe	e131090	Auto & Motorrad: Teile	<	derived	0	3	Hülle<-Seed+H4
v10490	Dichtung für Motorhaube	baugruppe	e131090	Auto & Motorrad: Teile	<	derived	0	3	Hülle<-Seed+H4
v10492	Dichtung für Heckscheibe	baugruppe	e131090	Auto & Motorrad: Teile	<	derived	0	3	Hülle<-Seed+H4
v10497	Emblem	baugruppe	e131090	Auto & Motorrad: Teile	<	derived	0	3	Hülle<-Seed
v10520	Schneeketten	baugruppe	e6030	Autoteile & Zubehör	<	derived	0	3	Hülle<-Seed
v10523	Türdichtung	baugruppe	e6030	Autoteile & Zubehör	<	derived	0	3	Hülle<-Seed+H3
v10528	Wischerblatt	baugruppe	e131090	Auto & Motorrad: Teile	<	derived	0	3	Hülle<-Seed
v10530	Hauptscheinwerfer höhenverstellbar	baugruppe	e131090	Auto & Motorrad: Teile	<	derived	0	3	Hülle<-Seed+H3
v10531	Hauptscheinwerfer nicht höhenverstellbar	baugruppe	e131090	Auto & Motorrad: Teile	<	derived	0	3	Hülle<-Seed+H3
v10532	Hecktür (1-türig) mit Fensterausschnitt	baugruppe	e6030	Autoteile & Zubehör	<	derived	0	3	Hülle<-Seed+H3
v10533	Hecktür (1-türig) geschlossen	baugruppe	e6030	Autoteile & Zubehör	<	derived	0	3	Hülle<-Seed+H3
v10534	Hecktür (2-türig) mit Fensterausschnitt	baugruppe	e6030	Autoteile & Zubehör	<	derived	0	3	Hülle<-Seed+H3
v10535	Hecktür (2-türig) geschlossen	baugruppe	e6030	Autoteile & Zubehör	<	derived	0	3	Hülle<-Seed+H3
v10554	Heckklappe mit Fensterausschnitt	baugruppe	e6030	Autoteile & Zubehör	<	derived	0	3	Hülle<-Seed+H3
v10555	Heckklappe geschlossen	baugruppe	e6030	Autoteile & Zubehör	<	derived	0	3	Hülle<-Seed+H3
v10556	Schiebetür mit Fensterausschnitt	baugruppe	e6030	Autoteile & Zubehör	<	derived	0	3	Hülle<-Seed+H3|Hülle<-Seed+H7
v10557	Schiebetür geschlossen	baugruppe	e6030	Autoteile & Zubehör	<	derived	0	3	Hülle<-Seed+H3|Hülle<-Seed+H7
v10561	Bremsleuchte	baugruppe	e131090	Auto & Motorrad: Teile	<	derived	0	3	Hülle<-Seed+H3
v10562	E-Satz (Anhängerkupplung)	baugruppe	e131090	Auto & Motorrad: Teile	<	derived	0	3	Hülle<-Seed
v10564	Frontscheibe mit grünem Bandfilter	baugruppe	e6030	Autoteile & Zubehör	<	derived	0	3	Hülle<-Seed+H4
v10565	Frontscheibe mit blauem Bandfilter	baugruppe	e6030	Autoteile & Zubehör	<	derived	0	3	Hülle<-Seed+H4
v10566	Frontscheibe mit brozenem Bandfilter	baugruppe	e6030	Autoteile & Zubehör	<	derived	0	3	Hülle<-Seed+H4
v10567_65	Kotflügel ohne Blinker mit Antennenloch, hinten links	position	e6030	Autoteile & Zubehör	<	derived	0	3	Hülle<-Seed+H5
v10567_66	Kotflügel ohne Blinker mit Antennenloch, hinten rechts	position	e6030	Autoteile & Zubehör	<	derived	0	3	Hülle<-Seed+H5
v10568_65	Kotflügel mit Blinker ohne Antennenloch, hinten links	position	e6030	Autoteile & Zubehör	<	derived	0	3	Hülle<-Seed+H5
v10568_66	Kotflügel mit Blinker ohne Antennenloch, hinten rechts	position	e6030	Autoteile & Zubehör	<	derived	0	3	Hülle<-Seed+H5
v10569_65	Kotflügel ohne Blinker ohne Antennenloch, hinten links	position	e6030	Autoteile & Zubehör	<	derived	0	3	Hülle<-Seed+H5
v10569_66	Kotflügel ohne Blinker ohne Antennenloch, hinten rechts	position	e6030	Autoteile & Zubehör	<	derived	0	3	Hülle<-Seed+H5
v10570	Stoßstange Grundausführung für Kunststoff SW/grau mit Nebelscheinwerfer ohne Spoiler	baugruppe	e6030	Autoteile & Zubehör	<	derived	0	3	Hülle<-Seed+H3
v10571	Stoßstange Grundausführung für Kunststoff SW/grau ohne Nebelscheinwerfer mit Spoiler	baugruppe	e6030	Autoteile & Zubehör	<	derived	0	3	Hülle<-Seed+H3
v10572	Stoßstange Grundausführung für Kunststoff SW/grau ohne Nebelscheinwerfer ohne Spoiler	baugruppe	e6030	Autoteile & Zubehör	<	derived	0	3	Hülle<-Seed+H3
v10573	Stoßstange teilgrundiert mit Nebelscheinwerfer mit Spoiler	baugruppe	e6030	Autoteile & Zubehör	<	derived	0	3	Hülle<-Seed+H3
v10574	Stoßstange teilgrundiert mit Nebelscheinwerfer ohne Spoiler	baugruppe	e6030	Autoteile & Zubehör	<	derived	0	3	Hülle<-Seed+H3
v10575	Stoßstange teilgrundiert ohne Nebelscheinwerfer mit Spoiler	baugruppe	e6030	Autoteile & Zubehör	<	derived	0	3	Hülle<-Seed+H3
v10576	Stoßstange teilgrundiert ohne Nebelscheinwerfer ohne Spoiler	baugruppe	e6030	Autoteile & Zubehör	<	derived	0	3	Hülle<-Seed+H3
v10577	Stoßstange teillackiert mit Nebelscheinwerfer mit Spoiler	baugruppe	e6030	Autoteile & Zubehör	<	derived	0	3	Hülle<-Seed+H3
v10578	Stoßstange teillackiert mit Nebelscheinwerfer ohne Spoiler	baugruppe	e6030	Autoteile & Zubehör	<	derived	0	3	Hülle<-Seed+H3
v10579	Stoßstange teillackiert ohne Nebelscheinwerfer mit Spoiler	baugruppe	e6030	Autoteile & Zubehör	<	derived	0	3	Hülle<-Seed+H3
v10580	Stoßstange teillackiert ohne Nebelscheinwerfer ohne Spoiler	baugruppe	e6030	Autoteile & Zubehör	<	derived	0	3	Hülle<-Seed+H3
v10584	Außenspiegel elektrisch teilgrundiert	baugruppe	e6030	Autoteile & Zubehör	<	derived	0	3	Hülle<-Seed+H7
v10585	Außenspiegel elektrisch grundiert	baugruppe	e6030	Autoteile & Zubehör	<	derived	0	3	Hülle<-Seed+H7
v10586	Außenspiegel elektrisch Standard	baugruppe	e6030	Autoteile & Zubehör	<	derived	0	3	Hülle<-Seed+H7
v10593	Anhängerkupplung mit E-Satz nicht abnehmbar	baugruppe	e131090	Auto & Motorrad: Teile	<	derived	0	3	Hülle<-Seed+H3
v10594	Anhängerkupplung ohne E-Satz nicht abnehmbar	baugruppe	e131090	Auto & Motorrad: Teile	<	derived	0	3	Hülle<-Seed+H3
v10602	Außenspiegel mechanisch lackiert	baugruppe	e6030	Autoteile & Zubehör	<	derived	0	3	Hülle<-Seed+H7
v10603	Außenspiegel mechanisch teilgrundiert	baugruppe	e6030	Autoteile & Zubehör	<	derived	0	3	Hülle<-Seed+H7
v10604	Außenspiegel mechanisch grundiert	baugruppe	e6030	Autoteile & Zubehör	<	derived	0	3	Hülle<-Seed+H7
v10605	Außenspiegel mechanisch Standard	baugruppe	e6030	Autoteile & Zubehör	<	derived	0	3	Hülle<-Seed+H7
v10609	Außenspiegel	baugruppe	e6030	Autoteile & Zubehör	<	derived	0	3	Hülle<-Seed
v10610_65	Kotflügel, hinten links	position	e6030	Autoteile & Zubehör	<	derived	0	3	Hülle<-Seed+H5
v10610_66	Kotflügel, hinten rechts	position	e6030	Autoteile & Zubehör	<	derived	0	3	Hülle<-Seed+H5
v10611	Stoßstange	baugruppe	e6030	Autoteile & Zubehör	<	derived	0	3	Hülle<-Seed+H3
v10612	Anhängerkupplung ohne E-Satz abnehmbar	baugruppe	e131090	Auto & Motorrad: Teile	<	derived	0	3	Hülle<-Seed+H3
v10622	Wischergestänge	baugruppe	e131090	Auto & Motorrad: Teile	<	derived	0	3	Hülle<-Seed+H3
v10634	Dach geschlossen	baugruppe	e131090	Auto & Motorrad: Teile	<	derived	0	3	Hülle<-Seed+H4
v10644	Deckel Verdeckkasten	baugruppe	e6030	Autoteile & Zubehör	<	derived	0	3	Hülle<-Seed+H3
v10646	Streuscheibe Hauptscheinwerfer	baugruppe	e131090	Auto & Motorrad: Teile	<	derived	0	3	Hülle<-Seed+H3
v10647	Streuscheibe Fernscheinwerfer	baugruppe	e131090	Auto & Motorrad: Teile	<	derived	0	3	Hülle<-Seed+H3
v10648	Kappe Hauptscheinwerfer	baugruppe	e131090	Auto & Motorrad: Teile	<	derived	0	3	Hülle<-Seed+H4
v10649	Streuscheibe Nebelscheinwerfer	baugruppe	e131090	Auto & Motorrad: Teile	<	derived	0	3	Hülle<-Seed+H3
v10650	Scheinwerfereinsatz Fernscheinwerfer	baugruppe	e131090	Auto & Motorrad: Teile	<	derived	0	3	Hülle<-Seed+H3
v10651	Scheinwerfereinsatz Hauptscheinwerfer	baugruppe	e131090	Auto & Motorrad: Teile	<	derived	0	3	Hülle<-Seed+H3
v10652	Scheinwerfereinsatz Nebelscheinwerfer	baugruppe	e131090	Auto & Motorrad: Teile	<	derived	0	3	Hülle<-Seed+H3
v10653	Lichtscheibe für Blinkleuchte	baugruppe	e131090	Auto & Motorrad: Teile	<	derived	0	3	Hülle<-Seed+H3
v10654	Lichtscheibe für Heckleuchte	baugruppe	e131090	Auto & Motorrad: Teile	<	derived	0	3	Hülle<-Seed+H3
v10655	Glühlampe Blinkleuchte	baugruppe	e131090	Auto & Motorrad: Teile	<	derived	0	3	Hülle<-Seed+H4
v10656	Glühlampe Hauptscheinwerfer	baugruppe	e131090	Auto & Motorrad: Teile	<	derived	0	3	Hülle<-Seed+H4
v10657	Glühlampe Kennzeichenleuchte	baugruppe	e131090	Auto & Motorrad: Teile	<	derived	0	3	Hülle<-Seed+H4
v10658	Glühlampe Nebelschlußleuchte	baugruppe	e131090	Auto & Motorrad: Teile	<	derived	0	3	Hülle<-Seed+H4
v10659	Einstiegblech	baugruppe	e131090	Auto & Motorrad: Teile	<	derived	0	3	Hülle<-Seed+H4
v10660	Frontscheibenrahmen	baugruppe	e131090	Auto & Motorrad: Teile	<	derived	0	3	Hülle<-Seed+H4
v10661	Rückfahrleuchte	baugruppe	e131090	Auto & Motorrad: Teile	<	derived	0	3	Hülle<-Seed+H4
v10662	Begrenzungsleuchte	baugruppe	e131090	Auto & Motorrad: Teile	<	derived	0	3	Hülle<-Seed+H3
v10663	Wischgummi	baugruppe	e131090	Auto & Motorrad: Teile	<	derived	0	3	Hülle<-Seed+H4
v10664	Heckwand	baugruppe	e131090	Auto & Motorrad: Teile	<	derived	0	3	Hülle<-Seed+H4
v10665	Gehäuse Heckleuchte	baugruppe	e131090	Auto & Motorrad: Teile	<	derived	0	3	Hülle<-Seed+H3
v10666	Verbreiterungssatz Kotflügel	baugruppe	e6030	Autoteile & Zubehör	<	derived	0	3	Hülle<-Seed+H4
v10667	Lampenträger Blinkleuchte	baugruppe	e131090	Auto & Motorrad: Teile	<	derived	0	3	Hülle<-Seed+H3
v10668	Lampenträger Bremsleuchte	baugruppe	e131090	Auto & Motorrad: Teile	<	derived	0	3	Hülle<-Seed+H3
v10669	Lampenträger Heckleuchte	baugruppe	e131090	Auto & Motorrad: Teile	<	derived	0	3	Hülle<-Seed+H3
v10670	Lampenträger Schlußleuchte	baugruppe	e131090	Auto & Motorrad: Teile	<	derived	0	3	Hülle<-Seed+H3
v10671	Stellelement für Leuchtweiteregulierung	baugruppe	e6030	Autoteile & Zubehör	<	derived	0	3	Hülle<-Seed+H3
v10672	Stellelement für Außenspiegel	baugruppe	e6030	Autoteile & Zubehör	<	derived	0	3	Hülle<-Seed+H3
v10673	Halter Außenspiegel	baugruppe	e6030	Autoteile & Zubehör	<	derived	0	3	Hülle<-Seed+H3
v10674	Scheinwerferleiste	baugruppe	e6030	Autoteile & Zubehör	<	derived	0	3	Hülle<-Seed+H3
v10675	Seitenwand	baugruppe	e6030	Autoteile & Zubehör	<	derived	0	3	Hülle<-Seed
v10675_1	Seitenwand, links	position	e33637	Karosserie-, Anbauteile & Zubehör	<	derived	1	2	Hülle<-Seed
v10675_17	Seitenwand, vorne links	position	e33637	Karosserie-, Anbauteile & Zubehör	<	derived	1	2	Hülle<-Seed
v10675_18	Seitenwand, vorne rechts	position	e33637	Karosserie-, Anbauteile & Zubehör	<	derived	1	2	Hülle<-Seed
v10675_2	Seitenwand, rechts	position	e33637	Karosserie-, Anbauteile & Zubehör	<	derived	1	2	Hülle<-Seed
v10675_65	Seitenwand, hinten links	position	e33637	Karosserie-, Anbauteile & Zubehör	<	derived	1	2	Hülle<-Seed
v10675_66	Seitenwand, hinten rechts	position	e33637	Karosserie-, Anbauteile & Zubehör	<	derived	1	2	Hülle<-Seed
v10676	Karosserie	baugruppe	e131090	Auto & Motorrad: Teile	<	derived	0	3	Hülle<-Seed+H4
v10677	Umrißleuchte	baugruppe	e131090	Auto & Motorrad: Teile	<	derived	0	3	Hülle<-Seed+H3
v10678	Trittbrett	baugruppe	e131090	Auto & Motorrad: Teile	<	derived	0	3	Hülle<-Seed+H3
v10679	Umrüstsatz Scheinwerfer	baugruppe	e131090	Auto & Motorrad: Teile	<	derived	0	3	Hülle<-Seed+H3
v10684	Verkleidung Dachabschluss	baugruppe	e131090	Auto & Motorrad: Teile	<	derived	0	3	Hülle<-Seed+H4
v10685	Verkleidung Dachrahmen	baugruppe	e131090	Auto & Motorrad: Teile	<	derived	0	3	Hülle<-Seed+H4
v10686	Verkleidung Schweller	baugruppe	e131090	Auto & Motorrad: Teile	<	derived	0	3	Hülle<-Seed+H4
v10704	Dichtung für Koffer-/Laderaumklappe	baugruppe	e131090	Auto & Motorrad: Teile	<	derived	0	3	Hülle<-Seed+H4
v10748	Schutzleiste Schweller	baugruppe	e131090	Auto & Motorrad: Teile	<	derived	0	3	Hülle<-Seed+H3
v10749	Motor Heckklappe	baugruppe	e6030	Autoteile & Zubehör	<	derived	0	3	Hülle<-Seed+H3
v10752	Scheinwerfereinsatz für Suchscheinwerfer	baugruppe	e131090	Auto & Motorrad: Teile	<	derived	0	3	Hülle<-Seed+H3
v10757	Lüftungsgitter für Stoßfänger	baugruppe	e6030	Autoteile & Zubehör	<	derived	0	3	Hülle<-Seed
v10764	Waschwasserdüse für Scheibenreinigung	baugruppe	e131090	Auto & Motorrad: Teile	<	derived	0	3	Hülle<-Seed+H4
v10776	Gasfeder für Motorhaube	baugruppe	e6030	Autoteile & Zubehör	<	derived	0	3	Hülle<-Seed
v10801	Zier-/Schutzleiste für Frontverkleidung	baugruppe	e131090	Auto & Motorrad: Teile	<	derived	0	3	Hülle<-Seed+H3
v10812	Sensor für Außentemperatur	baugruppe	e131090	Auto & Motorrad: Teile	<	derived	0	3	Hülle<-Seed+H3
v10816	Spoiler für Kühlergitter	baugruppe	e131090	Auto & Motorrad: Teile	<	derived	0	3	Hülle<-Seed+H3
v10845	Sensor für Außentemperatur	baugruppe	e131090	Auto & Motorrad: Teile	<	derived	0	3	Hülle<-Seed+H3
v10859	Heckleuchtensatz	baugruppe	e131090	Auto & Motorrad: Teile	<	derived	0	3	Hülle<-Seed+H3
v10903	Schließzylinder für Zündschloß	baugruppe	e33637	Karosserie-, Anbauteile & Zubehör	<	derived	1	2	Hülle<-Seed+H3
v10903	Schließzylinder für Zündschloß	baugruppe	e131090	Auto & Motorrad: Teile	<	derived	0	3	Hülle<-Seed+H3|Hülle<-Seed+H4
v10940	Fahrradträger Dach	baugruppe	e131090	Auto & Motorrad: Teile	<	derived	0	3	Hülle<-Seed+H3
v10941	Fahrradträger Heck	baugruppe	e131090	Auto & Motorrad: Teile	<	derived	0	3	Hülle<-Seed+H3
v10957	Schiebedach Glas	baugruppe	e6030	Autoteile & Zubehör	<	derived	0	3	Hülle<-Seed+H3|Hülle<-Seed+H7
v10958	Schiebedach Metall	baugruppe	e6030	Autoteile & Zubehör	<	derived	0	3	Hülle<-Seed+H3|Hülle<-Seed+H7
v11009	Clip für Stoßfänger	baugruppe	e131090	Auto & Motorrad: Teile	<	derived	0	3	Hülle<-Seed+H4
v11012	Dichtung für Heckscheibe	baugruppe	e131090	Auto & Motorrad: Teile	<	derived	0	3	Hülle<-Seed+H4
v11022	Dichtung für Seitenscheibe	baugruppe	e131090	Auto & Motorrad: Teile	<	derived	0	3	Hülle<-Seed+H4
v11047	Gasfeder für Heckscheibe	baugruppe	e131090	Auto & Motorrad: Teile	<	derived	0	3	Hülle<-Seed+H4
v11048	Gehäuse für Kennzeichenleuchte	baugruppe	e131090	Auto & Motorrad: Teile	<	derived	0	3	Hülle<-Seed+H3
v11052	Glühlampe für Brems-/Schlusslicht	baugruppe	e131090	Auto & Motorrad: Teile	<	derived	0	3	Hülle<-Seed+H3
v11053	Glühlampe für Hauptlichtschalter	baugruppe	e131090	Auto & Motorrad: Teile	<	derived	0	3	Hülle<-Seed+H4
v11058	Glühlampe für Nebelscheinwerfer	baugruppe	e131090	Auto & Motorrad: Teile	<	derived	0	3	Hülle<-Seed+H3
v11059	Glühlampe für Park-/Positionsleuchte	baugruppe	e131090	Auto & Motorrad: Teile	<	derived	0	3	Hülle<-Seed+H3
v11060	Glühlampe für Rückfahrleuchte	baugruppe	e131090	Auto & Motorrad: Teile	<	derived	0	3	Hülle<-Seed+H3
v11062	Halter für Hauptscheinwerfer	baugruppe	e131090	Auto & Motorrad: Teile	<	derived	0	3	Hülle<-Seed+H4
v11065	Heckklappengriff	baugruppe	e6030	Autoteile & Zubehör	<	derived	0	3	Hülle<-Seed+H3
v11070	Kofferraumleuchte	baugruppe	e131090	Auto & Motorrad: Teile	<	derived	0	3	Hülle<-Seed+H4
v11084	Nebelscheinwerfersatz	baugruppe	e131090	Auto & Motorrad: Teile	<	derived	0	3	Hülle<-Seed+H3|Hülle<-Seed+H7
v11090	Puffer für Motorhaube	baugruppe	e131090	Auto & Motorrad: Teile	<	derived	0	3	Hülle<-Seed+H4
v11134	Tankdeckelschloss	baugruppe	e131090	Auto & Motorrad: Teile	<	derived	0	3	Hülle<-Seed+H3
v11136	Türgriffbetätigung	baugruppe	e6030	Autoteile & Zubehör	<	derived	0	3	Hülle<-Seed+H3
v11137	Türscharnier	baugruppe	e6030	Autoteile & Zubehör	<	derived	0	3	Hülle<-Seed+H3
v11148	Verriegelungsknopf	baugruppe	e131090	Auto & Motorrad: Teile	<	derived	0	3	Hülle<-Seed+H4
v11215	Teilepaket Front	baugruppe	e6030	Autoteile & Zubehör	<	derived	0	3	Hülle<-Seed+H4
v11216	Teilepaket Heck	baugruppe	e6030	Autoteile & Zubehör	<	derived	0	3	Hülle<-Seed+H4
v11223	Zusatzbremsleuchte	baugruppe	e131090	Auto & Motorrad: Teile	<	derived	0	3	Hülle<-Seed+H3
v11224	Heckscheibenrahmen	baugruppe	e131090	Auto & Motorrad: Teile	<	derived	0	3	Hülle<-Seed+H4
v11233	Frontscheibe	baugruppe	e6030	Autoteile & Zubehör	<	derived	0	3	Hülle<-Seed+H4
v11234	Anhängerkupplung	baugruppe	e131090	Auto & Motorrad: Teile	<	derived	0	3	Hülle<-Seed+H3
v11242	Verdeckgriff	baugruppe	e131090	Auto & Motorrad: Teile	<	derived	0	3	Hülle<-Seed+H4
v11246	Tankentlüftungsventil	baugruppe	e131090	Auto & Motorrad: Teile	<	derived	0	3	Hülle<-Seed+H4
v11248	Unterfahrschutz	baugruppe	e131090	Auto & Motorrad: Teile	<	derived	0	3	Hülle<-Seed+H4
v11259	Frontschutzbügel	baugruppe	e131090	Auto & Motorrad: Teile	<	derived	0	3	Hülle<-Seed+H4
v11260	Getriebe Schiebedach	baugruppe	e6030	Autoteile & Zubehör	<	derived	0	3	Hülle<-Seed+H3
v11266	Ladebordwand	baugruppe	e6030	Autoteile & Zubehör	<	derived	0	3	Hülle<-Seed
v11288	Karosserieboden	baugruppe	e6030	Autoteile & Zubehör	<	derived	0	3	Hülle<-Seed+H4
v11290	Halterahmen, Scheibenreinigungsanlage	baugruppe	e131090	Auto & Motorrad: Teile	<	derived	0	3	Hülle<-Seed+H4
v11291	Karosserieboden Koffer-/Laderaum	baugruppe	e6030	Autoteile & Zubehör	<	derived	0	3	Hülle<-Seed+H4
v11292	Halter für Kühlergitter	baugruppe	e131090	Auto & Motorrad: Teile	<	derived	0	3	Hülle<-Seed+H4
v11293	Hauptscheinwerfergehäuse	baugruppe	e131090	Auto & Motorrad: Teile	<	derived	0	3	Hülle<-Seed+H3
v11294	Nebelscheinwerferrahmen	baugruppe	e131090	Auto & Motorrad: Teile	<	derived	0	3	Hülle<-Seed+H4
v11296	Reserveradwanne	baugruppe	e131090	Auto & Motorrad: Teile	<	derived	0	3	Hülle<-Seed+H4
v11297	Stoßfängerabdeckung für Anhängevorrichtung	baugruppe	e6030	Autoteile & Zubehör	<	derived	0	3	Hülle<-Seed+H3
v11298	Trittbrettstufe für Anhängevorrichtung	baugruppe	e131090	Auto & Motorrad: Teile	<	derived	0	3	Hülle<-Seed+H4
v11299	Dachsäule	baugruppe	e6030	Autoteile & Zubehör	<	derived	0	3	Hülle<-Seed+H4
v11300	Zier-/Schutzleistensatz für Stoßfänger	baugruppe	e131090	Auto & Motorrad: Teile	<	derived	0	3	Hülle<-Seed+H3
v11301	Nebelscheinwerferkappe	baugruppe	e131090	Auto & Motorrad: Teile	<	derived	0	3	Hülle<-Seed+H4
v11302	Rückstrahler	baugruppe	e131090	Auto & Motorrad: Teile	<	derived	0	3	Hülle<-Seed+H3
v11303	Leuchtenaufnahme	baugruppe	e131090	Auto & Motorrad: Teile	<	derived	0	3	Hülle<-Seed+H4
v11309	Abdeckung	baugruppe	e131090	Auto & Motorrad: Teile	<	derived	0	3	Hülle<-Seed+H4
v11310	Gitter	baugruppe	e131090	Auto & Motorrad: Teile	<	derived	0	3	Hülle<-Seed+H4
v11311	Haltersatz für Stoßfänger	baugruppe	e131090	Auto & Motorrad: Teile	<	derived	0	3	Hülle<-Seed+H4
v11313	Zier-/Schutzleistensatz für Kühlergitter	baugruppe	e131090	Auto & Motorrad: Teile	<	derived	0	3	Hülle<-Seed+H3
v11314	Reflektor für Positions-/Begrenzungsleuchte	baugruppe	e131090	Auto & Motorrad: Teile	<	derived	0	3	Hülle<-Seed+H3
v11315	Tagfahrleuchte	baugruppe	e131090	Auto & Motorrad: Teile	<	derived	0	3	Hülle<-Seed+H3
v11316	Außenspiegelblende	baugruppe	e6030	Autoteile & Zubehör	<	derived	0	3	Hülle<-Seed+H3
v11319	Kühlergittereinsatz	baugruppe	e131090	Auto & Motorrad: Teile	<	derived	0	3	Hülle<-Seed+H4
v11320	Tagfahrleuchtensatz	baugruppe	e131090	Auto & Motorrad: Teile	<	derived	0	3	Hülle<-Seed+H3
v11324	Ersatzradhalter	baugruppe	e131090	Auto & Motorrad: Teile	<	derived	0	3	Hülle<-Seed+H4
v11325	Persening	baugruppe	e131090	Auto & Motorrad: Teile	<	derived	0	3	Hülle<-Seed+H4
v11326	Abbiegelicht	baugruppe	e131090	Auto & Motorrad: Teile	<	derived	0	3	Hülle<-Seed+H4
v11329	Stellmotor Tankklappe	baugruppe	e6030	Autoteile & Zubehör	<	derived	0	3	Hülle<-Seed+H3
v11334	Radmutternsatz	baugruppe	e6030	Autoteile & Zubehör	<	derived	0	3	Hülle<-Seed+H4
v11340	Überrollbügel	baugruppe	e131090	Auto & Motorrad: Teile	<	derived	0	3	Hülle<-Seed+H4
v11342	Dichtung für Heckklappe	baugruppe	e6030	Autoteile & Zubehör	<	derived	0	3	Hülle<-Seed+H3
v11344	Türblatt	baugruppe	e6030	Autoteile & Zubehör	<	derived	0	3	Hülle<-Seed+H3
v11346	Abdeckkappe Türgriff	baugruppe	e131090	Auto & Motorrad: Teile	<	derived	0	3	Hülle<-Seed+H4
v11348	Abdeckung Frontschürze	baugruppe	e131090	Auto & Motorrad: Teile	<	derived	0	3	Hülle<-Seed+H4
v11349	Abdeckung Griffmulde	baugruppe	e131090	Auto & Motorrad: Teile	<	derived	0	3	Hülle<-Seed+H4
v11355	Anhängebock für Anhängevorrichtung	baugruppe	e131090	Auto & Motorrad: Teile	<	derived	0	3	Hülle<-Seed+H4
v11356	Anschlagpuffer für Fahrerhaus	baugruppe	e131090	Auto & Motorrad: Teile	<	derived	0	3	Hülle<-Seed+H4
v11357	Anschlussleitung für Außenspiegel	baugruppe	e6030	Autoteile & Zubehör	<	derived	0	3	Hülle<-Seed+H3
v11360	Anschraubplatte für Anhängevorrichtung	baugruppe	e131090	Auto & Motorrad: Teile	<	derived	0	3	Hülle<-Seed+H4
v11361	Antennenkopf	baugruppe	e131090	Auto & Motorrad: Teile	<	derived	0	3	Hülle<-Seed+H3
v11366	Be-/Entlüftungsventil für Kraftstoffbehälter	baugruppe	e131090	Auto & Motorrad: Teile	<	derived	0	3	Hülle<-Seed+H4
v11379	Clip für Zier-/Schutzleiste	baugruppe	e131090	Auto & Motorrad: Teile	<	derived	0	3	Hülle<-Seed+H4
v11390	Dichtung für Blinkleuchte	baugruppe	e131090	Auto & Motorrad: Teile	<	derived	0	3	Hülle<-Seed+H4
v11393	Dichtung für Faltdach	baugruppe	e131090	Auto & Motorrad: Teile	<	derived	0	3	Hülle<-Seed+H4
v11396	Dichtung für Hauptscheinwerfer	baugruppe	e131090	Auto & Motorrad: Teile	<	derived	0	3	Hülle<-Seed+H4
v11399	Dichtung für Kennzeichenleuchte	baugruppe	e131090	Auto & Motorrad: Teile	<	derived	0	3	Hülle<-Seed+H4
v11400	Dichtung für Kotflügel	baugruppe	e131090	Auto & Motorrad: Teile	<	derived	0	3	Hülle<-Seed+H4
v11401	Dichtung für Kraftstoffeinfüllstutzen	baugruppe	e131090	Auto & Motorrad: Teile	<	derived	0	3	Hülle<-Seed+H4
v11409	Dichtung für Rahmen Hauptscheinwerfer	baugruppe	e131090	Auto & Motorrad: Teile	<	derived	0	3	Hülle<-Seed+H4
v11410	Dichtung für Schiebedach	baugruppe	e6030	Autoteile & Zubehör	<	derived	0	3	Hülle<-Seed+H3
v11411	Dichtung für Schlussleuchte	baugruppe	e131090	Auto & Motorrad: Teile	<	derived	0	3	Hülle<-Seed+H4
v11413	Dichtung für Türscheibe	baugruppe	e131090	Auto & Motorrad: Teile	<	derived	0	3	Hülle<-Seed+H4
v11414	Dichtung für Türsicherungsleuchte	baugruppe	e131090	Auto & Motorrad: Teile	<	derived	0	3	Hülle<-Seed+H4
v11425	Domstrebe	baugruppe	e131090	Auto & Motorrad: Teile	<	derived	0	3	Hülle<-Seed+H4
v11433	Druckschalter für Bremshydraulik	baugruppe	e131090	Auto & Motorrad: Teile	<	derived	0	3	Hülle<-Seed+H4
v11438	Einfüllstutzen für Kraftstoffbehälter	baugruppe	e131090	Auto & Motorrad: Teile	<	derived	0	3	Hülle<-Seed+H4
v11466	Führungsarm für Scheibenreinigung	baugruppe	e131090	Auto & Motorrad: Teile	<	derived	0	3	Hülle<-Seed+H4
v11471	Gasfeder für Reserveradhalter	baugruppe	e131090	Auto & Motorrad: Teile	<	derived	0	3	Hülle<-Seed+H4
v11473	Gasfeder für Verdeck	baugruppe	e131090	Auto & Motorrad: Teile	<	derived	0	3	Hülle<-Seed+H4
v11475	Blinkergehäuse	baugruppe	e131090	Auto & Motorrad: Teile	<	derived	0	3	Hülle<-Seed+H3
v11476	Rückfahrleuchtengehäuse	baugruppe	e131090	Auto & Motorrad: Teile	<	derived	0	3	Hülle<-Seed+H3
v11478	Rückleuchtengehäuse	baugruppe	e131090	Auto & Motorrad: Teile	<	derived	0	3	Hülle<-Seed+H3
v11481	Gleitbacke für Fensterheber	baugruppe	e131090	Auto & Motorrad: Teile	<	derived	0	3	Hülle<-Seed+H4
v11484	Glühlampe für Bremsleuchte	baugruppe	e131090	Auto & Motorrad: Teile	<	derived	0	3	Hülle<-Seed+H3
v11485	Glühlampe für Fernscheinwerfer	baugruppe	e131090	Auto & Motorrad: Teile	<	derived	0	3	Hülle<-Seed+H3
v11486	Glühlampe für Kofferraumleuchte	baugruppe	e131090	Auto & Motorrad: Teile	<	derived	0	3	Hülle<-Seed+H4
v11487	Glühlampe für Positions-/Begrenzungsleuchte	baugruppe	e131090	Auto & Motorrad: Teile	<	derived	0	3	Hülle<-Seed+H3
v11488	Glühlampe für Rückleuchte	baugruppe	e131090	Auto & Motorrad: Teile	<	derived	0	3	Hülle<-Seed+H3
v11489	Glühlampe für Tagfahrleuchte	baugruppe	e131090	Auto & Motorrad: Teile	<	derived	0	3	Hülle<-Seed+H3
v11490	Glühlampe für Zusatzbremsleuchte	baugruppe	e131090	Auto & Motorrad: Teile	<	derived	0	3	Hülle<-Seed+H3
v11499	Halter für Heckleuchte	baugruppe	e131090	Auto & Motorrad: Teile	<	derived	0	3	Hülle<-Seed+H4
v11512	Kabelsatz für Fernscheinwerfer	baugruppe	e131090	Auto & Motorrad: Teile	<	derived	0	3	Hülle<-Seed+H3
v11513	Kabelsatz für Hauptscheinwerfer	baugruppe	e131090	Auto & Motorrad: Teile	<	derived	0	3	Hülle<-Seed+H3
v11514	Kappe für Nebelscheinwerfer	baugruppe	e131090	Auto & Motorrad: Teile	<	derived	0	3	Hülle<-Seed+H4
v11515	Kappe für Wischarm	baugruppe	e131090	Auto & Motorrad: Teile	<	derived	0	3	Hülle<-Seed+H4
v11521	Koffer-/Laderaumwanne	baugruppe	e6030	Autoteile & Zubehör	<	derived	0	3	Hülle<-Seed+H4
v11528	Kondenswasserablaufschlauch für Innenraumluftfiltergehäuse	baugruppe	e131090	Auto & Motorrad: Teile	<	derived	0	3	Hülle<-Seed+H4
v11535	Kupplungspedal	baugruppe	e131090	Auto & Motorrad: Teile	<	derived	0	3	Hülle<-Seed+ADJ
v11551	Lampenfassung für Hauptscheinwerfer	baugruppe	e131090	Auto & Motorrad: Teile	<	derived	0	3	Hülle<-Seed+H3
v11555	Lichtscheibe für Hauptscheinwerfer	baugruppe	e131090	Auto & Motorrad: Teile	<	derived	0	3	Hülle<-Seed+H3
v11556	Lichtscheibe für Kennzeichenleuchte	baugruppe	e131090	Auto & Motorrad: Teile	<	derived	0	3	Hülle<-Seed+H3
v11557	Lichtscheibe für Positionsleuchte	baugruppe	e131090	Auto & Motorrad: Teile	<	derived	0	3	Hülle<-Seed+H3
v11558	Lichtscheibe für Rückfahrleuchte	baugruppe	e131090	Auto & Motorrad: Teile	<	derived	0	3	Hülle<-Seed+H3
v11559	Lichtscheibe für Schlussleuchte	baugruppe	e131090	Auto & Motorrad: Teile	<	derived	0	3	Hülle<-Seed+H3
v11560	Lichtscheibe für Seitenmarkierungsleuchte	baugruppe	e131090	Auto & Motorrad: Teile	<	derived	0	3	Hülle<-Seed+H3
v11576	Montagesatz für Kotflügel	baugruppe	e131090	Auto & Motorrad: Teile	<	derived	0	3	Hülle<-Seed+H4
v11581	Montagesatz für Stoßfänger	baugruppe	e131090	Auto & Motorrad: Teile	<	derived	0	3	Hülle<-Seed+H4
v11603	Rahmen für Hauptscheinwerfer	baugruppe	e131090	Auto & Motorrad: Teile	<	derived	0	3	Hülle<-Seed+H4
v11604	Rahmen für Nebelscheinwerfer	baugruppe	e131090	Auto & Motorrad: Teile	<	derived	0	3	Hülle<-Seed+H4
v11605	Reflektor für Blinkleuchte	baugruppe	e131090	Auto & Motorrad: Teile	<	derived	0	3	Hülle<-Seed+H3
v11632	Rollenführung für Schiebetür	baugruppe	e6030	Autoteile & Zubehör	<	derived	0	3	Hülle<-Seed+H3
v11635	Schalter für Allradantrieb	baugruppe	e131090	Auto & Motorrad: Teile	<	derived	0	3	Hülle<-Seed+H3
v11636	Schalter für Bremsbetätigung	baugruppe	e131090	Auto & Motorrad: Teile	<	derived	0	3	Hülle<-Seed+H3
v11637	Schalter für Fahrstufe	baugruppe	e131090	Auto & Motorrad: Teile	<	derived	0	3	Hülle<-Seed+H3
v11638	Schalter für Handbremskontrollleuchte	baugruppe	e131090	Auto & Motorrad: Teile	<	derived	0	3	Hülle<-Seed+H3
v11639	Schalter für Hupe	baugruppe	e131090	Auto & Motorrad: Teile	<	derived	0	3	Hülle<-Seed+H3
v11640	Schalter für Kupplungsbetätigung	baugruppe	e131090	Auto & Motorrad: Teile	<	derived	0	3	Hülle<-Seed+H3
v11641	Schalter für Scheibenwischerintervall	baugruppe	e131090	Auto & Motorrad: Teile	<	derived	0	3	Hülle<-Seed+H3
v11642	Schalter für Türverriegelung	baugruppe	e131090	Auto & Motorrad: Teile	<	derived	0	3	Hülle<-Seed+H3
v11644	Tankklappenscharnier	baugruppe	e131090	Auto & Motorrad: Teile	<	derived	0	3	Hülle<-Seed+H3
v11646	Scheinwerferaufnahme für Beleuchtung	baugruppe	e131090	Auto & Motorrad: Teile	<	derived	0	3	Hülle<-Seed+H4
v11650	Schlosssatz für Schließanlage	baugruppe	e131090	Auto & Motorrad: Teile	<	derived	0	3	Hülle<-Seed+H4
v11658	Schwellerverkleidung	baugruppe	e131090	Auto & Motorrad: Teile	<	derived	0	3	Hülle<-Seed+H3
v11662	Seitenmarkierungsleuchte	baugruppe	e131090	Auto & Motorrad: Teile	<	derived	0	3	Hülle<-Seed+H3
v11682	Spritzwand	baugruppe	e6030	Autoteile & Zubehör	<	derived	0	3	Hülle<-Seed+H4
v11684	Spurverbreiterung	baugruppe	e131090	Auto & Motorrad: Teile	<	derived	0	3	Hülle<-Seed+H4
v11697	Stoßstangenabdeckung für Anhängevorrichtung	baugruppe	e6030	Autoteile & Zubehör	<	derived	0	3	Hülle<-Seed+H3
v11698	Stoßstangenhalter für Anhängevorrichtung	baugruppe	e6030	Autoteile & Zubehör	<	derived	0	3	Hülle<-Seed+H3
v11700	Stütze Kühlergitter	baugruppe	e131090	Auto & Motorrad: Teile	<	derived	0	3	Hülle<-Seed+H4
v11710	Türgriffrahmen	baugruppe	e6030	Autoteile & Zubehör	<	derived	0	3	Hülle<-Seed+H3
v11712	Umrüstsatz Stoßfänger	baugruppe	e131090	Auto & Motorrad: Teile	<	derived	0	3	Hülle<-Seed+H4
v11725	Verbindungsrohr für Heizungskanal	baugruppe	e131090	Auto & Motorrad: Teile	<	derived	0	3	Hülle<-Seed+H4
v11734	Vorschaltgerät für Gasentladungslampe	baugruppe	e131090	Auto & Motorrad: Teile	<	derived	0	3	Hülle<-Seed+H3
v11738	Warmluftkanal	baugruppe	e131090	Auto & Motorrad: Teile	<	derived	0	3	Hülle<-Seed+H4
v11742	Wischerlager	baugruppe	e131090	Auto & Motorrad: Teile	<	derived	0	3	Hülle<-Seed+H4
v11747	Zier-/Schutzleiste für Türscheibe	baugruppe	e131090	Auto & Motorrad: Teile	<	derived	0	3	Hülle<-Seed+H3
v11755	Pritschenaufbau komplett	baugruppe	e6030	Autoteile & Zubehör	<	derived	0	3	Hülle<-Seed
v11761	Schloss Hecktür	baugruppe	e6030	Autoteile & Zubehör	<	derived	0	3	Hülle<-Seed+H3
v11766	Scharniersäule	baugruppe	e6030	Autoteile & Zubehör	<	derived	0	3	Hülle<-Seed+H4
v11770	Glühlampe Xenon	baugruppe	e131090	Auto & Motorrad: Teile	<	derived	0	3	Hülle<-Seed+H3
v11780	Motor Schiebetür	baugruppe	e6030	Autoteile & Zubehör	<	derived	0	3	Hülle<-Seed+H3
v11783	Reserveradhalter	baugruppe	e131090	Auto & Motorrad: Teile	<	derived	0	3	Hülle<-Seed+H4
v11790	Antennenverstärker	baugruppe	e131090	Auto & Motorrad: Teile	<	derived	0	3	Hülle<-Seed+H3
v11791	Spritzdüse für Scheinwerferreinigungsanlage	baugruppe	e131090	Auto & Motorrad: Teile	<	derived	0	3	Hülle<-Seed+H4
v11794	Aktor Fussgängerschutz	baugruppe	e131090	Auto & Motorrad: Teile	<	derived	0	3	Hülle<-Seed+H4
v11805	Elektro-Seilwinde	baugruppe	e131090	Auto & Motorrad: Teile	<	derived	0	3	Hülle<-Seed+H4
v11809	Heckleiter	baugruppe	e6030	Autoteile & Zubehör	<	derived	0	3	Hülle<-Seed+H4
v11811	Hydro-Seilwinde komplett	baugruppe	e131090	Auto & Motorrad: Teile	<	derived	0	3	Hülle<-Seed+H4
v11813	Konsole Seilwinde	baugruppe	e6030	Autoteile & Zubehör	<	derived	0	3	Hülle<-Seed+H4
v11817	Lufthutze Deckel	baugruppe	e6030	Autoteile & Zubehör	<	derived	0	3	Hülle<-Seed+H4
v11823	Schließzylinder Alarmanlage	baugruppe	e6030	Autoteile & Zubehör	<	derived	0	3	Hülle<-Seed+H3|Hülle<-Seed+H7
v11834	Türschlüssel	baugruppe	e6030	Autoteile & Zubehör	<	derived	0	3	Hülle<-Seed+H3
v11840	Zündgerät Scheinwerfer	baugruppe	e131090	Auto & Motorrad: Teile	<	derived	0	3	Hülle<-Seed+H3
v11842	Hubzylinder für Scheinwerferreinigungsanlage	baugruppe	e131090	Auto & Motorrad: Teile	<	derived	0	3	Hülle<-Seed+H4
v11847	Rückleuchte in Stoßstange	baugruppe	e131090	Auto & Motorrad: Teile	<	derived	0	3	Hülle<-Seed+H3
v11848	Trennwand	baugruppe	e6030	Autoteile & Zubehör	<	derived	0	3	Hülle<-Seed
v11865	Antrieb Kofferraumabdeckung	baugruppe	e131090	Auto & Motorrad: Teile	<	derived	0	3	Hülle<-Seed
v11877	Elektrisches Heckklappenset	baugruppe	e6030	Autoteile & Zubehör	<	derived	0	3	Hülle<-Seed
v11878	Radarsensor	baugruppe	e6030	Autoteile & Zubehör	<	derived	0	3	Hülle<-Seed+ADJ
v11880	Panoramadach	baugruppe	e6030	Autoteile & Zubehör	<	derived	0	3	Hülle<-Seed+H3
v11882	Einstiegleistenset	baugruppe	e131090	Auto & Motorrad: Teile	<	derived	0	3	Hülle<-Seed+H7|Hülle<-Seed+H3
v11883	Einstiegleiste	baugruppe	e131090	Auto & Motorrad: Teile	<	derived	0	3	Hülle<-Seed+H3
v11891	Aktuator Motorhaube	baugruppe	e6030	Autoteile & Zubehör	<	derived	0	3	Hülle<-Seed+H4
v11895	Tür-Zuzieh-Hilfe	baugruppe	e6030	Autoteile & Zubehör	<	derived	0	3	Hülle<-Seed+H4
v11897	Heckklappenscharnier	baugruppe	e6030	Autoteile & Zubehör	<	derived	0	3	Hülle<-Seed+H3
v11901	Blinker Dach	baugruppe	e131090	Auto & Motorrad: Teile	<	derived	0	3	Hülle<-Seed+H3|Hülle<-Seed+H7
v11936	HV-Ladeanschluss	baugruppe	e131090	Auto & Motorrad: Teile	<	derived	0	3	Hülle<-Seed+H3
v11944	Hardtop Ladefläche	baugruppe	e6030	Autoteile & Zubehör	<	derived	0	3	Hülle<-Seed
v11945	Doppelrohrbügel	baugruppe	e6030	Autoteile & Zubehör	<	derived	0	3	Hülle<-Seed+H4
v11947	Schwellerrohre	baugruppe	e6030	Autoteile & Zubehör	<	derived	0	3	Hülle<-Seed+H4
v11958	Teilepaket Karosserie	baugruppe	e6030	Autoteile & Zubehör	<	derived	0	3	Hülle<-Seed+H4
v12056	Markise	baugruppe	e131090	Auto & Motorrad: Teile	<	derived	0	3	Hülle<-Seed+H4
v12059	Blende Seitenblinker	baugruppe	e131090	Auto & Motorrad: Teile	<	derived	0	3	Hülle<-Seed+H4
v12060	Rahmenspitze	baugruppe	e131090	Auto & Motorrad: Teile	<	derived	0	3	Hülle<-Seed+H4
v12061	Kotflügelträger	baugruppe	e131090	Auto & Motorrad: Teile	<	derived	0	3	Hülle<-Seed+H4
v12065	Verdeckbezug	baugruppe	e6030	Autoteile & Zubehör	<	derived	0	3	Hülle<-Seed+H3
v12066	Verdeckschloss	baugruppe	e6030	Autoteile & Zubehör	<	derived	0	3	Hülle<-Seed+H3
v12068	Halter	baugruppe	e131090	Auto & Motorrad: Teile	<	derived	0	3	Hülle<-Seed+H4
v12070	Heckklappenleiste	baugruppe	e131090	Auto & Motorrad: Teile	<	derived	0	3	Hülle<-Seed+H4
v12071	Motor Heckspoiler	baugruppe	e131090	Auto & Motorrad: Teile	<	derived	0	3	Hülle<-Seed+H4
v12073	Heckscheibenöffner	baugruppe	e131090	Auto & Motorrad: Teile	<	derived	0	3	Hülle<-Seed+H4
v12074	Blende Heckleuchte	baugruppe	e131090	Auto & Motorrad: Teile	<	derived	0	3	Hülle<-Seed+H4
v12075	Beplankung	baugruppe	e131090	Auto & Motorrad: Teile	<	derived	0	3	Hülle<-Seed+H4
v12076	Abdeckung Schiebetürschienen	baugruppe	e131090	Auto & Motorrad: Teile	<	derived	0	3	Hülle<-Seed+H4
v12077	Motor Ausstellfenster	baugruppe	e131090	Auto & Motorrad: Teile	<	derived	0	3	Hülle<-Seed+H4
v12078	Motor Drallklappen	baugruppe	e131090	Auto & Motorrad: Teile	<	derived	0	3	Hülle<-Seed+H4
v12095	Abgasrohr Heizgerät	baugruppe	e131090	Auto & Motorrad: Teile	<	derived	0	3	Hülle<-Seed+H4
v10007	Aufprallträger	baugruppe	e131090	Auto & Motorrad: Teile	<	derived	0	4	Hülle<-Seed+H3
v10023	Dämpfer Hecktür	baugruppe	e131090	Auto & Motorrad: Teile	<	derived	0	4	Hülle<-Seed+H3
v10066	Klappenscharnier	baugruppe	e131090	Auto & Motorrad: Teile	<	derived	0	4	Hülle<-Seed+H3
v10067	Klappenschlosszug	baugruppe	e131090	Auto & Motorrad: Teile	<	derived	0	4	Hülle<-Seed+H3
v10109	Motorhaubenscharnier	baugruppe	e131090	Auto & Motorrad: Teile	<	derived	0	4	Hülle<-Seed+H3
v10110	Motorhaubenzug	baugruppe	e131090	Auto & Motorrad: Teile	<	derived	0	4	Hülle<-Seed+H3
v10124	Pralldämpfer	baugruppe	e131090	Auto & Motorrad: Teile	<	derived	0	4	Hülle<-Seed+H3
v10133	Schiebedach	baugruppe	e131090	Auto & Motorrad: Teile	<	derived	0	4	Hülle<-Seed+H3
v10134	Schiebedachdeckel	baugruppe	e131090	Auto & Motorrad: Teile	<	derived	0	4	Hülle<-Seed+H3
v10135	Schließbolzen	baugruppe	e131090	Auto & Motorrad: Teile	<	derived	0	4	Hülle<-Seed+H3
v10136	Schließplatte	baugruppe	e131090	Auto & Motorrad: Teile	<	derived	0	4	Hülle<-Seed+H3
v10137	Schließzylinder	baugruppe	e131090	Auto & Motorrad: Teile	<	derived	0	4	Hülle<-Seed+H3
v10138	Schließzylinder Heckdeckel	baugruppe	e131090	Auto & Motorrad: Teile	<	derived	0	4	Hülle<-Seed+H3
v10139	Schließzylinder Hecktür	baugruppe	e131090	Auto & Motorrad: Teile	<	derived	0	4	Hülle<-Seed+H3
v10140	Schließzylinder Satz	baugruppe	e131090	Auto & Motorrad: Teile	<	derived	0	4	Hülle<-Seed+H3|Hülle<-Seed+H7
v10141	Schließzylinder Schiebetür	baugruppe	e131090	Auto & Motorrad: Teile	<	derived	0	4	Hülle<-Seed+H3
v10142	Schloss Heckdeckel	baugruppe	e131090	Auto & Motorrad: Teile	<	derived	0	4	Hülle<-Seed+H3
v10143	Schloss Hecktür	baugruppe	e131090	Auto & Motorrad: Teile	<	derived	0	4	Hülle<-Seed+H3
v10144	Schloss Motorhaube	baugruppe	e131090	Auto & Motorrad: Teile	<	derived	0	4	Hülle<-Seed+H3
v10151	Spiegelglas	baugruppe	e131090	Auto & Motorrad: Teile	<	derived	0	4	Hülle<-Seed
v10161	Tankklappe	baugruppe	e131090	Auto & Motorrad: Teile	<	derived	0	4	Hülle<-Seed+H3
v10162	Tankklappenzug	baugruppe	e131090	Auto & Motorrad: Teile	<	derived	0	4	Hülle<-Seed+H3
v10167	Türbremse	baugruppe	e131090	Auto & Motorrad: Teile	<	derived	0	4	Hülle<-Seed+H3
v10168	Türfeststeller	baugruppe	e131090	Auto & Motorrad: Teile	<	derived	0	4	Hülle<-Seed+H3
v10169	Türschloss	baugruppe	e131090	Auto & Motorrad: Teile	<	derived	0	4	Hülle<-Seed+H3
v10179	Vorderwand	baugruppe	e131090	Auto & Motorrad: Teile	<	derived	0	4	Hülle<-Seed+H4
v10234	Motor Klappscheinwerfer	baugruppe	e131090	Auto & Motorrad: Teile	<	derived	0	4	Hülle<-Seed+H3
v10236	Motor Leuchtweitenregulierung	baugruppe	e131090	Auto & Motorrad: Teile	<	derived	0	4	Hülle<-Seed+H3
v10237	Motor Schiebedach	baugruppe	e131090	Auto & Motorrad: Teile	<	derived	0	4	Hülle<-Seed+H3
v10238	Motor Verdeck	baugruppe	e131090	Auto & Motorrad: Teile	<	derived	0	4	Hülle<-Seed+H3
v10337	Abschlussblech	baugruppe	e131090	Auto & Motorrad: Teile	<	derived	0	4	Hülle<-Seed+H4
v10339	Ausstellscheibe	baugruppe	e131090	Auto & Motorrad: Teile	<	derived	0	4	Hülle<-Seed+H4
v10340	Dach Cabrio	baugruppe	e131090	Auto & Motorrad: Teile	<	derived	0	4	Hülle<-Seed+H3
v10341	Dach mit Sonnendachausschnitt	baugruppe	e131090	Auto & Motorrad: Teile	<	derived	0	4	Hülle<-Seed+H3
v10342	Dach Targa	baugruppe	e131090	Auto & Motorrad: Teile	<	derived	0	4	Hülle<-Seed+H3
v10343	Dreieckscheibe	baugruppe	e131090	Auto & Motorrad: Teile	<	derived	0	4	Hülle<-Seed+H4
v10344	Faltdach	baugruppe	e131090	Auto & Motorrad: Teile	<	derived	0	4	Hülle<-Seed+H3
v10345	Frontblech	baugruppe	e131090	Auto & Motorrad: Teile	<	derived	0	4	Hülle<-Seed+H4
v10346	Frontscheibe ohne Bandfilter	baugruppe	e131090	Auto & Motorrad: Teile	<	derived	0	4	Hülle<-Seed+H4
v10347	Heckklappe / Heckdeckel	baugruppe	e131090	Auto & Motorrad: Teile	<	derived	0	4	Hülle<-Seed+H3
v10348	Heckscheibe	baugruppe	e131090	Auto & Motorrad: Teile	<	derived	0	4	Hülle<-Seed+H4
v10349	Hecktür	baugruppe	e131090	Auto & Motorrad: Teile	<	derived	0	4	Hülle<-Seed+H3
v10350_65	Kotflügel mit Blinker mit Antennenloch, hinten links	position	e131090	Auto & Motorrad: Teile	<	derived	0	4	Hülle<-Seed+H5
v10350_66	Kotflügel mit Blinker mit Antennenloch, hinten rechts	position	e131090	Auto & Motorrad: Teile	<	derived	0	4	Hülle<-Seed+H5
v10351	Motorhaube	baugruppe	e131090	Auto & Motorrad: Teile	<	derived	0	4	Hülle<-Seed
v10352	Schiebetür	baugruppe	e131090	Auto & Motorrad: Teile	<	derived	0	4	Hülle<-Seed+H3
v10353	Seitenscheibe	baugruppe	e131090	Auto & Motorrad: Teile	<	derived	0	4	Hülle<-Seed+H4
v10354	Seitenscheibe Schiebetür	baugruppe	e131090	Auto & Motorrad: Teile	<	derived	0	4	Hülle<-Seed+H4
v10355	Tür	baugruppe	e131090	Auto & Motorrad: Teile	<	derived	0	4	Hülle<-Seed+H3
v10356	Türscheibe	baugruppe	e131090	Auto & Motorrad: Teile	<	derived	0	4	Hülle<-Seed+ADJ
v10357	Vorbau ohne Stirnwand	baugruppe	e131090	Auto & Motorrad: Teile	<	derived	0	4	Hülle<-Seed+H4
v10359	Abdeckung Außenspiegel	baugruppe	e131090	Auto & Motorrad: Teile	<	derived	0	4	Hülle<-Seed+H3
v10362	Außenspiegel elektrisch lackiert	baugruppe	e131090	Auto & Motorrad: Teile	<	derived	0	4	Hülle<-Seed+H7
v10363	Außenspiegelgehäuse	baugruppe	e131090	Auto & Motorrad: Teile	<	derived	0	4	Hülle<-Seed+H3
v10364	Außenspiegelglas	baugruppe	e131090	Auto & Motorrad: Teile	<	derived	0	4	Hülle<-Seed+H3
v10365	Blende Kotflügel	baugruppe	e131090	Auto & Motorrad: Teile	<	derived	0	4	Hülle<-Seed+H4
v10366	Blende Kühlergrill	baugruppe	e131090	Auto & Motorrad: Teile	<	derived	0	4	Hülle<-Seed+H4
v10367	Blende Nebelscheinwerfer	baugruppe	e131090	Auto & Motorrad: Teile	<	derived	0	4	Hülle<-Seed+H4
v10368	Blende Scheinwerfer	baugruppe	e131090	Auto & Motorrad: Teile	<	derived	0	4	Hülle<-Seed+H4
v10369	Blende Stoßstange	baugruppe	e131090	Auto & Motorrad: Teile	<	derived	0	4	Hülle<-Seed+H4
v10372	Frontschürze	baugruppe	e131090	Auto & Motorrad: Teile	<	derived	0	4	Hülle<-Seed+H4
v10373	Frontverkleidung	baugruppe	e131090	Auto & Motorrad: Teile	<	derived	0	4	Hülle<-Seed+H4
v10376	Heckblende	baugruppe	e131090	Auto & Motorrad: Teile	<	derived	0	4	Hülle<-Seed+H4
v10377	Heckklappendämpfer	baugruppe	e131090	Auto & Motorrad: Teile	<	derived	0	4	Hülle<-Seed+H3
v10378	Kotflügelverbreiterung	baugruppe	e131090	Auto & Motorrad: Teile	<	derived	0	4	Hülle<-Seed+H4
v10381	Radabdeckung	baugruppe	e131090	Auto & Motorrad: Teile	<	derived	0	4	Hülle<-Seed
v10382	Schürze	baugruppe	e131090	Auto & Motorrad: Teile	<	derived	0	4	Hülle<-Seed+H4
v10387	Sonnendach	baugruppe	e131090	Auto & Motorrad: Teile	<	derived	0	4	Hülle<-Seed+H3|Hülle<-Seed+H7
v10391	Stoßstange Grundausführung für Kunststoff SW/Grau mit Nebelscheinwerfer mit Spoiler	baugruppe	e131090	Auto & Motorrad: Teile	<	derived	0	4	Hülle<-Seed+H3
v10392	Stoßstangenabdeckung	baugruppe	e131090	Auto & Motorrad: Teile	<	derived	0	4	Hülle<-Seed+H3
v10393	Stoßstangenbefestigung	baugruppe	e131090	Auto & Motorrad: Teile	<	derived	0	4	Hülle<-Seed+H3
v10394	Stoßstangenecke	baugruppe	e131090	Auto & Motorrad: Teile	<	derived	0	4	Hülle<-Seed+H3
v10395	Stoßstangenhalter	baugruppe	e131090	Auto & Motorrad: Teile	<	derived	0	4	Hülle<-Seed+H3
v10397	Türgriff	baugruppe	e131090	Auto & Motorrad: Teile	<	derived	0	4	Hülle<-Seed
v10398	Türgummi	baugruppe	e131090	Auto & Motorrad: Teile	<	derived	0	4	Hülle<-Seed+H3
v10399	Türrahmen	baugruppe	e131090	Auto & Motorrad: Teile	<	derived	0	4	Hülle<-Seed+H3
v10400	Verkleidung Innenkotflügel	baugruppe	e131090	Auto & Motorrad: Teile	<	derived	0	4	Hülle<-Seed+H4
v10401	Verkleidung Scheinwerfer	baugruppe	e131090	Auto & Motorrad: Teile	<	derived	0	4	Hülle<-Seed+H4
v10402	Windabweiser Dach	baugruppe	e131090	Auto & Motorrad: Teile	<	derived	0	4	Hülle<-Seed+H3
v10403	Windabweiser Fenster	baugruppe	e131090	Auto & Motorrad: Teile	<	derived	0	4	Hülle<-Seed+H3
v10404	Windlauf	baugruppe	e131090	Auto & Motorrad: Teile	<	derived	0	4	Hülle<-Seed+H3
v10520	Schneeketten	baugruppe	e131090	Auto & Motorrad: Teile	<	derived	0	4	Hülle<-Seed
v10523	Türdichtung	baugruppe	e131090	Auto & Motorrad: Teile	<	derived	0	4	Hülle<-Seed+H3
v10532	Hecktür (1-türig) mit Fensterausschnitt	baugruppe	e131090	Auto & Motorrad: Teile	<	derived	0	4	Hülle<-Seed+H3
v10533	Hecktür (1-türig) geschlossen	baugruppe	e131090	Auto & Motorrad: Teile	<	derived	0	4	Hülle<-Seed+H3
v10534	Hecktür (2-türig) mit Fensterausschnitt	baugruppe	e131090	Auto & Motorrad: Teile	<	derived	0	4	Hülle<-Seed+H3
v10535	Hecktür (2-türig) geschlossen	baugruppe	e131090	Auto & Motorrad: Teile	<	derived	0	4	Hülle<-Seed+H3
v10554	Heckklappe mit Fensterausschnitt	baugruppe	e131090	Auto & Motorrad: Teile	<	derived	0	4	Hülle<-Seed+H3
v10555	Heckklappe geschlossen	baugruppe	e131090	Auto & Motorrad: Teile	<	derived	0	4	Hülle<-Seed+H3
v10556	Schiebetür mit Fensterausschnitt	baugruppe	e131090	Auto & Motorrad: Teile	<	derived	0	4	Hülle<-Seed+H3|Hülle<-Seed+H7
v10557	Schiebetür geschlossen	baugruppe	e131090	Auto & Motorrad: Teile	<	derived	0	4	Hülle<-Seed+H3|Hülle<-Seed+H7
v10564	Frontscheibe mit grünem Bandfilter	baugruppe	e131090	Auto & Motorrad: Teile	<	derived	0	4	Hülle<-Seed+H4
v10565	Frontscheibe mit blauem Bandfilter	baugruppe	e131090	Auto & Motorrad: Teile	<	derived	0	4	Hülle<-Seed+H4
v10566	Frontscheibe mit brozenem Bandfilter	baugruppe	e131090	Auto & Motorrad: Teile	<	derived	0	4	Hülle<-Seed+H4
v10567_65	Kotflügel ohne Blinker mit Antennenloch, hinten links	position	e131090	Auto & Motorrad: Teile	<	derived	0	4	Hülle<-Seed+H5
v10567_66	Kotflügel ohne Blinker mit Antennenloch, hinten rechts	position	e131090	Auto & Motorrad: Teile	<	derived	0	4	Hülle<-Seed+H5
v10568_65	Kotflügel mit Blinker ohne Antennenloch, hinten links	position	e131090	Auto & Motorrad: Teile	<	derived	0	4	Hülle<-Seed+H5
v10568_66	Kotflügel mit Blinker ohne Antennenloch, hinten rechts	position	e131090	Auto & Motorrad: Teile	<	derived	0	4	Hülle<-Seed+H5
v10569_65	Kotflügel ohne Blinker ohne Antennenloch, hinten links	position	e131090	Auto & Motorrad: Teile	<	derived	0	4	Hülle<-Seed+H5
v10569_66	Kotflügel ohne Blinker ohne Antennenloch, hinten rechts	position	e131090	Auto & Motorrad: Teile	<	derived	0	4	Hülle<-Seed+H5
v10570	Stoßstange Grundausführung für Kunststoff SW/grau mit Nebelscheinwerfer ohne Spoiler	baugruppe	e131090	Auto & Motorrad: Teile	<	derived	0	4	Hülle<-Seed+H3
v10571	Stoßstange Grundausführung für Kunststoff SW/grau ohne Nebelscheinwerfer mit Spoiler	baugruppe	e131090	Auto & Motorrad: Teile	<	derived	0	4	Hülle<-Seed+H3
v10572	Stoßstange Grundausführung für Kunststoff SW/grau ohne Nebelscheinwerfer ohne Spoiler	baugruppe	e131090	Auto & Motorrad: Teile	<	derived	0	4	Hülle<-Seed+H3
v10573	Stoßstange teilgrundiert mit Nebelscheinwerfer mit Spoiler	baugruppe	e131090	Auto & Motorrad: Teile	<	derived	0	4	Hülle<-Seed+H3
v10574	Stoßstange teilgrundiert mit Nebelscheinwerfer ohne Spoiler	baugruppe	e131090	Auto & Motorrad: Teile	<	derived	0	4	Hülle<-Seed+H3
v10575	Stoßstange teilgrundiert ohne Nebelscheinwerfer mit Spoiler	baugruppe	e131090	Auto & Motorrad: Teile	<	derived	0	4	Hülle<-Seed+H3
v10576	Stoßstange teilgrundiert ohne Nebelscheinwerfer ohne Spoiler	baugruppe	e131090	Auto & Motorrad: Teile	<	derived	0	4	Hülle<-Seed+H3
v10577	Stoßstange teillackiert mit Nebelscheinwerfer mit Spoiler	baugruppe	e131090	Auto & Motorrad: Teile	<	derived	0	4	Hülle<-Seed+H3
v10578	Stoßstange teillackiert mit Nebelscheinwerfer ohne Spoiler	baugruppe	e131090	Auto & Motorrad: Teile	<	derived	0	4	Hülle<-Seed+H3
v10579	Stoßstange teillackiert ohne Nebelscheinwerfer mit Spoiler	baugruppe	e131090	Auto & Motorrad: Teile	<	derived	0	4	Hülle<-Seed+H3
v10580	Stoßstange teillackiert ohne Nebelscheinwerfer ohne Spoiler	baugruppe	e131090	Auto & Motorrad: Teile	<	derived	0	4	Hülle<-Seed+H3
v10584	Außenspiegel elektrisch teilgrundiert	baugruppe	e131090	Auto & Motorrad: Teile	<	derived	0	4	Hülle<-Seed+H7
v10585	Außenspiegel elektrisch grundiert	baugruppe	e131090	Auto & Motorrad: Teile	<	derived	0	4	Hülle<-Seed+H7
v10586	Außenspiegel elektrisch Standard	baugruppe	e131090	Auto & Motorrad: Teile	<	derived	0	4	Hülle<-Seed+H7
v10602	Außenspiegel mechanisch lackiert	baugruppe	e131090	Auto & Motorrad: Teile	<	derived	0	4	Hülle<-Seed+H7
v10603	Außenspiegel mechanisch teilgrundiert	baugruppe	e131090	Auto & Motorrad: Teile	<	derived	0	4	Hülle<-Seed+H7
v10604	Außenspiegel mechanisch grundiert	baugruppe	e131090	Auto & Motorrad: Teile	<	derived	0	4	Hülle<-Seed+H7
v10605	Außenspiegel mechanisch Standard	baugruppe	e131090	Auto & Motorrad: Teile	<	derived	0	4	Hülle<-Seed+H7
v10609	Außenspiegel	baugruppe	e131090	Auto & Motorrad: Teile	<	derived	0	4	Hülle<-Seed
v10610_65	Kotflügel, hinten links	position	e131090	Auto & Motorrad: Teile	<	derived	0	4	Hülle<-Seed+H5
v10610_66	Kotflügel, hinten rechts	position	e131090	Auto & Motorrad: Teile	<	derived	0	4	Hülle<-Seed+H5
v10611	Stoßstange	baugruppe	e131090	Auto & Motorrad: Teile	<	derived	0	4	Hülle<-Seed+H3
v10644	Deckel Verdeckkasten	baugruppe	e131090	Auto & Motorrad: Teile	<	derived	0	4	Hülle<-Seed+H3
v10666	Verbreiterungssatz Kotflügel	baugruppe	e131090	Auto & Motorrad: Teile	<	derived	0	4	Hülle<-Seed+H4
v10671	Stellelement für Leuchtweiteregulierung	baugruppe	e131090	Auto & Motorrad: Teile	<	derived	0	4	Hülle<-Seed+H3
v10672	Stellelement für Außenspiegel	baugruppe	e131090	Auto & Motorrad: Teile	<	derived	0	4	Hülle<-Seed+H3
v10673	Halter Außenspiegel	baugruppe	e131090	Auto & Motorrad: Teile	<	derived	0	4	Hülle<-Seed+H3
v10674	Scheinwerferleiste	baugruppe	e131090	Auto & Motorrad: Teile	<	derived	0	4	Hülle<-Seed+H3
v10675	Seitenwand	baugruppe	e131090	Auto & Motorrad: Teile	<	derived	0	4	Hülle<-Seed
v10675_1	Seitenwand, links	position	e6030	Autoteile & Zubehör	<	derived	1	3	Hülle<-Seed
v10675_17	Seitenwand, vorne links	position	e6030	Autoteile & Zubehör	<	derived	1	3	Hülle<-Seed
v10675_18	Seitenwand, vorne rechts	position	e6030	Autoteile & Zubehör	<	derived	1	3	Hülle<-Seed
v10675_2	Seitenwand, rechts	position	e6030	Autoteile & Zubehör	<	derived	1	3	Hülle<-Seed
v10675_65	Seitenwand, hinten links	position	e6030	Autoteile & Zubehör	<	derived	1	3	Hülle<-Seed
v10675_66	Seitenwand, hinten rechts	position	e6030	Autoteile & Zubehör	<	derived	1	3	Hülle<-Seed
v10749	Motor Heckklappe	baugruppe	e131090	Auto & Motorrad: Teile	<	derived	0	4	Hülle<-Seed+H3
v10757	Lüftungsgitter für Stoßfänger	baugruppe	e131090	Auto & Motorrad: Teile	<	derived	0	4	Hülle<-Seed
v10776	Gasfeder für Motorhaube	baugruppe	e131090	Auto & Motorrad: Teile	<	derived	0	4	Hülle<-Seed
v10957	Schiebedach Glas	baugruppe	e131090	Auto & Motorrad: Teile	<	derived	0	4	Hülle<-Seed+H3|Hülle<-Seed+H7
v10958	Schiebedach Metall	baugruppe	e131090	Auto & Motorrad: Teile	<	derived	0	4	Hülle<-Seed+H3|Hülle<-Seed+H7
v11065	Heckklappengriff	baugruppe	e131090	Auto & Motorrad: Teile	<	derived	0	4	Hülle<-Seed+H3
v11136	Türgriffbetätigung	baugruppe	e131090	Auto & Motorrad: Teile	<	derived	0	4	Hülle<-Seed+H3
v11137	Türscharnier	baugruppe	e131090	Auto & Motorrad: Teile	<	derived	0	4	Hülle<-Seed+H3
v11215	Teilepaket Front	baugruppe	e131090	Auto & Motorrad: Teile	<	derived	0	4	Hülle<-Seed+H4
v11216	Teilepaket Heck	baugruppe	e131090	Auto & Motorrad: Teile	<	derived	0	4	Hülle<-Seed+H4
v11233	Frontscheibe	baugruppe	e131090	Auto & Motorrad: Teile	<	derived	0	4	Hülle<-Seed+H4
v11260	Getriebe Schiebedach	baugruppe	e131090	Auto & Motorrad: Teile	<	derived	0	4	Hülle<-Seed+H3
v11266	Ladebordwand	baugruppe	e131090	Auto & Motorrad: Teile	<	derived	0	4	Hülle<-Seed
v11288	Karosserieboden	baugruppe	e131090	Auto & Motorrad: Teile	<	derived	0	4	Hülle<-Seed+H4
v11291	Karosserieboden Koffer-/Laderaum	baugruppe	e131090	Auto & Motorrad: Teile	<	derived	0	4	Hülle<-Seed+H4
v11297	Stoßfängerabdeckung für Anhängevorrichtung	baugruppe	e131090	Auto & Motorrad: Teile	<	derived	0	4	Hülle<-Seed+H3
v11299	Dachsäule	baugruppe	e131090	Auto & Motorrad: Teile	<	derived	0	4	Hülle<-Seed+H4
v11316	Außenspiegelblende	baugruppe	e131090	Auto & Motorrad: Teile	<	derived	0	4	Hülle<-Seed+H3
v11329	Stellmotor Tankklappe	baugruppe	e131090	Auto & Motorrad: Teile	<	derived	0	4	Hülle<-Seed+H3
v11334	Radmutternsatz	baugruppe	e131090	Auto & Motorrad: Teile	<	derived	0	4	Hülle<-Seed+H4
v11342	Dichtung für Heckklappe	baugruppe	e131090	Auto & Motorrad: Teile	<	derived	0	4	Hülle<-Seed+H3
v11344	Türblatt	baugruppe	e131090	Auto & Motorrad: Teile	<	derived	0	4	Hülle<-Seed+H3
v11357	Anschlussleitung für Außenspiegel	baugruppe	e131090	Auto & Motorrad: Teile	<	derived	0	4	Hülle<-Seed+H3
v11410	Dichtung für Schiebedach	baugruppe	e131090	Auto & Motorrad: Teile	<	derived	0	4	Hülle<-Seed+H3
v11521	Koffer-/Laderaumwanne	baugruppe	e131090	Auto & Motorrad: Teile	<	derived	0	4	Hülle<-Seed+H4
v11632	Rollenführung für Schiebetür	baugruppe	e131090	Auto & Motorrad: Teile	<	derived	0	4	Hülle<-Seed+H3
v11682	Spritzwand	baugruppe	e131090	Auto & Motorrad: Teile	<	derived	0	4	Hülle<-Seed+H4
v11697	Stoßstangenabdeckung für Anhängevorrichtung	baugruppe	e131090	Auto & Motorrad: Teile	<	derived	0	4	Hülle<-Seed+H3
v11698	Stoßstangenhalter für Anhängevorrichtung	baugruppe	e131090	Auto & Motorrad: Teile	<	derived	0	4	Hülle<-Seed+H3
v11710	Türgriffrahmen	baugruppe	e131090	Auto & Motorrad: Teile	<	derived	0	4	Hülle<-Seed+H3
v11755	Pritschenaufbau komplett	baugruppe	e131090	Auto & Motorrad: Teile	<	derived	0	4	Hülle<-Seed
v11761	Schloss Hecktür	baugruppe	e131090	Auto & Motorrad: Teile	<	derived	0	4	Hülle<-Seed+H3
v11766	Scharniersäule	baugruppe	e131090	Auto & Motorrad: Teile	<	derived	0	4	Hülle<-Seed+H4
v11780	Motor Schiebetür	baugruppe	e131090	Auto & Motorrad: Teile	<	derived	0	4	Hülle<-Seed+H3
v11809	Heckleiter	baugruppe	e131090	Auto & Motorrad: Teile	<	derived	0	4	Hülle<-Seed+H4
v11813	Konsole Seilwinde	baugruppe	e131090	Auto & Motorrad: Teile	<	derived	0	4	Hülle<-Seed+H4
v11817	Lufthutze Deckel	baugruppe	e131090	Auto & Motorrad: Teile	<	derived	0	4	Hülle<-Seed+H4
v11823	Schließzylinder Alarmanlage	baugruppe	e131090	Auto & Motorrad: Teile	<	derived	0	4	Hülle<-Seed+H3|Hülle<-Seed+H7
v11834	Türschlüssel	baugruppe	e131090	Auto & Motorrad: Teile	<	derived	0	4	Hülle<-Seed+H3
v11848	Trennwand	baugruppe	e131090	Auto & Motorrad: Teile	<	derived	0	4	Hülle<-Seed
v11877	Elektrisches Heckklappenset	baugruppe	e131090	Auto & Motorrad: Teile	<	derived	0	4	Hülle<-Seed
v11878	Radarsensor	baugruppe	e131090	Auto & Motorrad: Teile	<	derived	0	4	Hülle<-Seed+ADJ
v11880	Panoramadach	baugruppe	e131090	Auto & Motorrad: Teile	<	derived	0	4	Hülle<-Seed+H3
v11891	Aktuator Motorhaube	baugruppe	e131090	Auto & Motorrad: Teile	<	derived	0	4	Hülle<-Seed+H4
v11895	Tür-Zuzieh-Hilfe	baugruppe	e131090	Auto & Motorrad: Teile	<	derived	0	4	Hülle<-Seed+H4
v11897	Heckklappenscharnier	baugruppe	e131090	Auto & Motorrad: Teile	<	derived	0	4	Hülle<-Seed+H3
v11944	Hardtop Ladefläche	baugruppe	e131090	Auto & Motorrad: Teile	<	derived	0	4	Hülle<-Seed
v11945	Doppelrohrbügel	baugruppe	e131090	Auto & Motorrad: Teile	<	derived	0	4	Hülle<-Seed+H4
v11947	Schwellerrohre	baugruppe	e131090	Auto & Motorrad: Teile	<	derived	0	4	Hülle<-Seed+H4
v11958	Teilepaket Karosserie	baugruppe	e131090	Auto & Motorrad: Teile	<	derived	0	4	Hülle<-Seed+H4
v12065	Verdeckbezug	baugruppe	e131090	Auto & Motorrad: Teile	<	derived	0	4	Hülle<-Seed+H3
v12066	Verdeckschloss	baugruppe	e131090	Auto & Motorrad: Teile	<	derived	0	4	Hülle<-Seed+H3
v10675_1	Seitenwand, links	position	e131090	Auto & Motorrad: Teile	<	derived	1	4	Hülle<-Seed
v10675_17	Seitenwand, vorne links	position	e131090	Auto & Motorrad: Teile	<	derived	1	4	Hülle<-Seed
v10675_18	Seitenwand, vorne rechts	position	e131090	Auto & Motorrad: Teile	<	derived	1	4	Hülle<-Seed
v10675_2	Seitenwand, rechts	position	e131090	Auto & Motorrad: Teile	<	derived	1	4	Hülle<-Seed
v10675_65	Seitenwand, hinten links	position	e131090	Auto & Motorrad: Teile	<	derived	1	4	Hülle<-Seed
v10675_66	Seitenwand, hinten rechts	position	e131090	Auto & Motorrad: Teile	<	derived	1	4	Hülle<-Seed
